Word,TF-IDF Score
это,0.019209930449733497
сказал,0.01891483823081252
спросил,0.014598415985153806
ильич,0.006276104357942881
спросила,0.005708183340357708
сказала,0.005390673759985005
ах,0.005311056109967769
тебе,0.0052869690087817955
отчего,0.004154034041149499
боже,0.003985287032077372
жизнь,0.0039025786459170302
отвечал,0.0035910090195243635
думал,0.0034477922898223058
такое,0.0032509665871339865
жизни,0.0031124297547565406
глаза,0.003111898637048957
делать,0.0031053441223068915
знаю,0.0030012850035265205
дело,0.0029554288354593167
сказать,0.0028782379270425604
прибавил,0.002853109166500821
дома,0.0026622760374858815
день,0.002657438876669023
письмо,0.002651931793786639
человек,0.00264024411518944
завтра,0.002585662640260979
глядя,0.002458334032923131
сегодня,0.0023715009711728478
давно,0.0023677550543432287
тобой,0.0023581995484445685
бог,0.0023309683824278174
заметил,0.0023297995318570766
продолжал,0.0022518121850614403
повторил,0.002210748319456434
молчал,0.0022100132227800087
тихо,0.002198923497192419
говорила,0.002194788072425863
голову,0.0021741824393823853
нужно,0.0021626967494925093
знает,0.0021211244434466868
перебил,0.002117512394084493
руку,0.0020628053933518056
жить,0.0020318862099409207
кажется,0.0020289464218063305
лицо,0.0020065011927227557
сколько,0.00200616501899671
оно,0.0019692691682251864
руки,0.0018990581510604412
очень,0.0018848199835187123
начал,0.0018825530498445598
знаешь,0.0018680598410037066
барин,0.0018616542247472737
какие,0.0018461053748811823
возразил,0.0018403683487176181
хотел,0.0018259217319680889
иван,0.0018060283028733168
правда,0.0018005366350640132
поди,0.0017774905363518694
хозяйка,0.001725652726268872
подумал,0.0017240263392130242
сердце,0.0016935993877209626
денег,0.0016825549666110592
отвечала,0.0016795113600281061
вздохнул,0.001669331809896637
деле,0.0016568767148335784
самом,0.001654379159257896
прибавила,0.0016431839072461212
долго,0.0016389839910333679
любовь,0.001638729795255694
взгляд,0.001616572209675389
головой,0.0016110382607398047
говорит,0.0016076146632548504
пошел,0.0015987747392732328
стал,0.0015799923100671294
скажет,0.001565477377797751
нему,0.0015618074594495736
слова,0.001560183527224078
скажу,0.0015498409411658363
стало,0.0015497408347505115
дай,0.0015479288695097026
могу,0.0015470986933639372
нем,0.0015356913553788332
видишь,0.0015321689707669013
две,0.0015279166521914977
любви,0.0015184105554170374
матвеевич,0.0015065034914534302
дом,0.0015060802365960725
одна,0.0015048756703234887
господи,0.0014928231043775907
сама,0.0014905663976625965
друг,0.0014524094707455903
лет,0.0014483197361804757
вами,0.0014473868354675712
говорить,0.0014433524236424557
своей,0.0014296465971347884
произнес,0.0014284652423630685
глазами,0.0014278626475932497
взял,0.0014250405905118701
мысль,0.0014246122393805347
сюда,0.001411385513291474
немного,0.0014046597121823027
точно,0.0013916458241976784
дверь,0.0013786513552506144
деньги,0.0013751694497873164
мало,0.001352392506088385
знать,0.001345281730927789
люблю,0.0013442546808234478
нам,0.0013433950059246822
говорят,0.001342372530442568
собой,0.0013413464384607254
право,0.0013386874559479039
пусть,0.0013359536174772713
рублей,0.0013191727185518647
кого,0.001315917073461968
свое,0.0013144703655486591
барина,0.0013121643338942265
деревню,0.0013081350021248044
год,0.0012949242436283471
лице,0.0012926539898601278
заключил,0.0012883935046598771
туда,0.0012858858204325987
той,0.0012711567022595837
откуда,0.0012651503454657687
дела,0.001264514940411313
ехать,0.0012628998748003555
прежде,0.0012500705077097178
какое,0.0012400558315005885
любит,0.001238851158367402
значит,0.0012286878083291569
мной,0.0012262325674118086
обедать,0.0012228636037110694
квартиру,0.0012207761267162961
весь,0.0012051306624256527
сергеевна,0.0012016147397638695
который,0.0011976510830010417
мог,0.0011951286432538661
скорей,0.0011917571733105294
другие,0.0011853385905454855
свой,0.0011846658303862122
время,0.0011790445805650426
сделал,0.0011782346759304759
глаз,0.0011765213357551089
агафья,0.0011756319909552058
скучно,0.0011752946929762097
слезы,0.0011690658098779544
отец,0.0011671807252508592
задумался,0.0011665353855333895
доме,0.001165576131757214
тетка,0.0011514182888242254
скажи,0.0011484312151444627
своего,0.0011443715813408163
счастье,0.0011426103635210033
видел,0.0011325835529035367
пойдем,0.0011323988918028752
голос,0.0011277768865177794
читал,0.0011262678208362087
другого,0.0011241921180145534
задумчиво,0.0011144413965169023
ужасом,0.0011082706847940062
этим,0.0011037445512871598
домой,0.0011008370275868537
должен,0.001095367978699092
ума,0.001094754277931822
рукой,0.0010934742800617794
твердил,0.001092270405936423
пришел,0.001087401486993296
сердца,0.0010873200569349632
смотри,0.0010836619877966456
сторону,0.0010742762508818902
заговорил,0.0010742546832784013
несколько,0.00107058441326901
минуту,0.0010702692184140735
эта,0.00107020464219936
думала,0.0010684656798166912
сделать,0.0010633880505625868
знал,0.0010623979288095094
писать,0.0010620422163314268
ушел,0.0010614132133289897
хочешь,0.0010526972486004636
нечего,0.0010525209746469857
смотрел,0.0010439266146092664
молчала,0.0010431712108174556
пожалуй,0.0010386599349835554
вчера,0.001038181335945526
никто,0.0010376190012450453
должно,0.0010364318545631247
выдумал,0.0010353380016736543
такая,0.0010280076901217656
вперед,0.0010278343551616055
видно,0.0010240744188899978
полно,0.0010229501854747724
ноги,0.0010204514554332544
спрашивал,0.0010182976909336005
досадой,0.0010130022522405846
едва,0.0010112492130756809
идти,0.0010103216668370934
закричал,0.001007557335536659
друга,0.0010055976200884383
брат,0.0010051797294135774
изумлением,0.0009985595008326089
одной,0.00098499114010002
другое,0.000984008966672725
пор,0.0009835618221925506
глазах,0.0009831860331768294
вслух,0.000979704550552752
иванович,0.0009758202973817764
место,0.0009705027271938998
отозвался,0.0009675735269144012
вместе,0.0009641976551868408
иначе,0.000962096572180213
оттого,0.0009620661456109403
бывает,0.0009606187524031305
покойно,0.0009587754871483768
просто,0.0009578008683345263
обеда,0.0009559309957474344
видал,0.0009534617319344882
выпьем,0.0009483574615225334
молча,0.0009458577550677536
двери,0.000943918137929944
пять,0.0009414293921757011
всем,0.0009402200500404155
голосом,0.0009357266178186914
письма,0.0009324108119039837
вздохом,0.000931818061068179
вопрос,0.000931361177829278
забыл,0.0009287134278822761
однажды,0.0009269488965237143
взглядом,0.0009264908564627955
хочу,0.0009258980116829949
женщина,0.0009256620868396899
буду,0.0009237498515525387
пока,0.0009224922817008355
весело,0.0009220924275895184
комнату,0.0009194584098065317
те,0.0009187519138478816
нетерпением,0.0009180866394078123
ко,0.000914066846002559
мысли,0.000912543830760908
сел,0.000910436694277917
дал,0.0009092981465951128
батюшка,0.0009076790380746498
нетерпеливо,0.0009064340712307748
вся,0.0009048343344784285
границу,0.0009021055565359215
прощайте,0.0009013813167308206
усмехнулась,0.0008984574126925861
всякий,0.0008973944841475661
одно,0.0008953754506443287
другую,0.0008947227016344603
легко,0.0008933694937190148
стоит,0.0008933610562201071
недели,0.0008917465379780542
десять,0.0008909815360953837
первый,0.0008866149855363153
остановился,0.0008862237671313227
больно,0.0008855304618525189
бога,0.0008816359658485435
глядел,0.0008813147787419656
мать,0.0008796686265523946
спрашивала,0.0008788387951612739
повторила,0.0008707346560441673
ответа,0.0008695048343692365
платье,0.0008681382983030463
других,0.000863312785615824
прямо,0.0008605956682458817
знаете,0.0008600095150261536
стол,0.0008547375397247026
ними,0.0008545101981679471
делает,0.0008545044496159212
скоро,0.0008528529526917567
каждый,0.0008521979261293916
счастья,0.0008504551657318083
уехал,0.0008492437516972695
строго,0.0008482121958968829
иваныч,0.0008481135565033065
шел,0.0008480522434533625
комнате,0.0008478595987861864
слава,0.0008463148660778325
город,0.0008435600260897112
свои,0.0008434714047110757
такие,0.0008429065342858888
думать,0.0008414187995715708
книги,0.0008410352160072184
придет,0.0008395728670912581
стороны,0.0008377923976593795
ребенок,0.0008372359425873547
ma,0.0008366806816691275
братец,0.0008365801345435214
забыла,0.0008356417472944651
долг,0.0008347793688675081
дворник,0.0008346642750871349
взглянул,0.0008332250486835428
хочется,0.0008316499180342263
души,0.0008309381438374173
делается,0.0008298978525434572
никак,0.0008253934324130304
медленно,0.0008245103646757525
человека,0.0008239648102725108
хотя,0.0008200875032101839
пишет,0.0008197186588527177
лица,0.0008194115660237719
дня,0.0008193506022166611
богу,0.000814217574976515
свадьба,0.0008134788018972055
пора,0.0008126074378151998
живо,0.0008111850098466448
пошла,0.0008075698585994338
смотрит,0.0008068259934653096
знала,0.0008053955974083228
ильича,0.000805323277243872
сами,0.0008018784926862126
чай,0.0008007224869587564
хотите,0.0007968437685928648
эй,0.0007949598777964557
бывало,0.0007942473968099905
быстро,0.0007942452805295368
делал,0.0007919958557480342
кофе,0.0007879650519999394
люди,0.0007879204173873221
решительно,0.0007819458162708801
ради,0.000778767480922762
деревне,0.0007777258493311706
раза,0.0007773837379790539
рано,0.0007752993704189789
дни,0.0007741540640798201
руками,0.00077281036102137
постели,0.0007679318412879587
указывая,0.0007670472191189855
удивлением,0.0007647735910309125
хотелось,0.0007645832885601563
слово,0.0007644973535905089
часа,0.0007641803059592669
шепотом,0.0007633475738846759
целый,0.0007585769059456911
сначала,0.0007574955412033143
этому,0.0007574097196188077
барину,0.0007565879332480067
пойду,0.0007561414577253939
слушал,0.0007561156938298796
ядовитый,0.0007561070462706738
оба,0.0007553892560143157
молчание,0.0007519722739346519
назад,0.0007498052419862618
читать,0.0007480911393029129
хуже,0.000746466321193907
андреич,0.0007464499780394148
утром,0.0007424038643978617
мое,0.0007415602706859185
заметила,0.0007398625997142117
идет,0.0007391023878772057
велел,0.0007364408491357453
страшно,0.0007354101179952092
говорите,0.0007319680753509698
ушла,0.000731747863416777
никакого,0.000731373115290502
пристально,0.0007300349789241252
хочет,0.0007247122094984664
вокруг,0.0007242045289238863
сирени,0.0007230307172662475
смотреть,0.0007227056481402326
тех,0.0007219998126763292
улыбкой,0.0007216509530535397
стану,0.0007214241070799168
гости,0.0007202804373811765
план,0.0007197932206938733
tante,0.0007157689051310856
деревни,0.0007147341060282219
голова,0.0007140244233125478
силы,0.0007135618376773928
свете,0.0007126259358145895
ночь,0.0007110588769669863
слышно,0.0007109647976465448
прошептал,0.0007089154718556387
далеко,0.000704610941593303
робко,0.0007041073508431651
ту,0.000703656272386058
четыре,0.0007035179458899079
видеть,0.0007030755343296724
шляпу,0.0007030376873042075
кричал,0.0006991369255524407
упреком,0.0006984249600470304
торопливо,0.0006952287688434447
здоровье,0.0006941878260932428
думаю,0.0006931748471826162
говорю,0.0006929196379042572
хозяйки,0.0006906025451608325
счастлив,0.0006905713816851194
думаешь,0.0006903520421977003
слышишь,0.0006903146163339743
боюсь,0.0006902167218186196
поедем,0.0006896191782127627
пожалуйста,0.0006882728047743984
двадцать,0.0006860612473064376
станет,0.0006838585666365955
комнаты,0.000683608137833336
времени,0.0006828096797112337
стали,0.0006826313710477304
взять,0.0006818636404818669
любить,0.0006814988667638346
прощай,0.0006799327008205227
подумать,0.0006788422094123124
поглядел,0.0006774332640292202
писал,0.0006770686608070303
которые,0.0006758011454759362
грозно,0.000674398116606218
около,0.0006743404637312858
жена,0.0006741403765565067
женщины,0.0006739312518215981
книгу,0.0006733875594089238
тяжело,0.0006731036973963836
плохо,0.0006686093146746245
видите,0.0006675750985755851
непременно,0.0006650205645896407
места,0.0006636744631769789
радости,0.0006620555007925724
хотела,0.0006617344036266
одного,0.000660210198655631
обломовке,0.0006588063132323965
чему,0.000655458523151529
говоришь,0.0006542872807929571
одну,0.0006534793289868231
сказали,0.000652238524689331
самого,0.0006505004274826883
таким,0.0006502063341252778
квартира,0.000649855328287727
небрежно,0.0006489030200504186
вечером,0.0006487787815521317
напрасно,0.0006486830318828286
барышня,0.0006473292150696807
года,0.000646339046037433
стороне,0.0006456074884329954
нашел,0.0006451149650250656
которой,0.0006449460445563674
дети,0.0006438302307874564
говорили,0.000643364416694785
помню,0.0006425687462214822
неловко,0.00064176806722697
которая,0.0006414854802385232
подле,0.0006402188457827304
ответ,0.0006387692908522178
нынче,0.0006382071199435354
месте,0.0006381219267024193
свет,0.0006372497373792975
лежит,0.0006365886065834269
везде,0.0006361546051212566
которого,0.0006349350693825383
жил,0.000632778322926522
язык,0.0006316735361232293
какую,0.0006312832440510338
смотрела,0.000631112703822439
голове,0.0006283913694195328
доктор,0.0006254918023197721
душе,0.0006243782477238541
сделает,0.0006241464595678462
минуты,0.0006240975315153556
нос,0.000623702125507678
дурак,0.0006227340572360255
обе,0.000622605083531462
часто,0.0006208945265129365
этих,0.0006205557579679689
неделе,0.0006198154757381048
странно,0.00061963069033574
ждал,0.0006186694572204286
случилось,0.00061794643211973
продолжала,0.0006175712447010511
плакать,0.0006161695924137703
стыдно,0.00061567055394509
зато,0.0006153078540202682
тысяч,0.0006141277939756884
обед,0.0006139128341285407
никому,0.0006136316832687381
слезами,0.0006126986360584157
виноват,0.0006105667120425966
спросить,0.0006092462297173448
кроме,0.0006089270065896053
ходит,0.0006087039568565252
головы,0.0006083531854864493
посмотреть,0.000607959054304406
хорош,0.0006071655091130453
своим,0.0006070459298595605
будешь,0.0006069599112722998
часов,0.0006069122358671992
образ,0.0006064682166319408
сидит,0.000606390931486945
коли,0.0006039138157397459
ясно,0.000601529346604045
среди,0.0006008504567882811
раздумье,0.0006002085056987945
ваш,0.0005999867754520244
квартиры,0.0005987154430266984
ошибка,0.0005986569313883774
которую,0.0005983897758038567
своему,0.0005982997484600168
могла,0.0005971616325473139
утро,0.0005970894149498127
счастлива,0.0005962738045232399
детей,0.0005953117537410618
слышите,0.0005951728340506774
стала,0.0005937792344387215
взяв,0.0005937416423098161
лишь,0.0005911131268723617
неправда,0.0005910297320624665
немец,0.0005907915267480835
почему,0.0005898458115694364
бумаги,0.0005896202521633741
сквозь,0.0005893099584769971
умею,0.0005885019409458955
ходить,0.0005881374396459161
спину,0.0005869806413505639
стараясь,0.0005851517807906367
двух,0.0005848305108446806
сидел,0.0005841519985250165
слышал,0.0005832371972430944
ночью,0.0005826561061324422
равно,0.0005818782052845706
вопросительно,0.0005817493546476613
мимо,0.0005812039472809143
матери,0.0005792817516305035
встал,0.0005782188955230647
начала,0.0005774223691905237
диван,0.0005771048972924276
законное,0.0005767156322744307
передней,0.0005760608416781977
утра,0.000574149378440098
отца,0.0005735717362204993
ум,0.0005720604335844483
своем,0.0005719381727375819
неделю,0.0005707644910585389
воскресенье,0.0005705263959568707
вырвалось,0.0005690547035819412
своих,0.0005664934572341084
такого,0.0005656540828009268
поздно,0.000565470551192051
здоров,0.0005645764495996163
грудь,0.0005641229330786013
решил,0.0005630656195289917
помнишь,0.000562662078612496
довольно,0.0005622889690976081
черт,0.0005593174612500714
пальцем,0.0005586916825658881
живет,0.0005583562924249628
живут,0.00055664165114577
век,0.0005565296140442134
слов,0.0005548483579678479
братца,0.0005538874148049437
душу,0.0005533115430468806
ком,0.0005526903512633158
разговор,0.0005526837212188891
спать,0.0005523530718210104
беда,0.0005519015704037015
особенно,0.0005501159176978385
надолго,0.0005495319229329257
послушай,0.0005478742767103113
которое,0.0005458463984263224
цель,0.0005448293201612342
гулять,0.0005447119706935541
ногу,0.000543935262567324
халат,0.0005431035945752427
мере,0.0005416473868531654
делаю,0.0005404353347748829
казалось,0.0005401670743088255
например,0.000539682878678183
сын,0.0005394454462993478
добрый,0.0005388242410142226
конца,0.0005382192014523098
горе,0.0005377605790320883
никого,0.0005361626827369822
чорт,0.0005356276030418392
захрипел,0.0005350790293650564
выйдет,0.0005346984227847996
прошло,0.0005338484244343699
спросит,0.000533664763674917
вошел,0.0005334629828695068
квартире,0.0005320150081833718
возразила,0.0005317676898537627
перебила,0.0005307669547545664
самому,0.0005303826643287279
кухню,0.0005298287622133498
проворно,0.0005291630072200361
положил,0.0005281218912177778
шаг,0.0005280426320288666
воли,0.0005269435092515169
тетке,0.000526830127270381
глядела,0.0005267186657381461
послезавтра,0.0005251674136711263
минут,0.0005240937753227742
делают,0.0005234462751685738
засмеялся,0.0005226327858411943
видит,0.0005224274404808652
рук,0.0005193729423583642
понимаю,0.0005189521299727915
лениво,0.0005175844003564556
стола,0.0005155619696986969
забыть,0.0005150703207100048
пыль,0.0005144340083192442
готов,0.0005119407250764436
равнодушно,0.0005080602593327793
мужики,0.0005076910065339345
кухне,0.0005074347281406083
ногой,0.0005071525960014033
вижу,0.0005067020638713647
саду,0.00050359757037104
глубоко,0.0005034202927154124
слез,0.000502771173629334
другом,0.0005019317247055175
час,0.0005015426955162665
вместо,0.0005015197634820419
груди,0.0005011007640826778
дать,0.0004997408220819625
вспомнил,0.0004995447634639977
ужас,0.0004979476942014648
вдвоем,0.0004976311756578431
написать,0.0004975102060941423
нравится,0.0004972398275516953
третий,0.0004969670320652616
стороной,0.000496737000106123
дам,0.0004966424727089168
скорее,0.0004962390348420678
тетки,0.0004954226265215374
знают,0.0004948392130838205
лошадь,0.0004946737272718203
хозяйство,0.0004938140968091096
чувство,0.0004935424975317761
сил,0.000491962181817269
самолюбие,0.0004918449350043598
готово,0.0004918222489766065
любите,0.0004914859284594195
посмотрел,0.000491365603147414
против,0.0004911069827616611
крайней,0.0004902910347992645
ворчал,0.0004890942024829774
уме,0.0004879107021377417
лень,0.00048766189588968
крепко,0.00048618845723649457
дальше,0.0004858451070325189
столе,0.00048398025261192976
шептал,0.00048391664444114886
приехал,0.00048390443620562106
будут,0.00048331070208468724
верно,0.00048252537195742117
мол,0.0004824094686378688
любила,0.00048165898127264223
жаль,0.0004815469456622559
спрашивает,0.00048141859672140125
ласково,0.0004811264600957846
чувством,0.0004801191264274308
разные,0.00047995142573670793
кем,0.00047911928946102754
другая,0.0004773306776696839
имение,0.0004773063951248123
выборгскую,0.0004771306599451667
читаете,0.00047662547221376825
вслед,0.0004761770240365858
месяца,0.00047531922584036684
сильно,0.0004750119834068553
сухо,0.00047461473496707385
поеду,0.0004739985280229036
ходил,0.0004736803120058422
подошел,0.00047360856631422385
хотели,0.0004724617762562833
угол,0.00047171543118834126
посмотри,0.0004707197086585616
взглянуть,0.0004706855844123322
твой,0.00047034593606268965
скука,0.0004697857878934042
тишина,0.0004696760623563738
получил,0.0004684930595019024
руках,0.0004683803623386685
старосты,0.00046738224590683414
столько,0.0004672987797826619
просил,0.0004669959637023227
спит,0.0004663109964414403
людей,0.0004662727880137932
скажите,0.0004650292010878753
вовсе,0.00046490143374621385
покачал,0.0004646417109948205
дворе,0.00046402972797512
господа,0.00046353094184867737
сих,0.00046299811709377
любопытством,0.0004623396948501461
сапоги,0.00046194303359062207
принес,0.0004616505621620255
платок,0.0004616062979640967
кому,0.000460740003492789
должны,0.0004604684967145513
холодно,0.00045996511523402323
которых,0.0004594645705127819
отсюда,0.00045669577201138935
хорошенько,0.000456122541166283
грусть,0.0004550279161657181
собаки,0.0004549708148534071
родственник,0.00045483826106723017
тихонько,0.0004546905468844827
окна,0.00045453736355077133
такую,0.0004526221131845833
трудно,0.0004524302814277269
диковина,0.00045151109381792715
видеться,0.0004508545160900239
тише,0.0004507339958510032
хлеба,0.0004507026269902044
слегка,0.0004506729437205722
пятьдесят,0.0004505836076018972
всему,0.00044998593436198207
успел,0.0004493792474797426
пожалуйте,0.00044918842548024977
словно,0.00044902365415372246
почем,0.00044862996387500415
страсти,0.0004478101412870525
вопросы,0.00044762604803667486
чаще,0.00044662956130813786
крикнул,0.0004465977193424852
теткой,0.00044645026751137637
дел,0.0004456757966251751
навсегда,0.00044421217519014297
будете,0.0004437023948115525
задумалась,0.0004435072949832163
новую,0.00044290462113937977
начать,0.00044240104433983295
большим,0.0004414864713417325
лицом,0.0004413149934849015
триста,0.0004408343143297126
послать,0.00044049662027119586
смех,0.0004404613565030311
та,0.0004400331394905007
воротился,0.0004382957890394488
слышу,0.00043819900271138224
взглянув,0.0004370441570740224
наделал,0.00043633913546437306
идеал,0.0004360673360762725
упрекнул,0.0004360001304150487
настойчиво,0.0004359495469264288
видела,0.0004356220887048773
пришла,0.00043561299382491835
знали,0.00043440699349513113
ног,0.0004343398205583837
никуда,0.0004342231457751932
слушать,0.0004340187851850434
прошел,0.0004340011764552436
отвык,0.00043378501935735
печально,0.0004335507672373514
подал,0.00043311866614158186
серьезно,0.00043199762193320783
каков,0.0004303090700241339
вздохнув,0.0004302272702185456
тотчас,0.0004302237512153021
вставайте,0.00042718851004113373
чаю,0.0004264537288923902
слушаю,0.0004258601386542201
жизнью,0.00042527031454932626
здравствуйте,0.0004251839543584657
чувствую,0.00042475872516203027
старик,0.00042309527978478124
лето,0.00042293787784203704
ворот,0.00042256623849402724
врешь,0.0004213386910753267
права,0.00042121580261098805
ждет,0.0004211766429417805
перееду,0.0004203904114505583
парк,0.00041947915890774406
переехать,0.00041928608900345873
сне,0.00041921732943564635
переезжать,0.00041907950775242994
движения,0.0004189775421560669
шли,0.000418280761776038
скажешь,0.00041820414485909356
любишь,0.0004176406835757312
кресло,0.00041698512428693023
вечера,0.00041696577403311206
локти,0.00041695092778199676
лицу,0.00041686028638510006
рассеянно,0.00041673692364924776
трофимыч,0.00041468096719413344
душа,0.00041406051390792056
стоял,0.00041328214225257274
сидеть,0.0004129227630287345
давай,0.0004126468130785366
остался,0.00041254653729516454
уйти,0.0004118604662964066
стыд,0.0004114013955061173
сад,0.00041089698829175817
пошли,0.00041045256833980426
тридцать,0.00041034679865907547
машинально,0.0004102529503854123
уныло,0.00041011172848567993
каких,0.0004099539384926403
чувствовал,0.00040975705842866627
рад,0.00040935947747225177
таких,0.0004091007824241496
счеты,0.00040857168679856685
обо,0.00040847608813135346
мужа,0.0004083397716712184
возьму,0.00040796677216558045
чисто,0.0004076745575207056
имя,0.00040757757748462555
слышит,0.0004073115014445599
чувства,0.00040692551816534764
даст,0.0004067539564889992
смерть,0.0004066155641974879
взгляда,0.00040587623400703733
другим,0.00040587199801984106
тысячи,0.0004052487248394591
ушли,0.0004048272455110877
мгновенно,0.00040407572000054063
близко,0.00040401633566228425
богом,0.00040364373740756185
несчастный,0.00040277028298249415
новый,0.0004026692699863119
рука,0.00040224862669631167
смотрите,0.0004022127405891406
засмеялась,0.00040193940250939666
проговорил,0.0004017030526221726
ваше,0.0004002795199332635
ждала,0.0004001182384962649
указал,0.000399293203360423
пирог,0.0003983129582905145
одеваться,0.00039740703617514546
плечо,0.0003972896144152377
учился,0.0003967283849108901
повелительно,0.0003966372745562076
месяц,0.00039603736241302116
диване,0.00039560603178248247
шла,0.0003952459242334091
забота,0.0003949580387626784
чрез,0.00039494533074465666
женится,0.00039460695277809143
одном,0.0003940783101086689
новые,0.00039327926919220776
водки,0.0003931125740286583
договорил,0.00039230209934310007
вниз,0.0003921498210782727
остаться,0.0003919876666534813
двора,0.00039156719510954674
никакой,0.00039150562917803335
обеду,0.0003913391746263404
двести,0.00039118414515492057
собака,0.0003905281831244892
хлопот,0.00038961461979670386
пол,0.00038927470140028686
колени,0.000389265733653006
этакой,0.0003890787448544668
братцем,0.00038886220468003824
никаких,0.0003886075059507854
пойдет,0.00038856370207031695
слишком,0.0003878129408687592
полу,0.0003877787976889561
сидела,0.0003876643345908698
рубашки,0.0003859161450566693
некогда,0.0003857456998802099
нежели,0.0003850928741228738
петь,0.00038352330806781993
славная,0.00038329922262597183
задумчивость,0.00038323329679077373
самой,0.00038236385810137374
боялся,0.0003816534457061185
думает,0.00038112126031790796
беспокойством,0.0003809674792141069
трудом,0.0003798245886888755
слыхал,0.0003794183508168744
пахнет,0.0003791258966868174
ильичу,0.0003786944547632195
пришло,0.0003785200359799158
приду,0.00037827884035205727
контракт,0.0003781108078716134
магазин,0.0003778901971548121
временам,0.0003772574179649038
прочесть,0.00037697619190600287
посмотрите,0.0003768056275080066
хозяйке,0.0003762469024994718
нарочно,0.0003760591745106147
написал,0.00037594489410082947
выше,0.00037589250782044993
поглядела,0.0003758443631271498
подь,0.0003754818122621999
работы,0.0003751063444969545
ветка,0.00037484027928244915
плачет,0.0003744222041923307
огонь,0.00037395131317380923
летом,0.0003730213928540559
велели,0.0003729018148184657
бездна,0.00037233046322842847
пошло,0.0003721776925802205
одни,0.0003721641138940659
отдал,0.0003718231486038344
хлеб,0.0003714857849228369
воды,0.00037094731636522807
моей,0.00037061998573250174
вообще,0.00037061714506198164
брови,0.00037018748098150437
свободно,0.0003699280546823009
окно,0.0003696721307318258
дайте,0.0003696033328434533
любил,0.00036941268765762047
заниматься,0.00036926454638306553
видели,0.0003690061071356859
поедет,0.00036880990810443616
твои,0.0003685613774265686
остановил,0.000368508476242498
искал,0.00036801361009841535
уйдет,0.00036794647336152865
даром,0.00036728635199629835
заботы,0.00036726639958764936
двенадцать,0.0003671481412908758
простите,0.0003670519561785055
ребенка,0.00036702686604170705
мысленно,0.00036685828672405337
пору,0.00036665310776746345
губы,0.0003662789618459506
труд,0.0003662451691054166
искать,0.0003660156937096514
семь,0.00036580585915070183
любят,0.0003658049471573702
останется,0.0003653275230162513
дурно,0.0003652913483445931
улыбнулась,0.0003641229097924336
остановилась,0.0003640666728956333
аллее,0.000363522128126907
делалось,0.0003634680613501919
читали,0.00036301629822059196
однако,0.0003626526651027157
бумагу,0.0003621132215163023
ваша,0.0003616745461850837
чулки,0.0003609819529871119
углу,0.00036060259753389846
старый,0.0003599970099930332
ворота,0.00035994357150056133
мрачно,0.00035971516866036793
делах,0.0003596732614055294
делаешь,0.0003587982763435134
волнения,0.0003583214498185425
вышел,0.00035815674274056083
всякого,0.0003581472832084297
мягко,0.0003581454740512922
кругом,0.00035788923345022884
притом,0.0003576567544053414
улице,0.0003573114026987005
гость,0.0003572530457762946
следует,0.0003567153553774541
заботливо,0.00035659022714295554
помолчав,0.00035632368258801207
памяти,0.00035609884216416436
села,0.00035586337656058853
кстати,0.0003557379101014498
вскочил,0.0003548551221702289
видать,0.0003545326343237198
оглядываясь,0.00035339873336185507
книг,0.0003532588571041126
тоской,0.000352116449171115
покраснел,0.0003514304529589993
сомнения,0.00035139964600145265
новость,0.0003510500937441661
сердцу,0.00035084407795758516
узнать,0.00035048969911836075
мечты,0.00035034667607019405
кликнул,0.00035027413304314267
жили,0.00035018722757023426
волнением,0.00034965895570063346
прийти,0.00034950051197029736
улицу,0.0003492358343381524
зевая,0.00034846413038064437
глядеть,0.00034832469251712975
взяла,0.00034802441206853365
учиться,0.00034786963220361156
лакей,0.00034751664436016513
прошу,0.0003468704499407221
замолчал,0.00034686860447788405
очнулся,0.00034636167522361194
умер,0.0003460627142692445
сна,0.00034471523417109435
нового,0.000344618156822275
рюмку,0.00034454261362763583
комплимент,0.0003442599257266658
театр,0.000344259274864275
квасу,0.00034419414069634247
прочел,0.0003435416275531733
шутя,0.00034283210351106035
станешь,0.00034233989164493284
даче,0.0003421617614104728
умолял,0.0003421259272980324
бедный,0.00034194113622326375
конец,0.0003419205324125103
твердила,0.00034106411509013233
помни,0.0003410277218366831
подтвердил,0.00034078283497328206
поговорить,0.00034003178099699627
отрицательно,0.0003398328702516628
лег,0.0003398260194124236
дадут,0.000339753194475484
сохрани,0.0003396839700729165
несчастья,0.000339129416132689
речь,0.00033843890539944887
страстно,0.0003383457561028903
немца,0.0003382094978798296
стул,0.0003379260926779228
слушала,0.0003375869928762095
кабинет,0.0003369126794425747
срам,0.00033638759969210934
какого,0.0003362740387744412
спал,0.00033626064070114205
нехотя,0.00033478080043895304
часть,0.00033472958967624975
знак,0.00033455508973145463
ивановна,0.00033378304250578056
причина,0.0003337692031301592
упрямо,0.0003332070488443223
сердцем,0.00033301402585341584
доверенность,0.00033285081992631026
возьми,0.00033259906488664314
затем,0.0003325206762505696
торопил,0.0003323960033024368
всей,0.0003323571850318924
врет,0.00033196073926337655
могли,0.0003318841579144242
поцеловал,0.0003318274252439109
возьмет,0.0003317357569336899
понял,0.0003313505910248106
солнце,0.0003313189716587064
господин,0.0003308952835609915
напишет,0.0003302328040939086
крыльцо,0.00032810336818320284
монотонно,0.0003280003343711134
словами,0.00032785730479392467
екатерингоф,0.00032773444608603236
пропасть,0.00032752950485781594
вздор,0.00032696951080817
каким,0.0003266711306033197
недавно,0.00032647669148238163
читает,0.0003262394095988678
давеча,0.00032623903415099603
злобно,0.0003261349927374161
проводил,0.0003260090364225675
ждать,0.00032590687997748253
чувствует,0.00032581449827181905
смеха,0.0003257273155379192
насчет,0.00032570179120479354
бросился,0.0003254250500452813
половины,0.0003253383551667173
отдать,0.00032515522963786936
лесу,0.0003250415215435907
благодарю,0.00032500130225652634
уши,0.00032496518008725455
покой,0.00032465178329261834
именно,0.00032325253062102363
барыня,0.0003230167032867396
двор,0.0003228641510213729
прошлое,0.0003226003839226467
обращаясь,0.00032257030182904667
дескать,0.0003225583252076367
покажу,0.0003222836884847856
одному,0.00032205048600033725
проснулся,0.0003219915337154244
спрашивали,0.00032189136065968114
женой,0.00032144125055836274
ближе,0.0003213429184252974
помнит,0.00032095860052132785
последний,0.0003207922344544414
жила,0.00032060290782209464
просит,0.00032058384176117003
незаметно,0.00032031767493605467
решился,0.0003200118110765291
языка,0.00031955355476351804
впереди,0.00031948731790624053
угрюмо,0.0003194288386793856
увидел,0.0003186063532743689
поехал,0.0003178086251668507
первого,0.0003172916685969902
молчали,0.0003171992009809712
боязливо,0.00031709746255506084
уходя,0.00031672342214952176
восемь,0.0003167160376076027
ангел,0.00031661170732768265
рукав,0.0003165993389247801
голоса,0.00031634182263161825
другу,0.00031599651273858415
этак,0.0003158046522072879
городе,0.0003154152776313778
ногами,0.00031486532696373576
изволите,0.00031456432840515884
погиб,0.0003143670373323503
смел,0.0003143351996113211
правду,0.0003140749384140475
тысячу,0.0003139754754680371
столу,0.00031379257768566197
слушая,0.00031366381624526934
сударь,0.00031331589800517987
болен,0.000313243948314478
подумала,0.000312874982257747
взяли,0.00031280558595174615
ругается,0.00031257414658185037
покоя,0.0003124968923942679
барышню,0.0003124956775980081
словом,0.0003124534879314305
вашей,0.00031177451368535463
сильнее,0.00031166743732098526
вынул,0.0003116462782947431
вина,0.00031142511894147494
отговаривался,0.0003113565961973205
милый,0.0003112835199002161
сесть,0.0003112573919047759
прервал,0.0003110908575783399
поглядывая,0.0003105699734386294
пяти,0.0003103868713652681
здравствуй,0.00031028747959510155
понимаешь,0.00031025899497417797
пройдет,0.0003098477834502528
пить,0.0003097594382338689
глубоким,0.0003096244065600083
море,0.0003093190088371811
письме,0.0003090031985772957
дивана,0.00030892214262357874
твоей,0.00030838834870338094
досказала,0.00030838033578615374
зная,0.00030800101880350196
мальчик,0.00030798685444182193
наш,0.00030787051058362797
обязанность,0.0003078142722729239
новой,0.00030715855265152055
праздник,0.00030710306511874517
громко,0.00030631795469185656
гонят,0.00030627235352375217
воображение,0.00030587524477503276
худо,0.00030579595734287683
огород,0.0003052758648729823
показывая,0.0003046158790380402
живые,0.0003045342401325824
гадость,0.0003043106732325519
горячо,0.0003035843364731764
цепи,0.0003035126544178902
случае,0.00030343465422790205
поднимая,0.0003034313714044101
фрак,0.0003033707463186145
роль,0.00030315576559208527
дохода,0.0003030193665940222
толпе,0.0003030149666434874
этакого,0.0003024702252612387
понемногу,0.00030244107096871005
свидания,0.0003020822245192173
мыслью,0.0003020807148045294
шепот,0.00030163218540672494
испугом,0.0003015980113073905
шум,0.00030139543493388755
лежать,0.00030138633653668703
должна,0.00030095067275671744
глядит,0.00030093784321238813
лежал,0.0003007153824785321
прошли,0.00030070507693248275
стою,0.0003002712938798356
жених,0.0003001868003950947
напишу,0.00030004858352209737
настаивал,0.000299891964136147
читаю,0.000299863329895712
взгляде,0.0002998363509914934
вероятно,0.0002998007817538703
нервы,0.0002997639201311301
нужен,0.00029944805318223006
сто,0.0002992251353524344
нехорошо,0.00029916594819288163
серебро,0.00029915527800439425
подумаешь,0.00029888128422902825
будем,0.0002987352986754534
даль,0.0002985459777415696
узнает,0.00029836108135286745
другому,0.00029835990415948935
второй,0.0002981470221021829
всякой,0.0002979159224538993
внутри,0.00029789850070324324
понадобится,0.00029717832610384455
воздух,0.000297141332292724
краю,0.00029704517769020756
ох,0.0002966498538232583
пыли,0.00029631088214229176
жив,0.00029620467066252475
полчаса,0.000296192900826141
земляк,0.00029604465218610636
узнал,0.000295524373055011
подай,0.00029528211149607416
судьба,0.00029515469948289207
цветы,0.00029499985443771177
улыбка,0.00029445843494788564
постель,0.00029440855688262456
мужиков,0.0002942037830996024
замуж,0.00029409196726794463
деятельности,0.00029402425146171033
литератор,0.00029393293936510594
моего,0.00029384958449525433
краски,0.00029381273349745034
схватил,0.0002937306237520885
ходила,0.0002934379761701579
траве,0.000293298478354622
погодите,0.000293245328178242
вечер,0.0002931569616844982
следовательно,0.0002930146881143313
мир,0.0002928085781341581
придут,0.00029266721685707633
положила,0.00029211882633971455
похоже,0.0002916485768871842
болтать,0.0002910013792943593
пустите,0.0002909763799402406
оправдывался,0.0002907410286931543
управляющий,0.0002904890629947589
подумаю,0.000290337626442561
иди,0.00029030521880321804
разлуки,0.00029016694085652855
сзади,0.00028984540590014287
огорчил,0.00028978041263179804
едем,0.0002897716707262377
приходит,0.00028941222157089825
грех,0.00028930285885224856
целковых,0.00028902252548978943
матвеевича,0.00028870955608704653
порядок,0.00028839745251780884
вздохнула,0.0002878599424605796
разговора,0.000287851307667537
рынок,0.00028778136600299134
видались,0.00028683751026405173
природы,0.0002859103920457736
дружба,0.00028587652898642943
верю,0.00028560190480257923
кучу,0.00028556197098170345
дождь,0.0002854958191710565
магазина,0.0002853670456618857
твоя,0.0002853166381199778
лукаво,0.0002849283817515671
casta,0.0002847724201041518
сердитесь,0.0002846591073790532
удалось,0.0002844620743888639
поезжай,0.00028440608392045166
милости,0.00028407975280399266
встав,0.0002838725194489178
испугался,0.0002831267846846853
пропал,0.0002829192893854698
замолчала,0.00028258910654581186
заключила,0.0002825724800310438
днем,0.00028255959867940617
приехать,0.0002823367608820135
расстаться,0.0002822388378891802
переедешь,0.0002822006545704382
можете,0.0002821867978811012
решила,0.00028199389317358546
забудь,0.00028144269481482093
оглядывая,0.0002808434010171413
истина,0.000280637806251255
слушай,0.00028042942726984316
радостно,0.0002803741848155913
обстоятельствам,0.0002799871841092902
счет,0.00027972731305484633
надел,0.00027952874608246195
угла,0.00027923574341821655
дому,0.0002791737232240519
необходимо,0.0002791274347786625
вино,0.00027899175860091773
недоставало,0.0002788286042403751
таком,0.00027879971236953146
подходите,0.00027878791178940555
отдай,0.00027861216969592156
уехали,0.0002785274395028605
глупости,0.00027852649212267006
славно,0.0002779615617461874
извольте,0.0002777768038558268
вещи,0.0002777630735906312
некоторые,0.0002775546436424182
ходили,0.0002775457680732358
изменился,0.0002774004303760498
подняв,0.000277061283458328
кончится,0.00027702754296702947
дали,0.00027671370136897683
обыкновению,0.00027671345050240783
ничем,0.00027654809039841054
черты,0.00027653412605144233
перенес,0.0002765059781187575
шептала,0.0002762119380152964
целые,0.0002755150829483583
носа,0.0002746704098274024
любовью,0.00027453718329807425
общество,0.0002742397004110935
ею,0.0002731505261684636
историю,0.00027291198019494775
сестра,0.00027281420152560254
цели,0.0002723597178010017
путь,0.0002723523986797699
нерешительно,0.0002717701356068975
магарыч,0.000271402039605248
значительно,0.00027130554413396825
подать,0.000271259329533251
заснул,0.0002709800806728828
понимать,0.00027077934919202655
зовут,0.0002705331846143443
видали,0.0002700823928151658
иной,0.00026991870585626326
оставаться,0.00026982160862466944
поцелуй,0.00026979998179289295
разных,0.0002697010177189709
согласия,0.00026969421885849373
сердито,0.0002694533188012994
душ,0.00026939664981084736
досадно,0.0002691521893729126
зимой,0.0002688635177645752
бежать,0.0002688359771111162
волосы,0.00026875581886730293
садясь,0.000268517429945039
наедине,0.00026838364583341384
воля,0.0002682966815394871
бросил,0.00026800416292376337
попала,0.0002677843126976114
выражение,0.00026773764097725667
засмеявшись,0.00026750899600507227
шаги,0.00026743809637055135
здорова,0.00026741666710144513
поверит,0.0002672456603044064
вид,0.0002671364277892454
очередь,0.00026691850110329644
взад,0.0002668984339032199
жалованье,0.00026689541076477653
смехом,0.00026680662030360706
оттуда,0.0002665240406118641
большой,0.00026647638824655386
женщин,0.00026642908196112354
дней,0.00026633349790738156
подписать,0.0002663208569605152
могло,0.0002663008123302209
понять,0.00026605714961021337
сапог,0.000265993582652869
diva,0.00026597082679797365
ужаса,0.0002658108518310787
ветку,0.0002657739990763264
спроси,0.0002657214198352557
часы,0.0002656334335958093
бойся,0.000265126789048418
мужем,0.00026497343342727584
шагу,0.00026490980052358744
ел,0.0002646516993610964
тому,0.0002643311935473516
осталось,0.00026429442291883937
вышли,0.00026391407082821484
работу,0.00026383808009340317
ужо,0.00026352646167745195
прошла,0.00026336533583645164
нашла,0.0002632525845195245
музыку,0.00026316026636426644
просила,0.00026299909378955
видя,0.0002629819645063833
остановились,0.0002628822518063748
света,0.0002628805601265636
занят,0.00026284378002052746
окну,0.0002628004044685267
тупо,0.0002625070991223118
камень,0.00026202945557207144
трогает,0.000261903821955921
служит,0.0002616285948055274
мечтал,0.00026154355048061106
уходил,0.0002615157988013807
дверей,0.00026115241292497715
ездить,0.0002609575358111774
чаем,0.0002603472933931391
службу,0.00026033690501861887
уголок,0.0002601627289388423
экипаж,0.0002599788748206088
знакомые,0.0002599740097184541
угодно,0.0002596611418657352
детьми,0.0002593712676994969
напротив,0.0002590459621597245
каково,0.00025903036586625997
гонит,0.00025884522901527593
осторожно,0.00025840398288171784
пятно,0.00025824788697387295
живое,0.00025821478073271816
прошедшее,0.000258099563258206
кресле,0.00025747961112439135
любопытства,0.00025746110816939066
дает,0.0002574252138402902
попробуй,0.0002571234602569141
грубо,0.00025711283443860446
шутка,0.0002570170446628481
горы,0.00025672064352041376
недоимки,0.0002567007957762238
делала,0.0002564023160419856
собрались,0.000256385459278408
вскоре,0.00025558959933012006
мешает,0.00025554643195278154
переменить,0.00025550721037948687
страсть,0.0002554310822815011
нейдет,0.000255066125922466
дорожке,0.0002548459689019961
меньше,0.00025484051689103935
ровно,0.0002546693344294452
темно,0.00025452330978521174
само,0.00025450832279097475
оставьте,0.00025439893063575577
взглянет,0.00025394978207653434
бормотал,0.0002539104498895032
заплакала,0.00025385315369994807
внезапно,0.0002535220424364011
цвет,0.00025320426326127295
невольно,0.0002531616552968643
понимал,0.00025306315484230774
смерти,0.0002528825610365068
ответил,0.0002527542840993239
считать,0.0002526491432391809
светло,0.00025255697506346473
лежишь,0.0002524400928401054
рассказывать,0.0002522942832052897
стой,0.0002521349353236018
думая,0.0002520984699872347
рассказал,0.0002520278346369678
верст,0.00025143907358512384
позвольте,0.00025137791944402976
погрузился,0.0002510814809605059
комнатах,0.000251038600436544
написано,0.000250809909376657
слыхать,0.00025064612738438883
днях,0.000250619940638112
неужели,0.0002505852099972691
вздумал,0.00025032933285874706
всяких,0.0002501124499474196
книга,0.00024997125053070933
боялась,0.0002499051140730608
дороги,0.0002496189803099771
дитя,0.00024948417183055116
остались,0.0002493484028885824
сторонам,0.00024916755848127084
гору,0.0002489374515586491
шею,0.00024883013028256096
невозможно,0.00024879517282816243
птица,0.0002485227823383411
натурально,0.00024827104019636815
ложь,0.00024815509527424597
вопросом,0.000248081202791215
поле,0.0002480031092304127
беспокойно,0.00024784548685547587
путем,0.0002478149156544922
невеста,0.00024780397423096993
огня,0.0002475331441318476
сознательно,0.0002468947026125038
смысл,0.00024686250541152376
ужасно,0.00024667602772271435
плечами,0.00024657421914009843
взглянула,0.00024644137343140745
вечно,0.00024636915681263354
театре,0.00024620870178360333
гляди,0.00024613177303374234
годы,0.0002460139254383304
зеркало,0.00024589654173346045
редко,0.00024577666219837655
поедешь,0.00024565078579353943
нужды,0.00024563440223290963
решить,0.00024554753153172807
расскажите,0.0002454057276591326
рядом,0.0002453683759519989
сделали,0.00024503390824790963
смотришь,0.00024493418617012666
сына,0.0002448915610864092
пожал,0.0002447432134422106
несчастлива,0.00024469718531917243
замялся,0.0002443605127857713
каждым,0.00024424000187421433
хозяйку,0.0002441516382238365
частью,0.00024405797078270148
полгода,0.00024401120451740557
ночи,0.00024390799948643748
которым,0.00024390171963479808
мужчины,0.0002437939733749796
увидит,0.0002436307522167127
господь,0.00024360566885131535
происходит,0.00024326281929260232
спрятал,0.00024320548084145641
нездоров,0.00024313227360077202
сторон,0.0002431313917302141
звали,0.00024295864687569427
гостей,0.00024266223881991015
бьется,0.00024259992058782293
яростью,0.0002425797831995748
большие,0.00024221926535869325
тени,0.00024217529082257017
сошел,0.00024186810143981877
копеечки,0.00024182848330181068
удивления,0.00024169758325735854
выражением,0.00024166347786342082
пути,0.00024123659595505723
вспыхнув,0.0002412281955968633
презрением,0.00024116768781703068
давала,0.00024092534228890194
локтем,0.00024091396301814295
пришли,0.0002407333056175316
другими,0.0002406279944257835
людям,0.00024041358305266583
землю,0.00024030105964233052
яростно,0.0002400808309822762
ой,0.0002398365240035342
кабы,0.00023979151952820723
хотят,0.00023964411840085738
живешь,0.000239544209906031
поминай,0.00023937247190410497
умеешь,0.0002391374139353331
сюртук,0.0002391066737633762
также,0.00023902618743034453
словах,0.0002390190523073071
сделала,0.00023899186115683828
обществе,0.00023890249012374062
делали,0.00023883392254587236
взгляды,0.00023880412310257882
совести,0.00023869480085500196
приходили,0.0002386334668631191
читала,0.00023857633424730686
страшное,0.00023819698582815165
досказал,0.00023816679161296642
стакан,0.00023809280853717834
вникнул,0.00023774363372737592
нежен,0.00023763520479964126
кулаком,0.00023763087778440006
можешь,0.00023745980014454335
города,0.00023744907880223772
умом,0.00023724644971602122
пение,0.00023714252935597458
внутренне,0.00023703965254846072
мечта,0.00023694499956811182
картины,0.00023667167974607555
послушайте,0.00023659809675892067
сутки,0.00023649922748233363
замечал,0.0002361095576686159
гордость,0.0002360796726661504
делу,0.00023603247818251014
начальник,0.0002360067695048948
немезида,0.00023592324630386914
молчишь,0.00023592324630386914
гм,0.00023592324630386914
савич,0.00023569032871479336
махнул,0.00023556144156540614
надоел,0.00023551839793635953
пустяков,0.00023544274173282285
неудовольствием,0.0002353756962985665
выпил,0.0002352751687517641
оставалось,0.00023520624572043433
благо,0.00023497007123154834
шопотом,0.0002349244853111396
половине,0.00023488400676063752
вздрогнул,0.00023475991497096138
твое,0.00023459870418987265
стоишь,0.00023437080668405562
работает,0.00023428707787212402
возможно,0.0002342763031984482
спине,0.0002341763011528556
счастливая,0.00023401077646514824
спала,0.00023391413524550324
изменилась,0.00023379616539473562
девочка,0.00023378695047990977
отвечать,0.00023370121341572734
узнай,0.00023367300802182439
ничто,0.0002336523393980253
котором,0.00023346665053474298
спрашивать,0.00023346393225248612
добрые,0.00023338203644225904
вышла,0.00023302233627909273
кровь,0.0002329310532375475
побежал,0.00023285031622216824
своими,0.00023278989146553942
видала,0.00023252111614747938
платком,0.00023233649473096887
плеч,0.00023224292838494324
рубашку,0.00023193414444179486
годится,0.00023159481956058184
платка,0.0002314516557782597
дают,0.00023142665516022562
заговорили,0.00023131767316703238
чешется,0.00023118791292433673
занять,0.00023097965905363163
мучительно,0.00023063121614169465
навстречу,0.00023060430806062652
открыть,0.0002305490080182421
защищался,0.00023039894963189107
речи,0.00023028461378307133
заплатишь,0.0002301346381304766
гостиную,0.00022996812661725787
вяло,0.0002299356881164738
рада,0.00022990975844647997
подумай,0.0002297271080919001
служил,0.00022972482696645698
ночам,0.0002296582891139642
принеси,0.00022961184216919466
становилось,0.00022950299066024326
раздалось,0.00022916070673950043
умру,0.00022914371931029306
срок,0.00022887084108054903
широко,0.0002288620779002262
скажут,0.00022863126853528372
многие,0.00022860515345030056
просят,0.000228603054549886
приставал,0.0002285265413236434
воспоминания,0.0002282371322342653
изумлении,0.00022821156173202225
здоровы,0.00022819521854529646
палату,0.00022818446844212435
требует,0.00022802588618384945
выйти,0.00022800064229819023
разу,0.00022799797334684504
горле,0.00022798115013218556
ожидал,0.0002278400907493011
покорно,0.0002277975350807876
усмехнулся,0.00022770977525711966
воротясь,0.00022764067319173143
неделя,0.0002275084547754
характер,0.0002274547967986569
чувствуете,0.00022744870057057504
смотрели,0.00022732951132995805
заглянуть,0.00022727354888535335
первое,0.00022719632719601723
толки,0.0002267837925617865
миг,0.00022677714899374383
очнувшись,0.000226639295863188
купи,0.000226454811028616
известно,0.00022642914473132946
бывать,0.0002262747808755203
огнем,0.00022587031581296273
ошибки,0.00022582228564466816
молчит,0.00022577375804547488
дорогу,0.00022561294202482957
перо,0.00022554139817810694
передать,0.000225387653719691
стук,0.00022513681513144888
разом,0.00022504912760146027
страхом,0.0002250163457818113
медные,0.00022497880701803267
забудет,0.00022480134356364482
ловко,0.0002248006061990606
щеку,0.0002247281131226504
готова,0.0002245331074683166
духа,0.00022434688018181022
вставая,0.00022428119665841823
жду,0.0002240703004589117
грязи,0.00022379025587096347
окон,0.00022378070062042523
попал,0.0002237386695007083
живой,0.00022347394920349195
куме,0.0002233251340523827
пешком,0.00022327167703914232
узнала,0.0002232070615367462
легче,0.00022318739798743502
уйдешь,0.00022312599907545213
каждом,0.00022258584551255618
подала,0.0002223889250303848
мире,0.00022214029344958227
берегу,0.0002220822838879441
шатается,0.00022206089358996287
слове,0.00022204187138406408
сигару,0.00022188465103064434
дачи,0.00022174987867972984
положит,0.00022171131288034035
предмет,0.00022160021573425817
увидишь,0.00022159295248096254
раздался,0.00022154819336480224
сосед,0.0002213784437172466
уйди,0.00022129581749444805
заняты,0.00022129420118012987
сорок,0.00022120497286360157
ужасе,0.0002211827136401895
французский,0.00022091853811555102
заглядывал,0.00022078785899342073
дороге,0.00022047453793201517
поскорей,0.00022027701117093292
имения,0.00022023273013786266
холод,0.0002201276094928367
начинается,0.00022004983333733354
милая,0.00022003907696492472
мешаю,0.00021996566800629974
барышне,0.000219863707671636
сном,0.00021985760674263612
виновата,0.0002196799377414575
холода,0.00021965224481006697
вопросов,0.00021962472807063844
вопросами,0.0002195889374901937
привезли,0.00021949583880400707
шагов,0.00021947536380720746
явится,0.00021941023488008626
шесть,0.00021939767784468698
давал,0.00021930839564433433
убирать,0.00021930789196742147
мыслей,0.00021929691226280608
живостью,0.00021912226974974344
хозяин,0.0002190927425405365
старая,0.0002188421620735937
доброго,0.00021849471446918232
жены,0.00021832143700774268
увижу,0.0002183209350846374
дорого,0.0002177257535018099
движение,0.00021770299368121827
мгновение,0.0002176378061386818
наша,0.00021750909924955075
глубже,0.00021749546304085276
немцу,0.00021748012821210834
отношения,0.00021745559407570985
потерял,0.00021744615174332935
выпили,0.00021722571921601837
мелочь,0.00021713198949354994
мои,0.00021708997365848024
поговорили,0.0002170560385946463
последние,0.00021705172644843275
носит,0.00021637118916034131
поверил,0.00021597759465025111
лбу,0.0002158079115648731
ассигнациями,0.00021576511311061002
покойник,0.0002156961456875086
счастью,0.0002156407782420566
гроша,0.00021554025900430933
новости,0.00021523200021227832
покое,0.0002150794911915292
дошло,0.00021504507967811084
накануне,0.00021486917096986854
пуще,0.00021453061310727653
овраг,0.00021449679134028256
мастер,0.00021447490602487032
копеек,0.0002143532753080408
верстах,0.0002143186970041556
обернулся,0.00021406264635772236
умеет,0.00021404157872589543
каком,0.00021378798417346094
уроки,0.00021360066160395344
бодро,0.00021359692342484194
нашей,0.0002130748282708403
память,0.00021305485470718302
старался,0.00021299989170502076
надеялся,0.00021292893185275816
торопиться,0.00021290200868749867
догадался,0.00021290152614599153
музыка,0.000212891848566425
любили,0.00021277709971947656
симпатии,0.0002126651948953307
человеком,0.00021239953457344925
влюблен,0.00021233027909940957
службе,0.00021230134696183502
найду,0.00021226708766451874
упал,0.00021223654021034966
фрака,0.00021205144831890944
поехать,0.00021201086080295712
смущенный,0.00021180689626475416
отрезвился,0.00021174030442500693
пойдут,0.00021171911130261765
реже,0.00021171855076441274
рассказ,0.00021171472881321908
рот,0.00021169743701015859
сразу,0.00021163841567700228
снег,0.00021158557722606344
лучи,0.00021158103669188577
попробовал,0.0002115334620869865
первая,0.00021152003968354931
ложу,0.00021133001946920733
скаканье,0.00021132338064626835
посмотрю,0.00021113457541081505
встала,0.00021079181638301303
святой,0.00021058732173279506
свадьбе,0.00021055840969151212
жжет,0.00021052453121988605
удар,0.00021048174348855365
братцу,0.00021017040244392893
тепло,0.00020999991472724604
зевнул,0.00020999539536291183
увезти,0.00020993126882477628
ходят,0.00020979684839410757
начале,0.00020959545722773538
ездит,0.00020953429441331842
полагаете,0.00020953223273191684
сказано,0.00020950907033992047
двору,0.00020934253082424874
жаловалась,0.000209241561234292
смотрят,0.0002092240942474564
сознанием,0.0002091741637620004
делаете,0.00020915686549988373
лоб,0.00020897972101928365
желание,0.00020887871775879892
смолк,0.00020874996432947558
виде,0.00020865453274566414
мучилась,0.00020855799502222803
надежды,0.00020849932810666693
купить,0.00020847426003652787
хладнокровно,0.0002084378015468195
имеет,0.00020838232603077268
парке,0.0002083608922988256
приходилось,0.00020822331499225974
сверх,0.00020821514548765327
вещь,0.00020815665072519915
отдам,0.00020792822919251584
прежнего,0.00020791353732559984
церковь,0.00020784238258086477
баб,0.00020754367470517552
звал,0.0002073363524098949
махнув,0.0002072481383187602
прекрасно,0.000207053210175308
уладил,0.00020698863467965035
уеду,0.00020698036162676735
пишу,0.00020697847217125408
народ,0.00020695109613846574
прочитал,0.00020692083387985666
обедал,0.00020689231544651198
верить,0.00020656136833977222
покажется,0.00020647899756510364
жарко,0.00020641894052970556
достоинством,0.00020632880634165678
встретились,0.00020632227031336137
лай,0.00020629933883755243
вошла,0.00020626870980819175
недостает,0.00020626359113089948
отворил,0.00020621866599530603
делом,0.0002061558630509345
шагнул,0.0002059755056793719
неподвижно,0.0002058915119811307
спрашиваю,0.0002056660194236563
пишете,0.00020563231016894738
звуки,0.00020558157283816192
кучера,0.00020553942374268092
опершись,0.00020525063477188805
обломовцы,0.0002052114787215637
платья,0.00020492646584115845
посмотрим,0.000204892518257436
отдали,0.00020474542635278857
беспечно,0.00020462070598434187
несмотря,0.00020460132339070338
всеми,0.00020459379636552394
чтение,0.0002045486085621213
луч,0.00020454161340081057
работать,0.0002045265865035855
храпенье,0.0002038719087011233
такою,0.00020384058957813314
дала,0.0002035917651914305
озабочен,0.00020346879360911698
умереть,0.00020325398794066802
желания,0.00020321842529525186
ворочаясь,0.00020307045611446832
чемодан,0.0002029908437258231
мел,0.00020296127580780556
знакомых,0.00020290384432681706
человеку,0.00020287005507799348
музыки,0.00020265457651697552
барином,0.0002026308813524431
постоянно,0.00020262525821595397
добро,0.00020259202880678324
важно,0.0002024960018923143
скороговоркой,0.00020243887282148044
сплю,0.00020242638778372436
ячмень,0.00020241811663688074
мальчишка,0.00020240060943692536
полы,0.00020225886820965087
глупостей,0.00020224086945828457
двумя,0.00020207821847553629
барона,0.00020205518204933915
ложился,0.00020200943233126861
отвечает,0.0002019717356809134
путешествия,0.00020197164860332823
самый,0.00020193768532982229
уехала,0.00020187229888555665
лежат,0.0002017529127002773
белье,0.00020143739363605285
воротишь,0.00020140789669817003
сказав,0.0002012815194009057
забыли,0.00020127002796020547
зашел,0.00020121308316418675
случиться,0.00020118686913928225
сходить,0.00020118195243515942
старуха,0.00020105707472699202
отошло,0.00020092772900769692
хрипел,0.00020072945884648392
рассуждал,0.00020070557130575457
должности,0.00020070472767102178
засыпал,0.0002006645233502254
делось,0.0002006325682242773
дождался,0.00020050203556645313
умел,0.00020049803708184635
неожиданно,0.0002004551722622137
молчанием,0.00020042071895999414
сила,0.0002003944956148166
съел,0.00020032807672196347
силу,0.00020027054818414492
приедет,0.00020021459232881514
авось,0.00020008976993475473
живу,0.00019999917070020077
обедали,0.00019999242999674157
совет,0.00019972126801925139
поднял,0.00019968465009836915
дачу,0.00019944923970132474
заеду,0.00019942981916022773
двое,0.00019912506035877852
прочие,0.00019910293472077769
затылок,0.0001990814317246816
упрекал,0.00019900305087154816
дыхание,0.000198886159323151
собою,0.00019877400672101592
торжественно,0.00019867253086080518
годишься,0.00019865806715979798
начало,0.00019860443109869994
расхохотался,0.00019857774007673147
разница,0.00019851296650508798
остается,0.0001982940196127747
оставил,0.00019822171656023207
лета,0.00019813936760539337
улыбалась,0.0001981074503974665
горько,0.00019807621260241887
ужин,0.00019805260986582895
шельма,0.00019799518826068595
небо,0.00019798069893657254
волос,0.00019797015285758908
опомнился,0.00019787703539621442
бумага,0.000197771865252919
смело,0.0001977698917856671
словам,0.000197558251503789
поглядев,0.00019747204359463368
лаем,0.00019745925939893526
внимательно,0.00019742617669374024
встретил,0.00019725562309243252
тень,0.0001972484111269895
сядет,0.00019708315938261206
нежно,0.00019703363926990307
покойна,0.00019701688440938795
уверенностью,0.00019696398241323237
палец,0.00019686375866474819
отыскал,0.00019683279108375685
десяти,0.00019679577977651903
стены,0.00019673437495320125
блага,0.00019673218216159915
горечью,0.00019654200657187102
палате,0.00019637827925392278
одет,0.00019615375130939186
полдень,0.00019610286121908373
сонно,0.00019608916671840797
уезжайте,0.00019605099507245233
послал,0.00019577471663620222
стену,0.00019575825228374625
вышло,0.00019566103169338175
оставался,0.00019563914196181465
начинает,0.00019559853327935807
здоровья,0.00019558698366884024
швейцарии,0.0001955757066858649
работа,0.00019555161189272353
смелее,0.00019549455865658532
пишут,0.00019538358185697637
большую,0.00019535379779091612
выходит,0.0001953500493630979
унынием,0.00019534247037582763
карман,0.000195125127076067
лежа,0.0001950680686743831
дача,0.0001949245583992029
горит,0.00019485452363081297
смеет,0.00019484080982880324
наберется,0.00019451217435222361
перестану,0.00019445639808793143
нужна,0.00019429328938408555
матвеич,0.0001941934161512277
смущении,0.00019404405798453993
мою,0.00019389271247586173
вежливо,0.00019380903048120968
заемное,0.0001938008801280165
звонок,0.00019374044541288713
покойника,0.00019361817887133178
оправдание,0.00019355621348969047
целым,0.00019335891083889842
пятидесяти,0.00019332353464063438
прохрипел,0.00019329490647865914
мимоходом,0.00019324181205119094
заговорила,0.0001930115265627625
слушайте,0.00019293029276126202
приговор,0.00019292391861618598
боль,0.00019288139310725882
бегать,0.0001928318607263673
зорко,0.00019277091703345743
голосе,0.00019253336115890792
радость,0.00019239807477108116
скуки,0.0001923318939691027
обругаю,0.00019232454847061922
довольны,0.0001922801920114044
дрожат,0.0001917901653516687
кашлянул,0.00019177748700819586
длинные,0.00019176502356413897
характера,0.00019173340350737246
вверх,0.0001916462048253305
умылся,0.00019141799959669178
найдешь,0.00019138835068550312
встану,0.00019113973776060703
зубы,0.00019109544573489042
целуя,0.0001909094430317322
привел,0.00019079055683091957
хозяйкой,0.00019064384369292336
конце,0.00019047520759759063
смутилась,0.00019043073157228838
письму,0.00019032954999876733
петербурге,0.00019027791990672616
жар,0.00019026563768687125
аллею,0.0001902338570365698
приходило,0.00019023197330546142
хороший,0.00018993658392426688
настоящая,0.00018993457668280638
посланник,0.0001898211185228111
суд,0.000189645593650849
спокойствие,0.0001895653873584103
покачала,0.00018933540490984247
ездят,0.00018917998421931118
нанял,0.00018917241027214334
пойти,0.00018911140814539647
экой,0.0001890295314522817
писала,0.00018883342560117
пахнуло,0.00018880514520114308
пальцы,0.0001887435432851789
мая,0.00018869647349767786
смиренно,0.00018869165910893402
вести,0.0001886904736028685
игра,0.00018865269159496113
одеяло,0.00018848472623180383
шампанское,0.00018843930595910873
предлагал,0.0001883936915790104
совестно,0.00018828011758448092
будущее,0.0001880527042409898
стыда,0.0001880427988596017
горло,0.00018784819164860826
остановясь,0.00018779051607161284
хозяина,0.00018774095890695993
прежний,0.00018772149362173882
сделается,0.00018763022774456175
мести,0.00018762473848369415
сергевна,0.0001874402175198201
обойти,0.00018722853057218493
чулок,0.00018722602627652352
ярко,0.0001872154170512093
усмешкой,0.00018710305829629147
исчез,0.00018708466779878357
пожаловался,0.00018699987487686667
дна,0.0001869902521614744
темнее,0.000186969702257524
будь,0.0001869600893223797
пятна,0.00018683805208190627
посмотрела,0.0001868207470763696
маменька,0.00018675199081342008
людях,0.00018649364871394953
искала,0.00018648004861149896
ехал,0.00018640659847489414
обеими,0.00018626708875250008
присутствие,0.00018624823726828016
ездил,0.0001861760499612669
петербург,0.00018608361511765045
нами,0.00018600289067529648
купил,0.0001859531003395616
матвей,0.00018592759126785785
лежала,0.00018588266529535842
увлечения,0.00018582428332381657
поднос,0.00018558882079409332
играть,0.0001855831705022108
свинья,0.00018557002979910318
перестань,0.00018548819628331445
грустно,0.00018548602463158698
иные,0.00018543453543373202
выдумали,0.00018541897465581015
разбойник,0.0001853650593848002
посылать,0.00018535817340831272
разбил,0.00018533217913926857
кротко,0.0001852917228772892
носом,0.000185259658997398
тревоге,0.00018518531958137336
мигая,0.0001851654864696937
появилась,0.00018514851253923487
кончить,0.00018512728680986456
выговорил,0.00018490136798397655
быт,0.00018472151278123538
самое,0.00018458630826715574
бишь,0.00018449102185851728
разными,0.00018443731468184303
жаром,0.00018433277648878413
заглянул,0.0001842786297135908
тоска,0.00018389407957535389
намедни,0.000183871464446875
вновь,0.00018378194030793681
матвеевны,0.00018377505814688722
агафьи,0.00018377505814688722
недоумением,0.00018363890073003122
подпись,0.00018354557665351445
гулянье,0.0001834038138395929
вели,0.00018329509014789133
опросила,0.00018325871723303753
наши,0.00018324886239481556
существования,0.00018313554599264667
пусто,0.00018309828128874634
начнет,0.00018306006997900634
слышится,0.00018305904212613687
добрая,0.0001829608799910493
лошадей,0.00018291586327523092
яко,0.00018260134413579227
природа,0.00018253237684247753
расчет,0.00018252752995824364
прошептала,0.0001823888946020866
переехал,0.00018217262371906712
подавал,0.00018216113915147693
прочла,0.0001821478023931115
ваши,0.00018206159772815223
домом,0.00018204711113971246
отличный,0.00018203556561048126
слышь,0.00018203061071196867
стать,0.0001819592869151424
оборачиваясь,0.00018195136251672537
бываете,0.00018190932055146106
провалиться,0.00018187675279667185
жилет,0.00018187521587936272
открывая,0.0001817355700616434
природе,0.00018170054836103185
воздуха,0.00018163618207743898
менее,0.00018159064174087922
поблекло,0.00018142040265021586
следствие,0.00018141327962212933
гордостью,0.00018134716374443871
съезжать,0.00018130851014774415
чашки,0.0001811312364188617
дверям,0.0001810760520383288
жильца,0.00018088964830070814
идучи,0.00018077706809867302
уехать,0.00018057546035765826
иду,0.0001805524026998652
смеешь,0.00018044491614385821
пальцами,0.00018033316404425227
посмотрит,0.00018032665598350753
большое,0.000180265403173388
одним,0.0001802591299497122
задумывался,0.00018023227692668517
приставала,0.0001802162658694353
начали,0.00018020866860456544
чувствуешь,0.00018010271443197852
темноте,0.00018008317531774016
халата,0.0001800462579066856
сунул,0.00017995765743269914
этими,0.0001798157426414931
горя,0.00017971427122496204
хитрость,0.00017960670090960934
узел,0.00017952281336890312
достается,0.00017951646375332365
меры,0.00017949805194659727
бакенбарды,0.0001794501589573849
брал,0.00017942440133130705
оставлю,0.00017939664047786472
сознание,0.00017938332051839153
иваном,0.0001793461971067535
исповеди,0.00017926054585137884
держал,0.0001792521389254911
положиться,0.00017919425554970296
принял,0.00017907312982035566
моим,0.00017902061799168309
мучь,0.0001789452586937669
браво,0.0001788876232969144
послышался,0.00017876457535964874
родственника,0.0001786333323790444
выходил,0.0001786008435944981
братом,0.00017854329533446332
явился,0.0001783076799356848
положительно,0.00017828734345381097
приходя,0.0001781636489769262
веки,0.00017794859377385353
хозяйской,0.00017769111632430927
ходя,0.00017767236152225102
извозчика,0.00017765765188467158
соседи,0.00017760957117139727
тяжесть,0.00017747032801724641
бывают,0.00017745338754221243
почту,0.0001774225682405935
делай,0.00017731874303135778
труда,0.0001771944147504601
отправился,0.00017710210925986933
отстанет,0.0001770943188242214
увидите,0.00017694961178796963
отрывисто,0.000176746319254603
грибами,0.00017667540854907998
стучало,0.00017644628183765114
страхе,0.0001762273391873751
разговаривать,0.00017615801794623246
слуга,0.0001761199754227392
змея,0.0001757906187084961
варит,0.00017577254268006555
приезжай,0.00017570627968815006
париж,0.00017567968292184926
знакомый,0.0001756206142398101
кабинете,0.000175545135892458
постепенно,0.00017537280200320045
узор,0.00017535303001510582
брала,0.0001753122126448075
нею,0.00017527578470438363
страх,0.00017520926016857002
проступок,0.00017517444778113273
заметно,0.00017516528897199542
вашего,0.0001751090782229705
твердо,0.0001750985167377944
ожидая,0.0001747782186498651
родился,0.0001745556786964071
поважнее,0.00017454932650480683
мешок,0.00017450607509207682
авторитет,0.00017439566331296408
разбирать,0.0001743668626699298
воспитание,0.0001743295409649389
сказывали,0.00017416362494345426
восторге,0.0001741007621469911
помоги,0.00017404365179070184
велела,0.00017403118366688533
цыплят,0.00017394013555045728
дурного,0.00017387939522017518
сделаю,0.0001738363854110742
сидят,0.000173812441133727
выдумает,0.00017375551823691008
дура,0.0001737535294240595
прикажете,0.00017374799275438266
благоговением,0.00017372380333874595
благодарен,0.00017369512409002268
явилась,0.00017364784141416016
похож,0.00017349218116946853
праздника,0.00017339251693646954
считал,0.00017331081545545577
закусить,0.00017315558243796928
жене,0.0001729511384508872
свадьбу,0.0001729007248477822
iii,0.00017288056528586563
поет,0.0001728543121020163
уснуть,0.00017278273638293164
бессознательно,0.0001727765979268946
сыну,0.00017272083110216898
село,0.0001726011766260224
пускать,0.0001725772645514127
носил,0.00017255503478962592
посоветоваться,0.00017249708069467953
увидя,0.00017246944573620673
облако,0.00017243210622092925
тоном,0.0001723569291105583
многое,0.00017232083256482234
читают,0.00017229867600398134
бежит,0.0001722400210786548
послышалось,0.0001722186068806185
имени,0.0001721179857752022
охота,0.00017204843159057828
служить,0.00017202168493782983
самые,0.00017194824610643645
выучил,0.00017186873042173158
залог,0.0001716933497548952
любуясь,0.0001716722857167747
легли,0.00017164044515997873
прочтите,0.00017163344404212227
вставать,0.00017157097609615476
переднюю,0.0001713886228630037
заплатить,0.00017138170820921246
снял,0.00017134780752052332
лежало,0.0001713067937591648
гордо,0.00017129032831242563
беспрестанно,0.00017126100076966333
коляска,0.00017104170059001333
пустяки,0.00017075984260570148
воскрес,0.00017067547948150668
рубль,0.00017060422453354902
старые,0.00017052583853429036
лежали,0.0001704908873024766
покраснела,0.00017047685412207867
съехать,0.00017047073806108795
окончательно,0.00017043791677393022
ждали,0.00017036260305980356
женился,0.00017035862654490242
сказывал,0.00017028246334104626
угадал,0.00017024891224232377
погрозил,0.0001702329787095344
чиста,0.0001702022236361185
поступить,0.0001701408645488831
роще,0.00017012356919694627
бросила,0.00017009396235696589
чужие,0.0001700627455468274
забот,0.0001700309399032865
поклонился,0.00017002422781739666
узнавать,0.00016993985015392436
двенадцати,0.00016982141323235387
старики,0.0001697331901838502
настал,0.00016972914902524633
канцелярии,0.00016972411272128232
волновался,0.00016962969662401406
становится,0.00016943110733885511
локтями,0.00016941463476116163
должность,0.00016936612437081012
бывал,0.00016924940285100533
ильинской,0.00016901618431987997
служба,0.00016896890864492994
хохотом,0.0001688212310370458
занятия,0.00016877902448584
идут,0.00016876043779465324
розовые,0.00016873232065770275
слухи,0.00016818178363274137
тоски,0.00016816489122929704
станем,0.00016813902645623373
улыбку,0.00016807424231729656
поговорим,0.00016785851682006895
заплачет,0.00016784323246157916
слабо,0.00016784087013909933
рукава,0.00016780720752543633
клопа,0.00016778138647015927
настоящее,0.00016773816515666253
лес,0.0001677254253292724
клевета,0.00016735030451140085
самовар,0.00016725957483876142
газеты,0.00016721091726654323
явились,0.0001671847939229018
прощения,0.00016707747563357686
кума,0.00016707686694800638
узнают,0.00016706191128326354
хозяину,0.00016696583915060438
новая,0.00016692161598333004
смешил,0.0001667873634962439
сидя,0.0001666491930309082
сцены,0.00016656733921269041
учится,0.0001664394608449268
внимания,0.00016634694317462274
блеск,0.0001662561988132495
мужика,0.00016624990550199087
размышлял,0.00016602112619790212
тошно,0.00016591540036934988
белые,0.00016590749896900194
общий,0.0001658765696968726
глубокую,0.00016582369252955088
кончик,0.00016576125161162962
щеках,0.0001657140443426608
направо,0.00016564540898320477
причине,0.00016558623037360773
простым,0.00016555802705307606
отворачиваясь,0.00016552315318395315
коляску,0.00016550151940151838
борьбу,0.00016544563046207652
шаль,0.0001653902551084582
кучеру,0.00016534128843593605
ильина,0.00016513840995707602
чужой,0.0001651177581365163
перемены,0.00016510714494644526
стоите,0.0001650797150538191
долой,0.00016493217850783505
отстал,0.00016485434370878447
наше,0.00016472330753690317
самим,0.00016469015778432036
встанет,0.0001646598274948285
раздается,0.0001646171056733665
щетки,0.00016457842596094923
прожил,0.00016456444209391325
хорошего,0.0001645474077998508
билось,0.0001645338678545734
ими,0.00016445381076894708
воздухе,0.0001644209623875519
открыто,0.00016438842730604988
радостью,0.00016423121487054034
кричит,0.00016422199768977065
волю,0.00016407342312472936
понимала,0.00016401932221961162
вошли,0.0001635378893045964
обыкновенное,0.00016345335917340964
созрела,0.0001633421687422699
упорно,0.00016324379712446592
помните,0.0001631970325459346
называется,0.00016312479482980956
госпожи,0.00016296704107107937
маленького,0.00016288619391168692
случалось,0.00016281196603095885
шестой,0.00016278639551271445
подпишет,0.00016263681133778915
отлично,0.00016263117974157863
бездну,0.0001625699263331204
иметь,0.00016255006586823298
соображений,0.0001625020754454808
ивану,0.00016247619803040685
следил,0.00016246157130614378
рода,0.00016241835112117603
осиновый,0.00016235290915453504
щеки,0.00016234966508950878
готовить,0.0001623291560052066
загремел,0.000162229945578481
заранее,0.00016210632418585676
баловень,0.00016198467251584726
кусок,0.00016196608727299305
надевать,0.00016184138670406934
наука,0.00016178590057024304
часу,0.000161773426795419
совершенно,0.0001617446695577304
крестьян,0.00016161420234634584
бросилась,0.0001615436156001449
струсив,0.0001615360785732322
патетически,0.0001614774248545253
имением,0.00016145486757367184
перемена,0.00016144577795643622
поля,0.00016137674406252676
желаний,0.00016118808744459702
перешла,0.00016111235099757325
вздрогнув,0.00016106835071659267
послала,0.00016106128429290353
пирога,0.00016104094219216605
болезни,0.00016081043018580457
написали,0.00016078152552645553
суп,0.0001607366953556527
сделался,0.00016060709633830967
едко,0.00016051577353668362
сфере,0.00016042393995340998
болит,0.00016040362692152252
сели,0.00016023559058912933
подтвердила,0.00016020373202288283
бумажки,0.00016007787826201038
расскажете,0.0001600598688426433
ландыши,0.00016002080576699043
получит,0.00015975520291948566
нашли,0.00015970064090321148
терпеть,0.00015966184656140706
отчаянии,0.00015961039435588706
потрясла,0.00015960531410473902
добавил,0.0001594744612616647
губам,0.00015946594015711762
небе,0.0001594574742497452
побежала,0.0001594335369531993
собеседников,0.00015933065450373472
крепче,0.0001592353071500752
гривен,0.00015923050064078288
этаких,0.00015916904504039323
смотря,0.00015914656678001917
показать,0.00015907585460945645
картин,0.00015902562928092604
отчасти,0.00015899785874224278
добыть,0.00015887139971618348
грозное,0.00015885712092107766
съездить,0.000158767634759335
тараща,0.00015874470724896363
шампанского,0.00015869039996404367
лежанки,0.00015859976552912234
твоего,0.00015853124449248494
нашу,0.0001584963722343682
отлегло,0.0001584956692948364
началось,0.00015827811535505827
дремоту,0.0001582468593606977
тревожить,0.00015822129968720932
тарелку,0.0001581800361591496
раскаяние,0.0001580875945513388
приехала,0.0001580700926652786
несет,0.00015802026650164062
момент,0.00015796019834764512
жара,0.00015795240977745854
продувной,0.00015795162193037307
chere,0.00015793345339168557
цыплятами,0.00015786931595672185
отпустил,0.0001578267021170537
грустью,0.00015768876156483275
велика,0.00015768208525947957
кармане,0.00015765759781012937
существование,0.0001576082821780227
болезнь,0.00015754776725803883
убыток,0.00015753876509904427
кататься,0.000157405359382439
какими,0.0001574045784572061
моих,0.00015736085813546964
некому,0.0001573390246810672
охотно,0.0001572941336926603
скалишь,0.00015728216420257942
уголья,0.00015728216420257942
обиделся,0.00015728216420257942
выгода,0.00015728216420257942
замай,0.00015728216420257942
сидится,0.00015728216420257942
дьявол,0.00015728216420257942
обругали,0.00015728216420257942
деваешь,0.00015728216420257942
повторим,0.00015728216420257942
замолчали,0.00015728216420257942
пропадает,0.00015727442935249946
лавочке,0.0001571074696435017
живи,0.00015709785989865204
добра,0.00015700144379406593
обнял,0.00015687367155574626
скрылся,0.0001568638828977852
уйду,0.00015676075050853822
грозя,0.00015675836028425654
побегу,0.00015668165045465128
году,0.00015666563579090048
произнесла,0.000156586064176684
случай,0.00015658403905594238
проснется,0.00015642485025087755
решено,0.0001564052015063224
отставку,0.00015618052847942197
потрудитесь,0.00015611988637432705
аренду,0.0001560857895029155
силой,0.0001560223830347128
протягивая,0.00015598758086315313
начертал,0.00015593568330366658
порыв,0.0001559082857627946
выборгской,0.00015589031516872434
мальчишки,0.00015575875274068322
некуда,0.00015575578712549696
поприще,0.00015574282848604252
взялся,0.00015571902767948578
карету,0.00015556839210928723
женятся,0.00015556812421869693
помене,0.00015553035445733653
тысящи,0.00015553035445733653
едет,0.00015550007893873878
хороша,0.00015540178209124346
сижу,0.00015532323604822894
мест,0.00015519607639836642
осталась,0.00015518762967561822
смущением,0.00015509854926460526
приискать,0.00015509524305513256
подавая,0.00015503568578488698
испуге,0.00015492896063026786
вывести,0.00015484915772702047
смеяться,0.00015483415893402945
ворочал,0.0001547938496534768
обернулась,0.00015469364041084097
лежанку,0.000154600891234827
галстук,0.00015457713673576275
женщину,0.00015451980029407403
обман,0.00015437767194882485
делам,0.00015433910082426802
дорога,0.0001543101063097147
подробности,0.00015419672035300243
куча,0.00015419100020592512
самолюбия,0.00015411425577045024
помощи,0.00015408172721365375
родной,0.00015394490344086874
наших,0.00015393078208092377
воры,0.00015392459597614753
перемен,0.00015388917738278906
узнаю,0.00015385340290287102
обернувшись,0.00015376739259006004
крик,0.0001537485198852065
иваныча,0.00015360751384708754
угадала,0.00015356605436930436
шее,0.00015353600092280802
думали,0.00015350852476555047
пот,0.00015347642156739725
наслаждением,0.00015337226606737593
наведены,0.00015335239776189037
фомич,0.00015333268260924636
курс,0.00015332330329754837
похудела,0.000153307216088322
первой,0.0001532287693001562
старости,0.00015317505907338884
ошибку,0.00015314400470447484
выговорить,0.000153117739870096
фуражку,0.0001529906397603501
весной,0.00015295708050302125
соседей,0.00015293235688942916
половина,0.0001529296452210159
принимать,0.00015289261829151183
телятина,0.00015279303719283212
вынула,0.00015276249364263802
ребенком,0.0001527177084824225
отстану,0.00015260790040547598
обыкновенно,0.00015260058426208492
кашель,0.0001525896772701682
дух,0.000152561966601248
местам,0.00015251859597817627
биение,0.00015250061995316212
мсье,0.00015247693191246787
пятый,0.00015247323389257108
пиши,0.00015239086923330715
забуду,0.0001523887420614499
могут,0.0001523614608870812
молодой,0.00015235184464010377
поры,0.00015234640370686599
лошади,0.0001522357414545811
событие,0.00015219526322202639
наружу,0.00015218575931237922
вынес,0.0001521029571061338
портер,0.00015207402861949808
удовольствием,0.00015198417868503712
блюда,0.00015196080083358917
затеет,0.00015173003284062536
становилась,0.00015171963927396918
старалась,0.0001516987332708582
вздумалось,0.00015159265567777781
придешь,0.00015157529399117015
весны,0.0001515543497540396
шьет,0.00015147340070836078
глубокого,0.00015143554558616655
оброк,0.00015136051298560773
вполовину,0.00015132577359735808
провожая,0.00015130945528449012
круг,0.0001512594702553196
собственной,0.0001509552664124956
встрепенулся,0.00015085708431720885
проговорила,0.00015043520346180085
держать,0.00015043169325349465
подходи,0.00015042094562772005
застал,0.0001503528196054772
поправил,0.00015034070593399583
занятий,0.00015029094494609481
садись,0.00015028757825668438
бледный,0.00015013275033839518
любовался,0.00015005462392017103
работаю,0.00015001763245046844
лист,0.00015001373118130658
пристают,0.00014982928935741352
будущего,0.00014972629694212514
стоило,0.00014970314414324625
грозил,0.00014968971907850006
рассматривая,0.00014968727481910876
разорвал,0.000149648143982585
разошлись,0.00014957055466437112
смеясь,0.00014951546363536095
завистью,0.00014949921278773685
кончено,0.0001494090672389892
боком,0.00014930133004899964
слыхала,0.00014923561817621828
ученья,0.00014916475209275415
sait,0.00014915990624716154
dieu,0.00014915990624716154
посуда,0.0001491517014870794
солнца,0.0001489792395462765
страстей,0.0001489779263325369
зиму,0.00014897458288924692
причины,0.0001489036672915712
vii,0.00014889378674283834
забудьте,0.00014888296708878034
сидите,0.00014882964051081388
показалось,0.00014882378260038561
спою,0.00014878317874454
беззаботный,0.00014862932269745253
далее,0.00014858461737673098
издали,0.00014854906669047112
трех,0.00014852140590968402
изредка,0.00014839462480310944
марья,0.00014832731290924581
дрова,0.00014830642498715456
помнить,0.0001482786869467025
положения,0.00014827832605246447
отирая,0.00014827452841548896
собирался,0.00014825296888165354
пил,0.00014818692768229813
части,0.00014809589077634998
степени,0.00014805255391143977
потолку,0.00014802300856720855
вчерашнего,0.0001479887067538024
третьего,0.00014793905945977695
определить,0.00014791696776198922
царство,0.00014790930642049604
скамью,0.00014785356237800336
полюбите,0.00014784484506658434
какова,0.00014778063856271315
устроить,0.00014773285875455656
чудак,0.00014767849768154693
пола,0.0001476547944687493
крупно,0.000147583227701949
присутствием,0.00014740942159747016
борьбы,0.00014726955063130265
именины,0.00014726646020712733
бьет,0.00014718931574973662
тревожно,0.00014710945163035473
propos,0.00014707414961854915
живого,0.00014694229758874694
край,0.00014693929669033594
положении,0.00014689437884869857
мебель,0.00014685165750316073
удержать,0.00014678803286882059
приносил,0.0001467305338727036
зонтиком,0.00014672024427054444
беспокойстве,0.00014667129364281126
деревьев,0.00014665022763932667
участием,0.00014655313950225722
боли,0.00014652903184064127
кресла,0.00014651900619162074
удавалось,0.00014649637383076393
снаружи,0.0001464923188632656
подолгу,0.00014646875711363326
ожидании,0.00014644870935620388
мученье,0.00014633478078855292
норовит,0.00014624697051728367
недоумении,0.00014619887095166628
мира,0.00014618655121900496
почувствовал,0.00014617188910220295
свежее,0.00014613891416330175
бодрость,0.00014612478410023865
бреду,0.00014608605469778775
сложил,0.00014606024254451086
чернильницу,0.00014599152821380447
сидели,0.00014596015610908683
плакала,0.00014586883242350635
остальное,0.00014582887016048788
дались,0.0001457746524383824
торопитесь,0.0001457628479256288
сомнением,0.0001456625762712293
большая,0.000145610434074752
надвязать,0.0001456029256234152
нелепость,0.00014559375888011667
беды,0.000145510195612606
дружбы,0.00014550579297996856
тайком,0.00014542003478958395
потребности,0.0001453349084565667
целковый,0.00014525896414060126
местах,0.00014516101151786735
песку,0.00014515410929365747
имении,0.00014514716247387548
ругаться,0.00014514354775013965
станете,0.0001450942708569378
оперу,0.00014508354035368097
бросили,0.00014505806946112513
женат,0.00014505788274571645
тупым,0.0001450416611596521
разберу,0.00014503181229456836
плечу,0.00014502388144446428
измучился,0.0001449727238455101
спрашивают,0.00014485533741652492
потолок,0.00014482454875835
нужда,0.00014481421133755225
хорошенькая,0.00014480516754165486
отошли,0.00014472685573909473
джентльмен,0.000144726272717685
мирно,0.0001447237470169527
слепо,0.00014469540993755715
пал,0.00014469147326406914
пробовал,0.00014460862291247053
четверть,0.0001445769949991976
положение,0.00014456160822148766
мешай,0.00014453050685955392
мужчиной,0.0001445052641330642
милость,0.0001444045178955727
подносом,0.00014437020443822205
беготни,0.00014437012324170458
прихожую,0.00014433508440879906
людьми,0.00014425709506862654
прожиток,0.00014418796077209916
полторы,0.00014411505283593986
мудрено,0.00014408316333463142
селянку,0.00014407570487455124
спасибо,0.00014401657850698473
вглядывалась,0.00014399156343244442
стыдливо,0.00014398857863200551
доски,0.0001438495298795378
vi,0.00014382554765096073
тела,0.00014380309146360052
касается,0.00014376442284124168
увез,0.00014370303424787934
страха,0.00014366847409797288
долю,0.000143625447556408
двадцати,0.00014360331039404048
домов,0.00014354849797462994
захотел,0.00014348480444010644
зонтик,0.00014345581454969176
ослеп,0.00014343068852175632
пения,0.0001433605169992964
схитрила,0.000143280126109819
князя,0.00014320185374807026
египет,0.00014320032609463506
договорила,0.00014315660941505054
заметили,0.0001431193525550385
сделай,0.00014305363952449147
беззаботно,0.00014304071458429244
сядем,0.00014298263679412974
назвать,0.00014293557002389014
ищут,0.00014292931604043249
обнимая,0.00014279135655234114
мрак,0.0001427870358776338
полюбила,0.00014276699646284408
пекли,0.00014270312522206453
треск,0.00014258267581365125
зла,0.00014255619104501662
встретился,0.0001424545862878199
носовой,0.0001424146299916937
встать,0.0001422751961342481
открыла,0.0001421248636854162
будущем,0.00014211494211676832
оставить,0.0001420812257589211
сошлись,0.00014203156343648994
преданность,0.0001419809442390464
повара,0.00014191153114592015
зеленые,0.00014188301291309942
улицам,0.00014173832076050234
счастьем,0.00014171134082747484
благополучно,0.00014165248333709426
воскресенья,0.00014163107732613174
лечь,0.0001416158884028654
дрянью,0.0001416007691487891
отвечая,0.00014154871333312458
обедом,0.00014151123274899337
хлопотать,0.0001414884390795591
привык,0.00014140274475387784
франты,0.00014130124933794226
старого,0.00014120922769779058
поверила,0.000141158267996839
заснуть,0.00014107442626864344
давая,0.00014104939944229166
узнаешь,0.00014097811421134968
стукнуло,0.00014096035943095224
братцы,0.00014091345563274773
реки,0.00014089826557181243
русский,0.0001407727057945068
задачу,0.00014073915864072926
добродушно,0.00014072849690452532
унимал,0.00014072045775375577
недалеко,0.00014059964203177468
подавно,0.00014058822838846542
ожил,0.00014052403316091176
подарок,0.000140523145479873
очевидно,0.00014045244089608605
вглядываясь,0.00014038836282268295
бок,0.00014025538058307237
вспыхнула,0.00014014021976718768
пояс,0.0001400674278781333
играют,0.0001400620990068889
моет,0.00014005697609862042
расскажи,0.00013997070973061155
позвал,0.00013993127843446438
обедаю,0.00013985276562866668
изо,0.00013984150267761747
мурашки,0.00013979010486736763
трепета,0.00013978010848794976
коротко,0.00013973678725466882
плечи,0.00013971645153928056
плетень,0.0001396673117809982
роман,0.00013963814333580336
негодяем,0.00013962860580543434
земляка,0.0001396035381340532
предвидела,0.00013959909158681971
моем,0.00013954750611284712
хорошее,0.0001395148041825617
ответила,0.00013950710148101972
страстный,0.00013950091448183366
пожалейте,0.0001394589635498989
нехристь,0.0001394217376201177
уговаривал,0.0001393663708236166
успокоился,0.00013934888816070012
положим,0.00013927423704963933
потупя,0.00013917263669620066
привыкает,0.00013914219202779506
малейшего,0.00013913759051381884
прибавить,0.00013907279147744883
обманул,0.00013905192586687997
беспорядок,0.00013905075612384685
обедают,0.00013901978951898433
решительным,0.00013900641089435327
шипел,0.00013899691633581458
ошибается,0.00013894838583984552
силах,0.00013893752114923529
туман,0.0001389180768235817
пятого,0.000138895548423403
волнение,0.00013884333606799707
съедет,0.00013883557865835468
полтора,0.00013880063180400046
спела,0.00013879006033070193
ужина,0.0001387703876093687
человеке,0.00013869683538412643
молния,0.0001386571024194188
замечает,0.00013864871128575542
силами,0.00013864738162815683
ежедневно,0.00013857981429603411
носу,0.0001385708095245097
чужое,0.00013850327895569497
войдет,0.00013838962883060547
паспорт,0.00013837054128768177
вдова,0.00013818307723699875
лучей,0.00013816973253176555
вдаль,0.00013808474924250478
участие,0.00013805894930074954
свету,0.0001380287886883342
случается,0.00013801598218387732
африку,0.0001379515141682431
этакая,0.00013791582017798026
каждой,0.0001378877601001435
броситься,0.00013775174974148466
стула,0.00013764174889627248
воротится,0.00013751262057336172
просьбу,0.00013746793670823878
ворчанье,0.00013735227992162473
отчет,0.00013733712726989565
следовало,0.00013730592576588474
делаем,0.0001372903886178647
шутливо,0.00013724302701808008
совесть,0.00013718799513805428
закрыл,0.00013717004882947883
аллеи,0.00013713412802406327
столом,0.00013709146712291006
месту,0.00013696463442175992
прости,0.00013691888099658366
правы,0.00013682181587869116
обругает,0.000136816514472762
добром,0.0001367068409779997
помогите,0.00013664513273069397
застенчиво,0.00013664286400704264
au,0.00013662851514335852
ляжет,0.00013661058147982952
вороны,0.00013658796465055125
напиши,0.00013649678119538039
прежнее,0.00013642448733907226
положив,0.00013638957349741858
смейтесь,0.0001363837227982262
табаку,0.000136358104964756
смею,0.00013635444217920592
подозревал,0.0001362638864334132
упреки,0.0001362489307040513
спят,0.00013623596133509935
ленив,0.00013617399787425896
направление,0.0001361183884095976
ядовитое,0.00013611378480192556
прямой,0.00013595343616115417
пламя,0.00013595026843642638
играет,0.0001358830986671127
прочь,0.0001358715891847834
ноты,0.00013586040817517467
цыпочках,0.00013582450831891953
дням,0.00013579650930899348
улыбке,0.00013565323645377018
поможет,0.000135610250457729
кухарка,0.00013560272606829503
передразнил,0.00013551613343623607
вечное,0.0001354413194562369
облака,0.0001353989966424435
ружье,0.00013539778877753395
поэзия,0.00013538484348011735
проходили,0.00013534406850598764
оброчных,0.00013527817062021223
надеть,0.0001352387524977249
лиловое,0.00013516957401240383
доверчиво,0.00013516618800131004
стенам,0.00013515580221752887
пустить,0.00013515347845517492
букет,0.00013506796061377394
скажете,0.00013506187631215426
вечеру,0.0001350296929330435
мосты,0.00013499252190625995
боязнь,0.00013495187323417994
дружески,0.00013493463958957886
налево,0.00013487062953145113
держит,0.0001348691898310207
замахиваясь,0.00013477246916634742
висит,0.0001347131565114861
заложил,0.00013470081074539586
повар,0.0001346252067462469
окнами,0.00013459816662593447
ii,0.00013451781802673417
поняли,0.00013443829312010278
намерение,0.00013443514518264701
табакерку,0.00013439030290581845
проводить,0.00013430387024021724
наивно,0.0001342763048717694
лежу,0.0001342349597033301
работой,0.00013423249710874127
углы,0.00013420367769530957
прожили,0.00013411352739479143
отдохнуть,0.0001340596674780623
озираясь,0.00013388028423695424
оглянулся,0.0001338154650876248
черту,0.00013379090900304347
губами,0.00013375746443849382
школе,0.00013374144100839622
алексеич,0.00013373580793105518
оставила,0.00013371604417493916
давать,0.00013362782671728156
светлое,0.00013360158731684922
правильно,0.00013359231362432094
капитал,0.00013354702417844668
виду,0.00013351358236844682
выдумать,0.00013342261173168686
плане,0.00013338656671682287
всюду,0.00013337680745845952
заботился,0.00013337600177793998
мужчина,0.00013331005741029075
уверенный,0.0001332405245401159
понадобилось,0.00013320124916315907
плут,0.00013316933378691484
генерал,0.0001330723314993398
считая,0.0001330592011037916
скажем,0.0001329815948436763
кашляет,0.00013292994805115245
цыплята,0.00013292411964445139
боку,0.00013286560938077584
войти,0.00013283378473148336
скрыть,0.00013279849103458964
обрадовался,0.0001327890524745321
лавки,0.00013278129682230158
приходил,0.0001327297004248424
науки,0.0001326025862360807
приедем,0.00013258486610230008
думаете,0.00013257548272073587
немецкой,0.00013255730599058793
веселый,0.00013253551878671896
увлечение,0.0001325009192112908
история,0.00013243076736754232
свидетелях,0.00013241391492251384
разлюблю,0.00013236085861905637
сыщу,0.00013234977689802907
боязнью,0.0001322915628889405
михея,0.0001322798410763766
рубля,0.0001321733231540071
досада,0.0001321585365056648
помощь,0.00013215194088020922
показал,0.00013212249803709345
наскоро,0.00013209897571727155
греха,0.00013209688301146888
целого,0.00013207922733906577
усталости,0.00013207387987146895
доволен,0.00013207201589942127
перчатку,0.00013201501650624386
пелагея,0.00013193015508917216
духом,0.00013190195791793518
часам,0.00013188867342105637
зайти,0.00013185808717126638
испугали,0.0001317871570348339
дорогой,0.00013178658997523924
общества,0.00013173561184038067
велят,0.0001317310576279218
вполголоса,0.00013165987509184389
отнял,0.0001316518484900848
чувствовать,0.0001316125553257812
мучился,0.00013161130121261484
поэт,0.00013156691003577184
кушать,0.0001315408543053241
входил,0.00013150994031596396
пожить,0.00013150413185566065
свадьбы,0.00013150335742861746
припомню,0.00013145441850532635
хватили,0.00013145441850532635
заметить,0.0001314210417474843
одеялом,0.00013137503476161726
нежной,0.00013137093397368313
симпатия,0.00013134839155674912
выходить,0.00013133607936403882
понимает,0.00013132520895859664
заехал,0.00013126279689751062
леший,0.0001311263502838396
запретил,0.00013100543475662153
шеей,0.00013099996167573657
ответит,0.00013098922408538708
очереди,0.00013097071151083845
вернулся,0.00013096533660104202
маленький,0.00013090554893557848
чудо,0.0001308723263444839
сахар,0.00013086537150974013
дремать,0.0001308215992034524
доктором,0.00013081255229282904
задели,0.00013067293005534123
роскошь,0.00013066986047560261
движением,0.00013060574486851377
приезжала,0.00013058499378809692
чистой,0.0001305398899057586
волнении,0.00013042413504763518
зов,0.00013040768166402349
верили,0.00013038500075844198
щеке,0.00013035448064666126
ртом,0.00013035252263428267
расскажу,0.0001303485981794553
губах,0.00013032724895998125
попрекаете,0.0001302439639357755
совета,0.00013024328955352657
беспокоиться,0.00013023228941135123
кипит,0.0001301684949936426
трое,0.00013014542809684267
трактире,0.00013014014596844154
вопроса,0.00013010739824256023
приняла,0.00013003863459136672
концы,0.00013002160685797958
вечная,0.00012992531528924138
верила,0.0001299129055556691
добр,0.00012985837606272434
чернила,0.0001298503775248949
осенью,0.00012973955154374877
теплый,0.00012970274726087857
плотник,0.0001296847678290362
женщине,0.00012961130895118112
простой,0.00012959178759913744
ковре,0.00012944674069620253
большими,0.00012944658278496993
одушевлением,0.00012939535364491313
крылья,0.00012937450561095867
прожить,0.00012937368456758462
устанете,0.00012931478995014555
учитель,0.00012927961643180167
равнодушна,0.00012921842365203436
вытаращил,0.0001291264989612517
временем,0.00012912252231997898
послушно,0.00012910054366459836
галереи,0.00012907830859786753
явления,0.00012904907556011644
среду,0.00012899592520693778
восьми,0.0001289751896007213
играла,0.00012896694417382132
всяком,0.00012895650954914848
шутить,0.00012894297580030075
выросла,0.00012887414780955988
тревогу,0.00012886551742882603
встаете,0.0001288532771636595
возмутить,0.00012878268034706718
сию,0.00012876942812686514
роли,0.0001287567024540936
воспоминание,0.00012874390638069225
берет,0.00012872091339625436
еду,0.00012869203803763535
попеременно,0.0001286396388890283
полуотворенную,0.00012862328441690725
утвердительно,0.00012862260363291094
скамьи,0.0001285849825272598
брали,0.00012854625077161381
прав,0.0001284636306786588
украдкой,0.00012846209548420204
кончила,0.00012842043840135596
сахару,0.00012841436050293754
комнат,0.00012837393326865782
требовала,0.00012835956177641427
житья,0.00012833916229061865
поднимет,0.00012821942051079996
плати,0.00012821598302775907
смирно,0.00012819532658147996
устану,0.00012819328593979373
задремал,0.0001281081237596879
дне,0.00012806573914976127
этакую,0.00012803107800972923
попроси,0.00012801072970973105
пропадал,0.00012796881244256684
четырехэтажный,0.00012793548029005705
гораздо,0.00012792420794848148
четвертый,0.00012792298343917134
заставить,0.00012787696202391525
гладит,0.00012783952333790142
выходя,0.0001278154941218651
приложил,0.00012767617841844106
жениться,0.00012765700003560288
звала,0.0001276547262026634
тревожиться,0.00012764872196088486
одеяла,0.00012764157232715242
напомнил,0.0001276269096794837
которою,0.00012758223059096882
смолкло,0.00012757106970873714
ожидала,0.00012743586108921465
деревенская,0.00012743353604948677
убежден,0.00012739538856379551
приятеля,0.00012736817185447454
недаром,0.00012736465948404773
занавески,0.00012733012841176193
случайно,0.00012731068070507716
злая,0.00012730156738335787
новом,0.00012718264052824624
старому,0.0001271273761322596
логика,0.00012711399617878807
просить,0.00012708782830969995
смей,0.0001270831804885975
повернулся,0.00012704842934131233
свято,0.00012696239923304446
важное,0.000126913057291376
закон,0.00012689970947476724
неурожай,0.00012688711317110845
мети,0.00012686126680182998
проще,0.00012683256300239574
шаталось,0.00012682431317582435
широкие,0.00012681059902350329
досказать,0.00012677501942349827
урок,0.0001267651661648044
картину,0.00012676354365635987
прибрано,0.00012675039970968488
уезжая,0.00012672910933782906
клянусь,0.000126697020052564
намерения,0.00012668152584061946
разным,0.00012666860283482186
траву,0.00012661814577897453
молода,0.0001265783669387777
возьмем,0.0001265584890550234
улыбнулся,0.00012649200853655655
заново,0.00012647985028478698
книге,0.00012646111460172809
обратилась,0.0001264296284076657
осени,0.0001263597127553112
позволит,0.00012633867050135098
целая,0.00012631342974417899
экая,0.00012625734482099091
случайности,0.00012625039130677795
косясь,0.0001262304447044741
желать,0.00012622073268798515
грамоты,0.00012620903430431388
чернил,0.00012618705970640328
ухо,0.00012617642113841996
разумеется,0.00012604608881997833
тишины,0.00012601830347091448
шепнул,0.00012595191448931946
раньше,0.00012592638852752228
опустился,0.00012591790146063535
веря,0.00012590497748336764
вывел,0.00012587820426591237
пошлет,0.00012585059268907124
ворочалось,0.00012580864518376908
шучу,0.00012572578031172385
цветок,0.00012568969156540825
силе,0.0001256714691975787
обоих,0.0001255918483724624
шутил,0.00012558992104256994
разговоры,0.00012558114341055702
палевые,0.00012548780568672266
всякая,0.00012546645767649197
снимая,0.00012543673602690754
приказали,0.0001253824049767333
кончил,0.00012535000738631423
ест,0.00012534869981449046
прислал,0.00012529860855672683
рвать,0.00012527755747024607
пред,0.00012526210727073917
ловить,0.0001252535088233176
явлений,0.00012521861676690374
помяни,0.00012506260108584644
новое,0.00012502506355982284
портнихи,0.00012501079208795927
обязанности,0.00012494597762131688
полный,0.0001249330972824565
уйдите,0.00012491462333323508
старом,0.0001248971174911789
рай,0.00012486921153603337
потихоньку,0.00012485821319309408
успела,0.00012484445222213334
хватая,0.00012465060157873842
счастливо,0.00012464724079808875
кухни,0.00012459090486347646
маленькие,0.00012457057784999746
убедительно,0.00012449993450757072
многих,0.0001244801519704674
заглянула,0.00012447839683702675
отыскивать,0.0001244751629293082
смеешься,0.00012445992663732646
карете,0.0001243283993306627
xi,0.00012429979595195495
крови,0.00012424942102865722
первые,0.00012423650743678907
проходит,0.00012414092177228243
поставил,0.00012407647923559216
снимать,0.00012403781381276925
барышни,0.00012403145924367464
теснит,0.0001238331948515994
сухой,0.00012381510069527917
сада,0.00012377079587268103
успокоить,0.00012375700980742584
известный,0.00012368779472185002
приходи,0.0001236365899908088
особый,0.00012360297701888198
посмотрев,0.00012357809705873881
воротились,0.0001235669252536732
кружева,0.0001234671962692784
светом,0.00012346087628771761
издержек,0.0001234485590183351
viii,0.00012343545181270728
припасы,0.00012341678692550083
перевезут,0.00012338863469576187
поставить,0.0001233736507320396
заемному,0.00012331117280558164
ковры,0.00012330319362122873
узнали,0.00012328442976922973
центра,0.00012326654128915146
толчет,0.00012326328028028347
жалкие,0.00012322447334283125
салоп,0.00012316547380329817
удерживал,0.00012310092638850064
крики,0.00012306997658234294
пальто,0.0001229664560254524
уносит,0.00012295475579842885
начиналось,0.00012294330682105544
неугодлив,0.00012293956914117323
порядке,0.0001229348373191905
влюблены,0.00012290291873627893
аппетитом,0.00012285982197226416
шлафрок,0.00012284799139469153
апатию,0.0001227220650827209
всякую,0.00012270393602098852
жадностью,0.0001226972578115116
заботу,0.0001226876440073958
кивнула,0.00012268135704580422
верхом,0.00012267231159775153
бровью,0.0001226064863463402
вдали,0.00012255340585129115
опыта,0.0001225521100698257
наблюдал,0.0001224785603711394
нежность,0.00012242732729338867
нанять,0.0001223735277312188
стуле,0.00012236402414303812
яснее,0.0001223498441932135
губернатору,0.00012233580389075935
покорности,0.0001222803846690681
настанет,0.00012223876749163477
ветки,0.0001221512740007711
воображения,0.00012212717266759233
дико,0.00012212435938071983
обломовский,0.00012195721005284396
выбежал,0.00012195044109633395
которыми,0.0001219472793693797
уловить,0.0001218633569520385
кивнув,0.00012182197395214434
удастся,0.00012174116232087048
простодушно,0.00012171059819659191
схожу,0.00012170215791155186
ем,0.00012169556112188925
приобрел,0.00012166673806366095
бледен,0.00012158709352201878
тайны,0.00012152270266851213
мучусь,0.00012151732287272629
лучшая,0.00012147561386379379
душно,0.00012145975354549632
мертвецы,0.00012144442641769724
полей,0.00012138265288659265
сияли,0.00012138218255409551
спросите,0.00012133009926100124
слышался,0.00012132633148811431
решились,0.00012130571847925799
являлась,0.00012126866996201588
подними,0.00012125550161326043
слушает,0.0001212077251852576
сырости,0.00012117995915782285
взрослые,0.00012115421054043552
озеро,0.00012105530193637138
объяснение,0.00012101007032524199
сумасшедший,0.00012097654391830275
книгой,0.00012093795096235152
справедливость,0.00012092675629878296
горечь,0.00012091975556521524
сделано,0.00012091607992607839
ненавистью,0.00012087476744891061
движений,0.00012085016874855964
воскликнул,0.00012082040948246856
грусти,0.00012079859027309775
входила,0.00012078097236043007
благодаря,0.00012077281651571279
бурш,0.0001207116684690497
повторю,0.00012070661459971039
подписал,0.00012070647182361375
капуста,0.00012070491582955405
готовый,0.00012068229081081226
интересы,0.00012064664791241203
приготовить,0.00012050770755825357
задумывалась,0.00012050346547291277
став,0.00012048334364167773
деньгах,0.00012047661775977511
чиновнику,0.00012045423914140901
признание,0.00012044879549807722
вмешался,0.00012043828408517631
протяжно,0.00012041098769483963
дрожащим,0.00012036638337095103
извергнуть,0.00012023292916294646
поздравляли,0.0001202317852946216
углов,0.00012022291928586269
приказание,0.00012021414242552179
пользу,0.00012013713240035979
ездите,0.00012005077377147055
портного,0.00012002333072063492
придумал,0.00011997977006442634
увидела,0.00011996186417181536
записку,0.00011995412106706365
покорной,0.00011995098257451923
горячка,0.00011992551181760097
пятницу,0.00011986556430169113
хотеть,0.00011985165248212287
женюсь,0.00011982231162716264
хозяйничать,0.00011974647692435523
остановиться,0.00011967085736865975
радостным,0.00011965079777282311
потерялся,0.00011958070168661238
значило,0.00011955950475801166
приготовиться,0.00011951684939342678
удобно,0.00011950535653435728
чужим,0.00011950289214658933
торопился,0.00011948721007826
женщинами,0.00011946015193465676
остолбенел,0.00011944465400193871
положить,0.00011941131879215362
замирает,0.00011938804673780978
пойдемте,0.0001193800337097832
гадко,0.00011929093065845725
обмануть,0.00011917120638660278
выдумаешь,0.00011913808146232316
засухи,0.00011911776885678509
клочок,0.00011911722992604461
полноты,0.00011909332642355749
хохот,0.00011899388308024565
гостить,0.00011890754929122698
секрет,0.00011889511288766178
мелочи,0.00011887664680272694
появились,0.00011886675688457224
высоко,0.00011883044303845678
парижа,0.00011876280855635181
весть,0.00011876271613917105
трогай,0.00011870555394919753
прошлого,0.00011867708404272034
лежите,0.00011867475103537547
мужик,0.00011867397932693473
этакому,0.00011866150617782964
верил,0.00011864883335951328
париже,0.00011863513309206472
горели,0.00011859377755286154
платишь,0.00011849061324441606
останавливались,0.00011848443964341067
явилось,0.00011846990490149748
деревья,0.00011844579345213175
щетку,0.00011833854309339598
сошло,0.00011828824127054123
границы,0.00011822762289716224
приехали,0.0001182087859664009
болтовни,0.00011820821683800714
простился,0.00011818352615478838
гордости,0.00011811871530824704
праздно,0.0001180069369411028
отделения,0.00011792590619854237
подумаем,0.00011790896894982506
дерево,0.00011784245176181017
глядели,0.00011779001074580757
солнышко,0.00011777985198421182
веришь,0.00011776046953674833
течение,0.00011763128653392961
происходило,0.00011760024159833125
воображению,0.00011757819206590592
вопросе,0.00011755832504169763
садился,0.00011754100539396927
пробежал,0.00011751825027350767
крыльце,0.00011751481128448112
квасом,0.00011741163648056943
канаве,0.00011740758482513143
прогнал,0.00011739886283538066
складка,0.00011738323576756923
подушке,0.00011731843716288874
ильичом,0.0001173011265797775
ильей,0.0001173011265797775
отнять,0.00011727634660718914
каждое,0.00011725705123060132
родителей,0.00011716322937479021
движется,0.00011715541277105932
источник,0.00011711866588035404
быту,0.00011708553271452865
шкаф,0.00011705858571687183
выдержала,0.00011703146789563043
страдания,0.00011701862644724032
шляпа,0.00011701565049096703
жалости,0.00011699147544706012
грации,0.0001169641848143997
рос,0.00011692780746682237
директор,0.00011691480643888541
тратить,0.00011687285315781615
чиновник,0.00011686463617316353
наказание,0.00011686380402213974
вспомню,0.00011685179736094001
канвы,0.0001168408737233437
гостиной,0.00011683313680286303
вспомнила,0.00011678063608491497
снять,0.00011677356717241217
лакея,0.00011676519676824982
прыть,0.00011676387994469046
кланялся,0.0001167308000023582
клевету,0.00011673006316411074
мосеич,0.00011663263699912408
передадите,0.00011662544292317164
выходило,0.00011656799037267306
пятнадцать,0.00011652947738301395
принесла,0.00011652614261188565
смольный,0.00011642622761500859
приходила,0.00011642548953850791
галерею,0.00011638898020563564
берега,0.0001163083506263993
поверить,0.00011626070770773467
увидимся,0.00011624829398897268
борьба,0.00011607932636243843
значение,0.00011599766624485973
друзей,0.00011599739902469712
границей,0.0001159908353978653
греши,0.0001159856229964035
бросит,0.00011596188158029838
прыжок,0.00011592705667660013
везти,0.00011587723507599155
такими,0.0001158636063874028
тревоги,0.00011578238280385541
поцеловать,0.00011576386793656616
поймал,0.00011576105809895409
число,0.00011575485032365214
застыдилась,0.0001157378697974524
засмеяться,0.0001156754704036797
простонал,0.00011565486478063205
коляске,0.00011565373496021847
странная,0.000115599802189392
красное,0.00011558504931737238
поверите,0.00011555869738538479
родины,0.00011554258393584185
принести,0.00011551546475510797
углубился,0.0001154910220170905
симптомы,0.00011548457261373476
игры,0.0001154819393328911
признак,0.00011544304780892689
беседке,0.00011541880385363884
добру,0.00011540992955032708
скрылась,0.0001152415392012426
туфли,0.00011519038635611912
река,0.00011514661138399872
андреича,0.00011512103833989049
крайности,0.00011511527932579594
страстью,0.0001150872216045511
наизнанку,0.0001150610639636659
совету,0.00011505735435197992
умыться,0.0001150374579596961
старухи,0.00011501465709634428
баранина,0.00011496886127737298
косынку,0.00011491217228989413
языком,0.00011489993677117905
довольна,0.00011488779580812438
прочтет,0.00011487204903234553
курить,0.00011485817234425709
содержания,0.00011477389468601807
воображении,0.00011469809199693178
гнет,0.00011462646998236285
начинала,0.00011462143490247669
жалок,0.00011459859098331498
сяду,0.00011453288511311883
ядовито,0.00011447871590437812
пироги,0.00011442717355705705
испуганными,0.00011442616187268254
школы,0.00011440092658839057
сирень,0.00011435933511788965
поскорее,0.00011429638082718979
сталось,0.0001142864313938385
достал,0.00011427554510587695
молчания,0.00011424399433710664
холодом,0.0001142275317490395
бумаге,0.00011421408769018573
замайте,0.00011420301437609643
слух,0.00011419124195599766
подобных,0.00011413968288706748
повесил,0.0001140973597549214
объявил,0.0001140662447440545
глубокой,0.0001140571390178462
перестала,0.0001140355374534719
деда,0.0001140304244357389
контракте,0.00011399826633854183
капусты,0.00011398351414785489
неба,0.00011396310938497958
несправедливо,0.00011395032957984327
наслаждаясь,0.0001139320808075211
людской,0.00011391373355515043
светлый,0.00011391353455899305
откликнулся,0.00011390666582953483
бросив,0.00011390225113325108
выразительно,0.00011385293687756619
обманывает,0.00011384349544779946
хриплым,0.00011380461568645292
отказала,0.00011371654021459088
привыкла,0.0001137026693875922
отцом,0.00011369247102870602
своею,0.00011367418890677409
тряся,0.00011364958460658852
примется,0.00011360114850670773
пристаешь,0.00011358388188528597
нежности,0.00011355324718529345
возьмешь,0.00011354320204881777
поэтому,0.00011353837199338215
ветер,0.00011351033398934859
помешаю,0.0001135011588822883
признаться,0.00011349387011116077
заикается,0.00011348940908679062
достоинство,0.00011348780410119818
выучиться,0.00011347407101371823
назначение,0.00011343965835984713
лежанке,0.00011343760524962573
посторонний,0.00011341854001376252
раскаянием,0.00011341641648656965
добивался,0.0001134091044147481
халате,0.00011336943706483644
легкая,0.00011335395890490811
первых,0.00011334036472441226
распускать,0.00011333773431138171
вольно,0.00011332972079078068
нерв,0.00011330888730382802
застонал,0.00011328773212715723
буфет,0.00011328681012735193
вызвал,0.0001132288157637343
довел,0.00011322329538808913
научил,0.00011322329538808913
поэтический,0.00011322048967052993
шалун,0.000113205728687896
поедете,0.0001131705132878392
домовому,0.0001131642985437831
очки,0.00011311133832208219
благодетель,0.00011306696760276358
россии,0.00011304380447211857
дался,0.00011298939489807485
водку,0.00011297273365727012
заголосил,0.00011296870606953162
шума,0.00011294817273715808
дворника,0.00011291953003412014
особо,0.00011291654247082815
принимая,0.0001129030576505894
завидит,0.00011288646247453363
толпа,0.00011280608438885076
недостало,0.00011276878864478006
влажны,0.00011272735898184336
боролся,0.00011269871084981147
настала,0.00011267220835155614
мерзавцы,0.0001126277543634162
мрачен,0.00011258068029650711
падаю,0.00011257121357463667
гривны,0.00011255874132042502
научите,0.00011255519773000405
ребятишек,0.00011248775457913195
масло,0.00011247495803073327
мужчин,0.00011244279053175271
лестницу,0.00011242685062111276
позову,0.0001123169722645849
привести,0.00011224302688558839
чистое,0.00011224020002071854
мороз,0.00011211353835814032
рому,0.0001120272283732384
ряд,0.00011201545417870503
звать,0.00011196658232085757
ушей,0.00011195778931642075
мучиться,0.00011195517254782452
сыскать,0.00011193649536884068
неизвестно,0.00011189218557691429
прогулки,0.00011189022644918006
дрянной,0.00011187471549376217
пятнах,0.00011185680852032737
кучей,0.00011182799440527968
привстав,0.00011181574705596795
продать,0.00011179845172138721
чашку,0.00011178205452924333
подставляя,0.00011178054821083425
покоен,0.00011176132878029222
очутился,0.0001117017108265643
комната,0.00011164340031419153
большей,0.00011159672820973793
разносчик,0.00011156050891386198
главное,0.0001114628074258055
съедем,0.00011143425488569685
возражал,0.0001114236519045252
обеих,0.00011138174308397263
ощупью,0.00011138093866901561
родились,0.00011136084416452639
готовил,0.0001113569312615445
перчатки,0.00011126893744987606
объятия,0.00011126683589339813
особенного,0.00011126569047845586
каждую,0.00011123907060170448
канарейки,0.00011122246853186611
бровь,0.00011120491598911506
ненадолго,0.00011119310968893314
поняла,0.00011118707410684913
суббота,0.00011118124289768083
поминал,0.0001111468816004785
состояние,0.0001111433393917842
разбросались,0.00011113820956536286
лукавства,0.0001110985616150631
выгоду,0.0001110793920845852
вечерам,0.00011107495410450352
широкой,0.00011106763727818522
отъезда,0.00011105678474519607
герой,0.00011105243640249116
понимали,0.00011105008605719207
организм,0.00011103809988304506
схватила,0.00011101875414560469
гостю,0.00011101491587824628
велеть,0.00011097137002402716
отвернулась,0.00011096835322286167
дошла,0.00011096312573037514
шеи,0.0001109459618841996
спали,0.00011093277955224013
заложить,0.0001109237925771567
надменно,0.00011089963297486741
наблюдать,0.00011086597173289749
господ,0.00011083859573772663
сестрой,0.0001108111662527208
удивляясь,0.00011075922888583604
гороховой,0.00011073340488757357
сладко,0.00011069072433793453
глазу,0.00011069043509888495
видаться,0.00011067288743711486
празднике,0.00011064443352601444
стояли,0.00011060577962034556
позвать,0.00011060378064660464
таков,0.00011056476854682851
быта,0.0001105290872183548
ответом,0.00011051290853985366
подозревая,0.00011050929645389367
куска,0.00011047598849946649
превосходительство,0.00011046980343709981
киева,0.00011046083441602733
швейцарию,0.00011042787703337608
терзалась,0.00011039168560910946
терзается,0.00011039168560910946
горничная,0.00011035599752452894
сиди,0.00011027826818464066
адская,0.00011027712037397096
решилась,0.00011013206809040843
детстве,0.00011009546606172556
получили,0.00011001708800131784
кроткий,0.00010995623922392037
требовал,0.00010994378526593783
сливки,0.00010993051320438734
тревога,0.00010991681453711066
утонула,0.00010987139925955674
обращался,0.00010985893064595883
собрался,0.0001097969439411443
внезапной,0.00010977841878651701
замечая,0.00010974871353733402
длилось,0.00010972987458870173
надевает,0.00010968470182434231
рощу,0.00010962339659916218
мигнул,0.00010960645259742894
писем,0.0001096055270283315
оказалось,0.00010953393786930318
земли,0.000109507626527801
добавила,0.00010944453339561422
расстроил,0.00010938999560995078
старым,0.00010938293600949501
шелковые,0.0001093554375154628
направились,0.00010933986517672896
ошибкой,0.00010929213153950452
отъездом,0.00010928990017958492
кабинета,0.00010928378199339735
поколения,0.00010926974265240297
явно,0.00010925011552312676
нюхала,0.0001092398846093374
замок,0.00010923297296920119
половой,0.0001092200068889139
вода,0.00010918276275408599
засвидетельствовать,0.00010916473666991355
скотина,0.00010915711195147511
пришлю,0.00010915297931174216
видишься,0.00010914819598615725
принесет,0.00010908679669628797
мигал,0.00010907853266134059
управлял,0.00010903046603278703
дамы,0.0001089984793923371
характере,0.00010898174219012393
поискать,0.00010892850625547316
ищу,0.00010892820388928677
литературе,0.00010891372573486613
пожелал,0.00010891083742204222
отчаянный,0.0001089103504280806
семьдесят,0.00010881639655673773
вел,0.00010879876760720544
видимся,0.0001087627011662916
глухо,0.0001087210884980823
неведомым,0.00010869199542758936
костюма,0.00010865937120714607
говоря,0.0001086397664471564
закрыв,0.00010860516820542572
поднялась,0.00010856683680721562
впечатления,0.00010856551300729089
считает,0.00010854227764161324
страдал,0.00010849254647041974
вечный,0.0001084776860171085
завидно,0.00010846351411181472
предположение,0.00010844713965980483
предметом,0.00010843939388589052
образа,0.00010841828050724301
ровный,0.00010839790406309136
упадет,0.000108396217874117
нашего,0.00010834807002641253
сыщи,0.0001082960895487413
поделом,0.00010828652666027314
решиться,0.00010828546747109158
радовался,0.0001082731042440281
бросалась,0.00010827098810177672
указывал,0.00010824909194490415
попросила,0.00010822261024657156
тьфу,0.00010819313280503166
крадешь,0.00010819313280503166
остановила,0.0001081736613501417
распускал,0.00010816605644472123
вздрогнула,0.00010816128641251691
ввести,0.00010809916017537185
алексей,0.00010802145848441535
выдумки,0.00010798808572550595
брата,0.00010798709831332053
склонив,0.00010798507885050398
сорвала,0.00010797462992532792
кусты,0.00010790620334031185
подойдя,0.00010784738402600609
нечисто,0.00010781428322579375
уважать,0.00010780064633661676
завести,0.0001077259552322396
дышит,0.00010765377763834206
пошутила,0.00010763370311446334
борьбе,0.0001076226089284121
жаловался,0.0001076094674781359
бегает,0.00010760807478126121
леса,0.00010758503996003912
старой,0.00010755768814924179
знай,0.00010755194130839816
чистота,0.00010744033760268278
горестно,0.00010740401438431357
переедете,0.00010740177748981246
выпить,0.00010739471647390571
искусно,0.00010735898413269335
согласие,0.00010734397490714895
испугалась,0.0001072926059616824
кушает,0.00010728969948273678
заключение,0.00010727247515689953
золотой,0.00010725783113216164
дожидаются,0.00010725627889998455
нравилось,0.00010723615138524302
спуская,0.00010721540763758103
упреков,0.0001071433855799726
ветке,0.00010714241213259191
шло,0.00010714018150485895
подадут,0.0001071329578079593
свидании,0.00010709765932403781
апреле,0.00010707650974930791
итак,0.00010705953884835194
исполнил,0.00010700769938029509
деревня,0.00010696448303584428
горьким,0.00010696383052773553
сдачи,0.00010694334212557065
намек,0.00010693927768026774
восемьсот,0.00010692944372632565
возможность,0.00010690969797481552
соскучились,0.00010688487076564152
вспомнив,0.00010688145341542865
человеческого,0.00010686218814717923
пятьсот,0.00010684115300005731
бесполезно,0.00010682909488180169
забора,0.00010682764239101062
мешать,0.00010680091815244762
проклятые,0.00010678770855635055
хохочет,0.00010677147716303798
стоять,0.00010674894404362996
привычке,0.00010674623870031351
полюбить,0.00010672964968394954
доходу,0.00010670423941520094
досталось,0.0001066941828785171
строгой,0.00010663975797421643
занимаетесь,0.00010662003763152177
поспешно,0.00010660888325622133
выпало,0.00010660573534576799
проглотил,0.00010657058991519278
лишнее,0.00010656878284827809
заглядывая,0.00010653973102876316
рассказать,0.00010653396559137333
сильным,0.00010650363156754301
важностью,0.00010648866746566732
половину,0.00010647218397631661
третье,0.00010646059666017124
привычка,0.0001064591700062512
перевод,0.00010642393951241926
бояться,0.00010638555397209673
задумчивым,0.00010635303506052115
пускают,0.00010633591997693657
печальный,0.0001062559826706369
курит,0.00010624126847156165
бросить,0.00010619561418964615
вырвал,0.00010619251444095074
шути,0.00010618785182404865
дойдет,0.0001061816092667093
бываю,0.00010616936824913438
пишешь,0.00010616554046491948
тяжелое,0.00010613079392867464
чурбан,0.00010611414107971308
отрезвляясь,0.00010610783121203503
впору,0.00010604790766165678
мила,0.00010601675887232417
батюшки,0.00010597715539250341
птицы,0.00010597451363854696
заблистали,0.00010595496245552804
отсутствие,0.00010595043989103544
фортепьяно,0.00010590506400757522
страницу,0.00010587660381664636
настоящий,0.0001058098530072088
пении,0.00010577012786455995
спрашивай,0.00010574444037366338
букета,0.00010570169321794938
отцу,0.00010569729079170854
зашипел,0.00010568294387024059
захохотал,0.00010566080935525255
сору,0.00010559310328920028
пожелать,0.00010559236674079713
колода,0.00010558297746496236
трещат,0.00010557158139077889
продолжая,0.00010552168612819894
следы,0.00010550891886888801
закричали,0.00010550109641785423
стекло,0.0001054944693231285
сестры,0.00010548427409625675
местами,0.00010531567242266508
наслаждался,0.00010531366691050248
revoir,0.00010530676687249721
намерен,0.00010529337191667749
башмаки,0.00010523162599447941
ветреность,0.0001052283350516633
бежал,0.00010520607377193997
блеска,0.00010519352767913762
деятельность,0.00010515830960227658
выставилась,0.00010510228878121682
баранину,0.0001050729635797333
почитает,0.00010505439155654756
людскую,0.00010505429137105437
шагом,0.00010503583458155684
терпеливо,0.0001050180490390577
дешево,0.00010499013797026807
уперся,0.00010498290463459327
побывать,0.00010494201426831061
болтают,0.00010482206496516162
практический,0.00010481731712856245
креслами,0.0001048133471735868
нравов,0.00010480321865331001
отказать,0.00010478463016846803
следит,0.0001047600211751415
втайне,0.00010473022461391405
полюбили,0.00010471666234835141
строить,0.00010471548013285797
постучал,0.00010469950723031204
тайну,0.00010467066499121105
изволили,0.00010460214651768733
клопов,0.00010460150683741435
чувств,0.00010459741425342937
стоя,0.00010457889381301128
необходимости,0.00010455513733778889
пансионе,0.00010452789163073623
пойми,0.00010451655941673185
бежишь,0.00010450687724429662
разнообразно,0.00010447422905963755
замечать,0.0001044534337002218
понедельник,0.00010435569352055316
послали,0.00010435247112671492
строгий,0.00010434799361693189
испуганное,0.00010429867988893334
подумайте,0.0001042933897987287
вблизи,0.00010422803207529577
расходы,0.0001041966540537272
умываться,0.00010418065533408442
боитесь,0.00010416377032533553
жалких,0.0001040947380088178
житье,0.00010409426741090894
нечаянно,0.00010408713176518487
боишься,0.00010407208528244106
квартирой,0.00010403705951304367
тронул,0.00010403645140628841
лодочник,0.00010403117886828709
осень,0.00010399776862154351
котенка,0.00010397942860775556
нога,0.00010396855223465601
наталья,0.00010396742249945216
заметив,0.0001039494590027097
пьяницей,0.00010393930610803201
корова,0.00010388674870796428
продолжай,0.00010382440110202101
спирт,0.0001038198200802413
полноте,0.00010379089826724647
разлюбить,0.00010378096766903155
двум,0.00010377905750743956
находил,0.00010377822498568732
бесед,0.00010376980040867361
завидя,0.00010376814448094807
поэма,0.00010373685496609682
хозяйничает,0.0001037163576852588
второпях,0.00010369897205924336
самым,0.00010368576795371538
гор,0.00010367144042687461
кушал,0.0001036516442026504
пару,0.00010364394084876664
галлюцинации,0.0001035380781700553
ищи,0.00010350792970957256
погожу,0.0001034973431152875
минута,0.00010345115698581753
последствий,0.00010342289126194687
облачка,0.00010339232398729701
лихорадка,0.00010335871193722934
намекают,0.00010331427565110156
смутился,0.00010330142139493654
тепла,0.000103275388779661
угадать,0.0001032322770806411
определил,0.00010322430022271217
целой,0.00010320674387063564
послушал,0.00010318710956138732
чиновники,0.00010317555874730686
обиды,0.00010312804262803332
слезах,0.00010312132294854046
ложе,0.00010310916520089947
приподнять,0.00010306029224617785
болото,0.00010294684529089178
убьет,0.00010292851551219532
отвечали,0.00010292214219004636
дождемся,0.00010282284952673738
учителем,0.00010272267283756451
хорошей,0.00010270778573845892
весьма,0.00010270344127135916
ящик,0.00010269867908524068
показывай,0.00010265886215442362
несносный,0.0001026499353222086
уговор,0.00010264602005056415
новостью,0.00010264456145466863
герасимыч,0.00010263758164239423
книгах,0.00010260675932593939
силился,0.0001025617751831373
ух,0.0001025554232532883
дверью,0.00010252093307659544
вспомнишь,0.00010250289510752699
слабость,0.00010249515262549684
шить,0.00010248733496029882
целом,0.00010247908515411838
отодвигаясь,0.00010247896708279086
спящие,0.00010246723331997178
мыслями,0.00010245786995255654
уху,0.00010245070623183839
помогает,0.0001024248420460277
повторял,0.00010242185094075421
поворотился,0.00010237023083364637
выпей,0.00010235853996387496
порывы,0.00010232802440977996
целью,0.00010231712698958542
чищены,0.00010230509617779648
медведь,0.00010227052819519504
вздумает,0.00010226118859043507
играли,0.00010223637570170784
потолка,0.00010217832110072587
вставал,0.000102036926489575
видом,0.0001020130273348917
умственного,0.00010199547162374311
кивнул,0.0001019952135608147
ножей,0.00010198915189029952
масла,0.00010198159195442412
впал,0.00010195627331018702
растерявшись,0.00010194484347815838
научила,0.00010191340933988231
уменье,0.00010190276903142817
изголовья,0.00010188909204992558
нитки,0.00010187359011272039
корзинку,0.00010181615777890045
имел,0.00010179423989926249
занимался,0.00010178471915131332
посадил,0.0001017806003027827
края,0.00010177930531971691
цветами,0.00010177797861144702
бранью,0.00010177491705594375
получения,0.00010168441999696793
сомнений,0.00010166989056286039
страшных,0.00010162282430893651
подчас,0.00010153960931274057
разбудил,0.000101536659739148
изумленными,0.00010151548101962691
iv,0.00010144841544000325
составил,0.00010144239834277535
искры,0.0001014362282475157
заплакать,0.00010139308228709921
губ,0.00010138809674828148
поверенного,0.00010136901567410928
добротой,0.00010136723252273122
ломать,0.00010135505599915926
заботливость,0.00010129274241244522
тайна,0.00010127319572574513
статью,0.00010126235581773565
безгранично,0.00010126114768189425
огороде,0.00010112621415630346
размышлять,0.00010111670371908492
засуха,0.00010111449345826304
пылью,0.0001009630220055166
готовились,0.00010093184858406334
лгать,0.00010082165570109213
собственного,0.00010082078312899132
акции,0.00010081427743274564
сестре,0.0001008108468989082
назвал,0.00010080749271462921
дураком,0.00010080749271462921
смести,0.000100791304026108
месяцы,0.00010077516472514642
проявления,0.00010076495097244632
напишешь,0.00010073492081462822
прочитав,0.00010073265801170312
протянула,0.00010072140055389284
именем,0.00010066711756439689
записывать,0.00010065977258739491
сморщившись,0.00010061869779248358
ушло,0.00010053070637141178
мучительнее,0.0001005280511957288
попробовать,0.00010051136512333866
постройка,0.00010050803052835165
дышать,0.00010048338128967142
барские,0.00010044518040472185
поднять,0.00010034502169565451
останавливая,0.00010032086772874472
центр,0.00010028585937028501
побегут,0.00010023990761051584
пытливый,0.00010023179765490313
решаюсь,0.00010015505299839798
трепещет,0.00010011958445686583
выражался,0.0001001101468423477
слушают,0.00010007139400968053
бровей,0.00010007102403862765
достала,0.00010005205829645116
свечи,0.00010004026360791739
горничной,0.00010002619923912488
достать,0.00010002261165261243
заводить,0.0001000134753574036
советник,9.999958986347286e-05
открыл,9.999891742170862e-05
соображения,9.998173841731142e-05
петровки,9.992684766143485e-05
испытывать,9.991078329214502e-05
побыть,9.989286931832022e-05
угодишь,9.986307934574783e-05
переходит,9.985611615027232e-05
гостях,9.984269340437232e-05
рубашка,9.981750219380599e-05
сжала,9.980791901055604e-05
здорово,9.977289416116299e-05
плачут,9.97721512711131e-05
вскочив,9.964536299232584e-05
уха,9.962510010130822e-05
прибавлю,9.962280917705582e-05
паутину,9.962204764784524e-05
неподвижен,9.961666316953768e-05
дышала,9.958206344931412e-05
прошедшего,9.954391614051468e-05
преступление,9.953029494314672e-05
голая,9.952363032297299e-05
судьбе,9.94648791962444e-05
субботу,9.946437797451349e-05
бровями,9.941005797036341e-05
попадется,9.940590276872523e-05
вздрагивала,9.938170347520505e-05
запел,9.93807510698137e-05
служат,9.93687434421719e-05
целую,9.930413027252073e-05
тщательно,9.929395198541777e-05
выпуча,9.927985081535896e-05
вроде,9.922832247027633e-05
домика,9.921603524335459e-05
крепка,9.921023409662206e-05
заметит,9.919103758342408e-05
голосов,9.918622343797032e-05
воздухом,9.917936469274384e-05
понюхает,9.917839551256824e-05
дернуло,9.916307342217196e-05
создание,9.915480026004136e-05
звучен,9.915205628818649e-05
веселые,9.912758057122952e-05
сипел,9.910498966000002e-05
благословил,9.90977452590947e-05
ром,9.90832142125418e-05
полтинник,9.905916098701956e-05
ребятишки,9.904626532469592e-05
простая,9.899478119782448e-05
солдат,9.898044246493048e-05
беги,9.894793221056718e-05
ловил,9.894320708925623e-05
маленькое,9.893961549480666e-05
пожимая,9.892859534728075e-05
проклял,9.892595546751921e-05
некоторое,9.891236511574828e-05
смеху,9.888370948452599e-05
продолжает,9.885343945544694e-05
самая,9.884323744572228e-05
перевернулся,9.882050305988863e-05
уронил,9.879543258150334e-05
цветов,9.8781484671644e-05
дождавшись,9.872406843945305e-05
реши,9.871775931189392e-05
наблюдает,9.870147775987326e-05
пугает,9.869007861832228e-05
раздастся,9.868177637063313e-05
исчезла,9.866658219665233e-05
репы,9.864179969915441e-05
гробовой,9.863856478301189e-05
наливая,9.863727319593374e-05
вполне,9.863501232033339e-05
боковой,9.862908266632408e-05
получает,9.862833705261246e-05
суде,9.861546433603358e-05
нежностью,9.861091039267163e-05
змею,9.860825762220016e-05
захлопнулась,9.858886310261813e-05
вор,9.857744951480442e-05
посмотришь,9.857720516500794e-05
кокетство,9.85322464259992e-05
подъехал,9.852752011354289e-05
изменилось,9.852725173041886e-05
департаменте,9.852063798960751e-05
готовится,9.851678282496669e-05
муж,9.851414030875642e-05
шторы,9.84672221245106e-05
барону,9.844118929832013e-05
плача,9.84391725245484e-05
сгубил,9.841421937361083e-05
мышей,9.840307696699812e-05
палит,9.839883266418402e-05
девять,9.839151482920852e-05
родня,9.838383404410045e-05
какому,9.836453610391627e-05
иронически,9.835102558043607e-05
придерживаясь,9.831856630276373e-05
стене,9.831211220134236e-05
ленивой,9.830594871360365e-05
целость,9.830210263534049e-05
переезде,9.827397947751134e-05
рассказе,9.827052035345293e-05
являлись,9.826473513393152e-05
опытности,9.825180998148557e-05
новым,9.820615667803688e-05
семейства,9.820390468565943e-05
легла,9.818852940044091e-05
учил,9.813711293154533e-05
тарантас,9.813190567978085e-05
достанет,9.811904886526429e-05
исправнику,9.808436795426389e-05
усмехается,9.80832798763924e-05
прислать,9.805563203738342e-05
готовился,9.803614470718876e-05
ждешь,9.798019974921835e-05
вследствие,9.79699118905941e-05
школу,9.793417531191982e-05
бросается,9.791665011912763e-05
экипаже,9.789662226679736e-05
беспокоит,9.783517443071076e-05
смеялся,9.782218276338838e-05
вступил,9.780255476064265e-05
доходов,9.779286561738825e-05
провел,9.778480647857461e-05
качая,9.775939619266582e-05
столкнулся,9.772379293775025e-05
злое,9.769260058006077e-05
лени,9.768633589936381e-05
валялись,9.766526881526425e-05
погружался,9.76285758050233e-05
больших,9.761788607975832e-05
поступил,9.753492669859216e-05
востер,9.752153198242816e-05
семи,9.751624627417669e-05
рыданий,9.750114978659486e-05
наступил,9.746984996506373e-05
ложа,9.74664470638932e-05
переговорю,9.745971387930345e-05
раздались,9.741464416082543e-05
печки,9.740489900645563e-05
объявит,9.738971699998304e-05
тарелкой,9.738931059757806e-05
получите,9.737558362100189e-05
пришлось,9.736380174638762e-05
хлопочете,9.735639398035835e-05
сообразить,9.73488079489672e-05
расспросы,9.732183235931376e-05
тридцати,9.730918213296706e-05
одобрительно,9.728811090434501e-05
вину,9.728280497484621e-05
огромный,9.727578899654036e-05
прибавилось,9.72699347181824e-05
тревогой,9.724266385631855e-05
сокрушением,9.724187592069601e-05
улыбался,9.723487656655632e-05
мука,9.723346552530923e-05
направляясь,9.721873187308261e-05
стариков,9.721178651645326e-05
лысым,9.72035855944121e-05
насмешливо,9.71822921520026e-05
флегматически,9.713308381670892e-05
заводы,9.712643950777846e-05
пороховые,9.712643950777846e-05
учились,9.711757646381525e-05
десятка,9.711475951981472e-05
занялся,9.711230485012164e-05
изменить,9.710511031586759e-05
принесу,9.708297753407433e-05
дожить,9.704384427901007e-05
последнюю,9.703913152528469e-05
тоску,9.703081521108772e-05
улыбаясь,9.70176598442125e-05
атмосфере,9.69742004143955e-05
поднимает,9.696454377203527e-05
подходя,9.696118984994141e-05
дерзкого,9.695541766115029e-05
исполнено,9.693102037208568e-05
низко,9.69283449535823e-05
сор,9.691233970629112e-05
успеешь,9.689237123014418e-05
прятаться,9.688805952482631e-05
обрюзг,9.688456055259123e-05
менять,9.687138784473623e-05
карты,9.68468927275233e-05
тумане,9.683464878707104e-05
решили,9.683311798768002e-05
злой,9.678317172702531e-05
паутина,9.674538348923246e-05
робкий,9.674482495980311e-05
нищие,9.673694786826179e-05
утешался,9.672239994829692e-05
думалось,9.669683970504536e-05
умерли,9.666003712554094e-05
грызло,9.664442156067139e-05
наравне,9.663893278424396e-05
ласки,9.658536702260083e-05
деревянной,9.656657450405213e-05
попало,9.647549843350615e-05
поискал,9.640665722489977e-05
суда,9.639333721505302e-05
строчку,9.63765129166327e-05
выйду,9.637248199657785e-05
готовили,9.635551967723895e-05
падал,9.635132204080903e-05
поразило,9.634660702612884e-05
драть,9.632991138527066e-05
починить,9.631724434217694e-05
соблюсти,9.630434924135818e-05
жалкими,9.628995271001942e-05
чувствуя,9.624134593473233e-05
ногтем,9.62206947683409e-05
губернатор,9.61967065022666e-05
верхлева,9.618594318216479e-05
мирного,9.613743090693042e-05
распорядиться,9.612943004458046e-05
попасть,9.611634299322486e-05
сожаление,9.610017551516787e-05
жарится,9.609402845322933e-05
пускал,9.608498728155341e-05
доходы,9.608333073770747e-05
уходила,9.604532491431825e-05
петуха,9.604340763545754e-05
приказывал,9.603681227397729e-05
чернильнице,9.603606202670516e-05
ученье,9.601672999709639e-05
глубокая,9.600894280870053e-05
высунулась,9.600111436365437e-05
участия,9.599016536551376e-05
протянул,9.598961973364136e-05
нипочем,9.598414838652225e-05
основания,9.597211287547956e-05
убежала,9.593300203174099e-05
образом,9.592566864652453e-05
летний,9.588385688165256e-05
уголка,9.58386953184387e-05
помощью,9.583479925329002e-05
обещали,9.581573048417675e-05
нужны,9.580380661375653e-05
издержки,9.578514553903992e-05
торопливость,9.57672123015784e-05
действовать,9.574973719767448e-05
проклятая,9.571276161870294e-05
тихий,9.568491624405717e-05
вспыхнул,9.567668622628609e-05
начинают,9.566342634257696e-05
щеками,9.564930160074367e-05
мяснику,9.564681502559237e-05
общим,9.564632203710117e-05
отныне,9.561826266333702e-05
окружающей,9.559746224459528e-05
перестав,9.555880346801854e-05
разглядывал,9.553210680926729e-05
дремоте,9.541503118480721e-05
хорошая,9.541175274595448e-05
вином,9.540196499302436e-05
деваться,9.538031530114537e-05
растолковал,9.532434710170873e-05
няни,9.530431062219976e-05
попросите,9.529380106221702e-05
раздавался,9.529163908810177e-05
грязь,9.527795998000723e-05
страшна,9.527766637574155e-05
госпожу,9.523012598478036e-05
шага,9.521592742357561e-05
старое,9.518989291643433e-05
лучами,9.517775735843779e-05
покоряется,9.517716308873978e-05
попался,9.513567511254375e-05
зелень,9.512259038569664e-05
уничтожить,9.5100737016235e-05
бросало,9.510041081171633e-05
игру,9.504771244113267e-05
подушку,9.498288460848762e-05
положу,9.498242735409366e-05
пряча,9.496757506635291e-05
воображал,9.495593831969347e-05
никакими,9.494949877536568e-05
слышала,9.491742050302857e-05
смутно,9.491104696644855e-05
соберусь,9.489064844126552e-05
строки,9.489030555868992e-05
дверях,9.485759575150828e-05
подумывал,9.485177862280073e-05
одетый,9.481484877377556e-05
насмешкой,9.480524219963017e-05
нездоровится,9.478590687599773e-05
слеза,9.475223003103451e-05
всплеснул,9.473092401132496e-05
вообразите,9.471767976909488e-05
размышления,9.471575690806557e-05
гравюры,9.470920065586754e-05
стен,9.470479711453396e-05
мужей,9.467122568948625e-05
сухарями,9.46210295305711e-05
передумал,9.462057989260267e-05
беспокойтесь,9.461900723365981e-05
мелькает,9.459201776967556e-05
опытнее,9.454641743141814e-05
выздоровел,9.452754074098497e-05
красными,9.450365931381025e-05
строже,9.448877082287101e-05
краснея,9.447914555178729e-05
пожаловали,9.44679138825656e-05
впиваясь,9.439500745076434e-05
одинаково,9.435927612078141e-05
узнав,9.432366136261841e-05
мучительной,9.430352559673548e-05
присылал,9.430145401914345e-05
окнах,9.423406128679508e-05
счел,9.422223570996292e-05
гасну,9.42158146893288e-05
делами,9.420887606488625e-05
терзался,9.420212771501683e-05
причин,9.419744547083347e-05
мещане,9.417362401223547e-05
тон,9.416976498688335e-05
глазам,9.416468584759641e-05
становились,9.412465945648177e-05
смеется,9.411287425216737e-05
сонный,9.409870248987337e-05
будни,9.402354386739396e-05
умела,9.398818463568887e-05
уважением,9.397935442340145e-05
просите,9.395678655068387e-05
нынешний,9.394257056547173e-05
написанное,9.393087445068469e-05
умерло,9.3881842542707e-05
вещей,9.387833864731669e-05
обратясь,9.387666302227522e-05
важность,9.38713322266291e-05
последнем,9.386992744344083e-05
замыслы,9.384015409257986e-05
хрипло,9.379325994404842e-05
съезжал,9.376566539778228e-05
показывал,9.373201082887445e-05
постараюсь,9.372124387903687e-05
здание,9.362833089442307e-05
вспомни,9.36054292452999e-05
рыбу,9.359976826500112e-05
огне,9.356332796060451e-05
отойдет,9.353729555493526e-05
разобрать,9.353490539630346e-05
приставлен,9.35346708766073e-05
барчонка,9.352484971691083e-05
вставали,9.350424137830457e-05
частенько,9.342528007963698e-05
редкие,9.341395287561078e-05
нигде,9.339129872636087e-05
мыслях,9.337910780611773e-05
ударил,9.337783361748451e-05
сорока,9.337143770255254e-05
тосковать,9.336998629944056e-05
некоторых,9.336108645393436e-05
скакать,9.33558540910781e-05
первому,9.335063486671522e-05
терпит,9.329724012780013e-05
капустой,9.327899523530717e-05
трет,9.325114447435356e-05
проходят,9.325036973808278e-05
угрозой,9.324997220986974e-05
устроил,9.324699751349542e-05
проходил,9.321763495686185e-05
надела,9.319934911026633e-05
болью,9.318611950770274e-05
полились,9.317733343095475e-05
устриц,9.315634117811061e-05
перешел,9.310985009818352e-05
заставил,9.307833947878725e-05
приговаривал,9.306934869620861e-05
черта,9.296808853858035e-05
поездку,9.295935579287559e-05
рост,9.295860912627228e-05
шьют,9.293342681548733e-05
поучительно,9.291538187148242e-05
обращаться,9.287778991189417e-05
праздникам,9.281910069139033e-05
песню,9.281587656254152e-05
миленькая,9.280742984469552e-05
постараться,9.277720329164956e-05
немцы,9.277441431515069e-05
иго,9.268677346497959e-05
тряпки,9.267758987094515e-05
начнется,9.267114362153783e-05
прятать,9.265225659754171e-05
гора,9.265127444530919e-05
кухня,9.26508163262617e-05
пар,9.257046550942225e-05
суетится,9.256088799850065e-05
покойная,9.254975477914253e-05
стена,9.252608643909743e-05
слышалось,9.245074712551766e-05
закрыла,9.244400142054892e-05
сухое,9.243296383049533e-05
типографию,9.241793463032838e-05
спешил,9.241035361718788e-05
отношениях,9.23898402335844e-05
тропинку,9.238946464507517e-05
тюрьму,9.235940556025438e-05
подали,9.234963443307998e-05
моему,9.234210066915588e-05
ногах,9.22894122945516e-05
надежда,9.22770246847121e-05
дошел,9.22343237228178e-05
опустив,9.218161309118005e-05
прочту,9.216525734712966e-05
могиле,9.215037049667651e-05
маленькой,9.21503578617174e-05
упрека,9.213742349193869e-05
ели,9.213656659588359e-05
брызнула,9.213464815878056e-05
чувствовала,9.211228237914194e-05
потеряно,9.210665894571564e-05
молиться,9.209654878795674e-05
вдвое,9.208442754128897e-05
плана,9.207848902122414e-05
рима,9.206903241425332e-05
зависти,9.201984130068164e-05
извини,9.200897680753546e-05
несчастье,9.198753139789614e-05
досаду,9.198246504510204e-05
являются,9.195667167095381e-05
называемой,9.195417344697717e-05
ломал,9.193977038775205e-05
считай,9.191445839949162e-05
угодить,9.190432449475991e-05
ходишь,9.189375375276697e-05
избавил,9.187415062802097e-05
принимался,9.187299263572964e-05
дружбу,9.186933304300525e-05
ребятишками,9.185484884867624e-05
поставлен,9.184727046672648e-05
бродил,9.182430400816076e-05
похожее,9.182202362842423e-05
деловой,9.181914298950428e-05
каждому,9.176676597574838e-05
называли,9.176299911143426e-05
жертвы,9.174817358803855e-05
организме,9.172288036856519e-05
покорнейше,9.172217916369328e-05
действует,9.170255267902376e-05
плачу,9.168589557446727e-05
хватил,9.165670802837274e-05
попробую,9.163645503478186e-05
лишних,9.161018554712673e-05
службы,9.154431129067435e-05
пары,9.149428138976703e-05
необходимость,9.149424525744451e-05
разделаешься,9.146436114179963e-05
надевая,9.146239389222289e-05
вспомнить,9.140540514846619e-05
сюрприз,9.140295199794145e-05
веселым,9.138806939120344e-05
служили,9.138070600491113e-05
голоден,9.138046476594929e-05
ясные,9.13566202851853e-05
влиянием,9.134180984297682e-05
спрятав,9.133676986447724e-05
тихое,9.133142392456263e-05
обломовская,9.132886848999063e-05
болезненно,9.13230859709933e-05
шевельнулась,9.132105242395899e-05
слышать,9.132088147032048e-05
свежестью,9.13193803936487e-05
понимая,9.130082939092456e-05
верьте,9.126854623832408e-05
герасимовича,9.125977274716842e-05
восток,9.124886698638396e-05
няньку,9.123697689074034e-05
спустил,9.12255962851073e-05
рассказывает,9.11906910380104e-05
извините,9.114123530800294e-05
летает,9.112456912693767e-05
замечала,9.111654622020538e-05
представил,9.108079077603783e-05
поверенным,9.107923587857697e-05
съезжу,9.107595466328718e-05
дрожали,9.106772721042656e-05
сломя,9.105738537270401e-05
забывал,9.105548770947755e-05
старых,9.105524355611016e-05
ix,9.103663345891132e-05
призраками,9.100308543780025e-05
путешествие,9.099510575337872e-05
заговаривал,9.097786417400477e-05
бабы,9.095597161366793e-05
благодарить,9.094796502364214e-05
займусь,9.09231748927009e-05
сконфуженный,9.089883582161057e-05
преданный,9.089836398383169e-05
странен,9.089613018152508e-05
немцев,9.087664548897212e-05
криво,9.087366448876227e-05
святках,9.084625678210429e-05
пробуждения,9.0843563194241e-05
посуду,9.08294245290483e-05
поезжайте,9.078763942340479e-05
куртку,9.07738560726235e-05
молодец,9.07307380317533e-05
кланяться,9.072576595788937e-05
захохотали,9.072220731192124e-05
молчать,9.071291765254646e-05
удивился,9.070409922636172e-05
обстоятельства,9.068823891955995e-05
опьянев,9.068391477366719e-05
магазине,9.06699885526684e-05
высоты,9.06566896505467e-05
травы,9.064015438566273e-05
обществу,9.06100616751953e-05
одолеть,9.057683707073693e-05
угостить,9.054318977255117e-05
смирительный,9.049032068699944e-05
веры,9.04460813530802e-05
платите,9.040923639614458e-05
кончиться,9.040820377040537e-05
схватит,9.039005921750845e-05
сознался,9.038579759758452e-05
задумчивее,9.037527577461452e-05
толпы,9.037447154790016e-05
остатки,9.036423359140547e-05
фразы,9.034804126738949e-05
припоминать,9.03323273944374e-05
верите,9.030281230768816e-05
трогал,9.028946060879137e-05
pensee,9.02885654114944e-05
волнуясь,9.02630798187242e-05
помешало,9.02271390703907e-05
выслушает,9.022380218600743e-05
истины,9.021737310739247e-05
браслет,9.021557685023257e-05
локоть,9.020632666144191e-05
сковороду,9.019198692422781e-05
перестал,9.017844934193737e-05
огни,9.017139283358347e-05
купишь,9.012459055620038e-05
имению,9.012155901545989e-05
портеру,9.011591458294621e-05
кутаясь,9.011319467465558e-05
веселиться,9.009547038117726e-05
стирка,9.008293525677641e-05
ударит,9.001598551770965e-05
выпуская,9.001099343753018e-05
покойный,8.993570277527168e-05
шкафа,8.987419142838767e-05
заснула,8.987129767647537e-05
подумав,8.984220783622617e-05
ежедневное,8.97989031529696e-05
статочное,8.978074258301882e-05
поете,8.974131086925469e-05
белом,8.971940383986991e-05
пошлый,8.971023013657952e-05
мелькнуло,8.9688350999786e-05
лба,8.967640868992171e-05
осмотреть,8.966295965607346e-05
подошла,8.963410670797109e-05
рыдания,8.96003317466823e-05
человеческих,8.958630374502581e-05
смягчился,8.957209980984634e-05
голоду,8.953852077599024e-05
трусливо,8.953421992548437e-05
пойдешь,8.953262341789503e-05
вдругорядь,8.952832145516528e-05
толкнул,8.951388262907552e-05
отворялась,8.951003986040893e-05
переделать,8.950864869789108e-05
глубокое,8.949758159790737e-05
началась,8.948006861942146e-05
связь,8.94537527205174e-05
бойко,8.943191811158489e-05
сажая,8.942997435579254e-05
такому,8.942353839191485e-05
изволь,8.940887382523451e-05
запас,8.939251962445569e-05
иронией,8.935401626495738e-05
своя,8.932702174889768e-05
казалась,8.929244233521826e-05
крыльца,8.929235376063184e-05
прыжком,8.929156418636692e-05
потянул,8.925188342623015e-05
молнии,8.923558598172291e-05
послушать,8.922945804551217e-05
реку,8.9224509588981e-05
прислали,8.921613507370096e-05
шкафы,8.920878034513396e-05
прежние,8.916602867319477e-05
серый,8.915027229669395e-05
быстротой,8.914998210055215e-05
роялем,8.914841277519096e-05
поутру,8.910235899270538e-05
принять,8.910198076165918e-05
вздох,8.910151752858169e-05
продолжительный,8.908924744903174e-05
улыбки,8.905892613134358e-05
переменилось,8.903121327943605e-05
тупик,8.902461985295838e-05
поклонение,8.900908795339335e-05
дворня,8.899690211413612e-05
безмолвного,8.89850653418474e-05
заметною,8.897920306220247e-05
остановится,8.896615891199694e-05
входит,8.895880443170087e-05
отыщется,8.893825422853778e-05
справки,8.891436728311153e-05
приспособился,8.891102054315412e-05
получишь,8.88963190481192e-05
отступая,8.889574454096696e-05
послышались,8.888092226671588e-05
плакал,8.886944964361403e-05
подоспеет,8.882627511209872e-05
мухи,8.880765421430842e-05
заговор,8.878814258489186e-05
покойной,8.87694110792754e-05
весна,8.876730489960231e-05
принесли,8.874993712956782e-05
прислушиваться,8.874686350223285e-05
слуги,8.874262876587605e-05
след,8.871362852036413e-05
шали,8.870056568195869e-05
следующей,8.8695453350652e-05
зубами,8.8680658393861e-05
хлопочут,8.86586996274196e-05
дороже,8.86358215966645e-05
узнаем,8.862299265737357e-05
задача,8.857264024004203e-05
шутишь,8.85615857062011e-05
зиме,8.855968142864489e-05
середину,8.855875983141782e-05
удалился,8.855492786468246e-05
пожаловал,8.855320352346772e-05
песок,8.85240618185695e-05
жилета,8.849589115296968e-05
привез,8.848623865688979e-05
жаловаться,8.846533007038381e-05
являлся,8.843299020619442e-05
натуры,8.8414506370442e-05
намеков,8.83920865414774e-05
фальшиво,8.837754812782885e-05
вынести,8.83744758758218e-05
выслали,8.835220629937543e-05
голые,8.834667038603745e-05
свечку,8.831993182897644e-05
уходить,8.831960153736265e-05
закурил,8.830105434382263e-05
хозяйства,8.829697567933296e-05
противоположную,8.829400692809843e-05
напоминать,8.829023890193393e-05
чиновника,8.828870318720384e-05
соснуть,8.827149774830184e-05
давали,8.824903571172825e-05
разбойники,8.821850981423675e-05
свежо,8.818408028485642e-05
щель,8.814288329790744e-05
спаржи,8.813062307671671e-05
лучах,8.81093347996934e-05
ящике,8.80846816969136e-05
жаркое,8.805401127707443e-05
судорожно,8.802193661504678e-05
показывать,8.802163504742837e-05
слить,8.80023896880837e-05
иглой,8.800073351008597e-05
начнут,8.798901537803993e-05
мелкой,8.797469215933741e-05
пота,8.794632943328469e-05
слову,8.794135844247448e-05
оденусь,8.792417667899821e-05
приятно,8.789664373141473e-05
марьи,8.789103907583517e-05
расстановкой,8.784510830274611e-05
князь,8.782647690322325e-05
остановившись,8.782365813470127e-05
прикрыв,8.778613308008396e-05
гостя,8.776964914307593e-05
объятиях,8.77682227508601e-05
отер,8.776211724968064e-05
нехороших,8.77615941107321e-05
возражает,8.774379653990903e-05
средства,8.772382063424968e-05
трои,8.770900064967417e-05
ветви,8.766649576952795e-05
сослуживцы,8.765128144976873e-05
бакенбардами,8.763332895965023e-05
приказчик,8.76268754871676e-05
воду,8.762675089352629e-05
задумчивостью,8.760745095034228e-05
погрузилось,8.759402458035906e-05
трясясь,8.758929532169236e-05
трепетом,8.755555466882516e-05
счастливые,8.755004859578788e-05
прикрываясь,8.75472592957636e-05
неги,8.754401311830438e-05
подойдет,8.752983852368015e-05
сего,8.751779017108894e-05
вещам,8.750143437352509e-05
героем,8.747391603828228e-05
получить,8.74738275616309e-05
городничего,8.743160587992387e-05
рощи,8.742161309337601e-05
сигары,8.741653033754073e-05
пошлой,8.739580744266111e-05
предложить,8.736523328638056e-05
законам,8.735443383268271e-05
ячмени,8.73502038346121e-05
растет,8.732434483721444e-05
мрачнее,8.730981289622813e-05
заставляли,8.729122531193128e-05
сойду,8.726954362775516e-05
надеяться,8.726423896661274e-05
шевеля,8.724623225937857e-05
чиновников,8.72424920019886e-05
небесное,8.722223943815795e-05
объявить,8.719443467333959e-05
разорение,8.716172699263919e-05
лает,8.716014013273056e-05
сверкнуло,8.715676858018745e-05
улыбнется,8.715578645511796e-05
патетической,8.714484495712576e-05
бегали,8.708261571084375e-05
взглядов,8.707532882351887e-05
открывалась,8.705516660663857e-05
господах,8.704127635119655e-05
приказания,8.70410041728484e-05
лорнет,8.701267454298698e-05
указав,8.698042764902296e-05
сознавала,8.696462727077191e-05
цветах,8.6960807541897e-05
поворачивая,8.694616829470958e-05
приход,8.693942460308708e-05
полон,8.693583114696941e-05
положили,8.69001020401534e-05
залу,8.688020489843841e-05
ильин,8.687597784268701e-05
отворяя,8.681618990195463e-05
собралась,8.679174277781076e-05
немецкая,8.679003208618492e-05
занимает,8.677461289344221e-05
падают,8.675083356972272e-05
мечтает,8.67410034356694e-05
полным,8.673959657245152e-05
принимаясь,8.672207228297981e-05
впоследствии,8.671615698196229e-05
обедне,8.668129315099887e-05
фома,8.66494600896447e-05
предупредил,8.659990930470151e-05
покойнее,8.659960962248662e-05
улыбок,8.657061122979558e-05
молодежь,8.656119488585882e-05
отошел,8.656029004960438e-05
нежным,8.655022598239488e-05
широкий,8.654873673351726e-05
затруднилась,8.652136614080507e-05
ругает,8.651489703646273e-05
машина,8.64995088441738e-05
спокойно,8.648795473209346e-05
ассигнацию,8.64575615287728e-05
понимания,8.645698510885355e-05
люби,8.644106683363129e-05
смертью,8.643801719576593e-05
падает,8.640962513935454e-05
деньгами,8.640882320508281e-05
будущая,8.640638711950267e-05
засмеется,8.637586024057418e-05
насколько,8.634722719272354e-05
забор,8.634266751128767e-05
поставит,8.63399881994206e-05
хожу,8.633023259987645e-05
глуши,8.629697473061645e-05
невозможности,8.626294621776874e-05
холодного,8.625241544601799e-05
расставаться,8.62407953476081e-05
приносили,8.623817995354348e-05
потрогивая,8.623439413822595e-05
усвоил,8.62293430582288e-05
зарей,8.622839631268257e-05
фунт,8.621809326217475e-05
сыщем,8.620385304281026e-05
рождеству,8.619636412749072e-05
напряженно,8.618701318373712e-05
обрадовавшись,8.617263336417023e-05
торопясь,8.61460759055175e-05
нищего,8.614477881765958e-05
золото,8.614405918294127e-05
фальшивое,8.61023848805656e-05
сильна,8.608035546369743e-05
сонными,8.60727973446847e-05
влезая,8.60683138917201e-05
неблагодарный,8.604518160940298e-05
славные,8.602383810887489e-05
гребенку,8.601093124366009e-05
количество,8.59763689825608e-05
компании,8.594051111088744e-05
устройства,8.590436741409463e-05
ширмы,8.587949814255128e-05
зеркалом,8.587504772642156e-05
потребность,8.5863245783512e-05
бескорыстно,8.584946555935165e-05
убеждение,8.584148199147858e-05
пылающими,8.580403801545148e-05
земляку,8.579097622510423e-05
переменилась,8.577067792577089e-05
дергая,8.57457189012426e-05
пели,8.57253297398453e-05
бранит,8.568548418104385e-05
молитвы,8.566932137354953e-05
приятелю,8.566776440620315e-05
агафью,8.56523303359126e-05
матвеевну,8.56523303359126e-05
сергевне,8.564750312711082e-05
дев,8.56232505335067e-05
вдохновенно,8.558774824884665e-05
прыгая,8.558263264092387e-05
надулся,8.55826105159986e-05
палата,8.554737210257988e-05
жалкое,8.554271784109569e-05
объяснить,8.549441364690203e-05
встретится,8.549242940412009e-05
будить,8.549207415339514e-05
вседневная,8.546219902161976e-05
уселся,8.544237897419797e-05
кончилась,8.543252459074303e-05
дрожал,8.543024383643854e-05
делая,8.542890930978889e-05
втором,8.542154622815375e-05
миру,8.541980015044676e-05
весел,8.54097507555788e-05
забудется,8.539910519134416e-05
вуалью,8.532992024348005e-05
пробило,8.532982538135058e-05
выработался,8.525741731795875e-05
спрыгнул,8.525389488315223e-05
покойны,8.525381498466721e-05
вечной,8.524998225878082e-05
свежего,8.520216066652543e-05
покажет,8.518595955892534e-05
жемчуг,8.518271157416915e-05
пропали,8.516971476777753e-05
привезу,8.51371222499177e-05
потягиваясь,8.512398222135024e-05
кой,8.511029477249988e-05
виноватого,8.510732312295021e-05
тоненьким,8.506428095463229e-05
претензии,8.506304459252982e-05
собаку,8.503922935851842e-05
немецкий,8.502841040571416e-05
обедни,8.499237270549947e-05
лодке,8.498602375700852e-05
знаком,8.49489032186034e-05
ворочался,8.494476644774515e-05
водка,8.491645178739547e-05
поспел,8.490586405127713e-05
крестясь,8.487556769406036e-05
кончен,8.48411808415081e-05
ненужным,8.483898052853952e-05
начиналась,8.4830259228068e-05
недоволен,8.481936189981382e-05
ничтожного,8.477519354631662e-05
первом,8.476838392773156e-05
расстановисто,8.476802294390631e-05
промолчал,8.476758146544855e-05
глушь,8.47231800930313e-05
молодое,8.467757087810734e-05
испуганная,8.461371170095434e-05
занимало,8.459277840418499e-05
прочими,8.458468519416195e-05
потупила,8.4506973389523e-05
планы,8.44503234014491e-05
умирает,8.444702959718837e-05
показаться,8.444275109253348e-05
движению,8.441800250495129e-05
последнее,8.441449552834887e-05
вспыхнет,8.435266149783769e-05
ударом,8.434976538052807e-05
новых,8.431407467644219e-05
успели,8.428690858031114e-05
уездный,8.426096165655949e-05
сряду,8.42494074779372e-05
большею,8.422506111887652e-05
волей,8.418013873203179e-05
уберу,8.416741020174622e-05
поездке,8.415657722347636e-05
распоряжусь,8.415213932595141e-05
исчезали,8.414774363531677e-05
видят,8.411463719043814e-05
переводы,8.408207321180658e-05
закуска,8.407771265867917e-05
четырех,8.40651805863864e-05
полными,8.405715054176854e-05
закрывал,8.403100917493354e-05
съехал,8.402895772120158e-05
имею,8.399192100634168e-05
смыслишь,8.396757153144174e-05
открывается,8.395505146228874e-05
законный,8.395343027553203e-05
толку,8.394938589944631e-05
ложась,8.393715924903706e-05
оставили,8.391252361669284e-05
отвращением,8.389893435135727e-05
жестоко,8.387467617162676e-05
корабль,8.38681804663038e-05
объятий,8.38651116049733e-05
доход,8.384409184395884e-05
закричу,8.380125079231685e-05
обрадованный,8.378535031201588e-05
нездешний,8.378424728189082e-05
сцену,8.377106658598337e-05
призвание,8.375894176164127e-05
будущий,8.374699406743803e-05
голосами,8.374172380766765e-05
думу,8.370255427230372e-05
звучит,8.370194039176242e-05
напряжения,8.366664251082256e-05
совершил,8.36574003776738e-05
похорошела,8.365482889736005e-05
двугривенный,8.365397120114408e-05
уголке,8.364791402534496e-05
увидал,8.362025675528145e-05
хитростью,8.360910955897153e-05
тронет,8.35860148211499e-05
сосредоточилась,8.358448736418784e-05
капля,8.350247815300321e-05
закрылись,8.349063226081197e-05
услышу,8.346799806720246e-05
божий,8.345953516423968e-05
ужинать,8.344423594659609e-05
сделают,8.34324523264116e-05
контракта,8.342921682758122e-05
объявили,8.341998611153921e-05
мышкой,8.341437607002976e-05
пустота,8.337222336420977e-05
заказать,8.337209521585132e-05
упрямься,8.336714851839832e-05
держи,8.336582999973063e-05
воспитания,8.33430311320398e-05
мошенники,8.333259657438978e-05
школьник,8.327776009536575e-05
молодости,8.32741330592266e-05
детства,8.326492750373329e-05
неосторожное,8.325735908065923e-05
кряхтя,8.323086185474709e-05
говядины,8.321827705305957e-05
поверили,8.321120312516823e-05
является,8.320812788515954e-05
принялся,8.320649815203724e-05
бесконечную,8.320442777526727e-05
называла,8.319399291007007e-05
слились,8.318812329141422e-05
внушил,8.318412927087154e-05
тумана,8.317929937548442e-05
упрек,8.312485142970514e-05
исходе,8.312107658311316e-05
зеркале,8.310682886947776e-05
мер,8.308770325437608e-05
секретарем,8.306950371961282e-05
зашли,8.306925755287436e-05
пятнадцати,8.306882646608917e-05
собрать,8.306355081499907e-05
пристал,8.305400927183499e-05
лжи,8.305079722281836e-05
воплями,8.30436197407521e-05
похожи,8.303902908557743e-05
мотив,8.300834838178666e-05
секретарь,8.297728732300412e-05
жильцу,8.293393252800974e-05
прекрасный,8.291251596748573e-05
думайте,8.289412821499923e-05
мещан,8.286752919475887e-05
молчат,8.281987222282739e-05
звук,8.281871119202411e-05
человечества,8.28179633032515e-05
поправить,8.280718047060346e-05
болтовня,8.279335081958324e-05
равнять,8.278821953502831e-05
искренне,8.277992628142709e-05
герасимовичу,8.277278001959813e-05
будущих,8.27628442085599e-05
остановить,8.275772941571668e-05
рождества,8.27567493838693e-05
вымыть,8.275007882762493e-05
нравственно,8.272364080833002e-05
сумеет,8.271081222049546e-05
испытывал,8.267376506002362e-05
вареньями,8.267099162303143e-05
обида,8.259750706181578e-05
кричи,8.258881873426444e-05
лукавый,8.2576001032846e-05
необычайной,8.257524657465569e-05
чертах,8.257183043634007e-05
жива,8.254836702551956e-05
пакет,8.253776343183878e-05
милосердый,8.250438797431253e-05
извозчику,8.249472309572532e-05
одолеваемый,8.247145509721991e-05
позволю,8.245531616850016e-05
головку,8.245274977035057e-05
награду,8.243894959592468e-05
кресел,8.24147662092063e-05
выскочил,8.241423883182662e-05
осторожнее,8.240351824754514e-05
звучала,8.238605017261774e-05
зажмурился,8.235089348478823e-05
отходила,8.234359827017656e-05
садиться,8.233364809755476e-05
пошевелится,8.228422159915622e-05
печаль,8.222501481647005e-05
улегся,8.221515402970172e-05
забегают,8.220096565055254e-05
пищи,8.219910665379817e-05
встревоженным,8.21520314311686e-05
выглянула,8.210441423405782e-05
приятельницы,8.20976347521705e-05
повеся,8.209746980397967e-05
била,8.207752132204771e-05
торговать,8.207073853756322e-05
мольбой,8.206185532525195e-05
маленькая,8.204080711673066e-05
посмотрели,8.199337499961868e-05
показалась,8.19804217858948e-05
мешал,8.197260258547464e-05
понизив,8.194648466111955e-05
свежесть,8.192446264743663e-05
седых,8.191784487088379e-05
двигался,8.185573625256957e-05
спокойствием,8.185059711649062e-05
казачку,8.180619330110404e-05
гнездо,8.179441474594827e-05
столбовой,8.178528827951027e-05
исполню,8.171419922921677e-05
недостатка,8.16976683662445e-05
нескольких,8.166207740012973e-05
заплачу,8.165834462338603e-05
погуляй,8.165102837603285e-05
яйца,8.164704235792957e-05
поймает,8.163189237304413e-05
горячей,8.160637862579907e-05
наследникам,8.159760685169017e-05
подарила,8.159275036949756e-05
радостей,8.15913003640131e-05
хозяйству,8.15484985598483e-05
мальчика,8.152215032594022e-05
звонко,8.150876369013151e-05
горой,8.149442783144748e-05
останусь,8.149258903594953e-05
маленьком,8.146109799769337e-05
расстройство,8.14608223828621e-05
исполнять,8.144700997285865e-05
владеть,8.138648343276204e-05
свиданий,8.137410846017362e-05
упиться,8.137003988276705e-05
стоят,8.136997127308931e-05
дожидался,8.136820068810533e-05
берут,8.136491048581145e-05
нищий,8.136117798293229e-05
слуг,8.133361403735852e-05
вздыхает,8.132159653569079e-05
сумеешь,8.131784701198954e-05
уронит,8.130386303104507e-05
повторить,8.130186464067464e-05
наивным,8.130026061236056e-05
убил,8.12972806896595e-05
медных,8.129525799042576e-05
простор,8.123598254646313e-05
позы,8.122776377233983e-05
чужую,8.122101335670733e-05
искреннего,8.119371141789377e-05
маленьких,8.118901632958411e-05
пекут,8.116337846634178e-05
налил,8.113755737060363e-05
воззвание,8.112243289721993e-05
ищет,8.111623523583445e-05
ветчины,8.110641833959446e-05
всякое,8.107249165515128e-05
презрения,8.107071232164928e-05
покажи,8.107070913064581e-05
уединение,8.106478209923842e-05
лодку,8.105560666756731e-05
явление,8.098931365487712e-05
посылал,8.097648426150455e-05
бумажку,8.096107650258164e-05
насквозь,8.094744432452536e-05
убрали,8.093194751139572e-05
омут,8.091770950081697e-05
попрошу,8.09160920491112e-05
пущу,8.088263371271767e-05
свободнее,8.087270767259347e-05
подвигом,8.084341647076564e-05
канаву,8.084033648863049e-05
услышит,8.082967718487863e-05
пустая,8.078375013072524e-05
подушки,8.07572553300815e-05
письмецо,8.07354444265831e-05
считала,8.072889682313307e-05
одних,8.072242919698185e-05
мужчине,8.0678504918271e-05
будьте,8.06391964287098e-05
смородинной,8.063001793323109e-05
внимательнее,8.062089831797117e-05
мужикам,8.06108585585535e-05
ровное,8.060187822593991e-05
общего,8.05946032356098e-05
шлет,8.058987338806407e-05
портреты,8.058007985940962e-05
удовлетворение,8.054480816610124e-05
талию,8.053862927979112e-05
зелени,8.052913768285646e-05
сюртуке,8.051036072078469e-05
ложится,8.05059024497641e-05
напирая,8.050170776126223e-05
блуждал,8.044370369926156e-05
продолжалось,8.040675037739359e-05
нежный,8.037239475171658e-05
дрожащей,8.036724131377082e-05
слышали,8.036277942274926e-05
довольный,8.035074784560035e-05
тяжела,8.033441396852315e-05
пасмурно,8.031951300715434e-05
трус,8.031483322027646e-05
барском,8.026938768498069e-05
печать,8.02574135450251e-05
чистая,8.023788384888759e-05
взволнует,8.022368459309637e-05
вспыхнуло,8.021461702871115e-05
диво,8.020477967854218e-05
юбки,8.017827234501787e-05
двигалась,8.016226438895638e-05
скорби,8.016022392289502e-05
бежала,8.013029826712795e-05
смея,8.010392391225528e-05
промежутках,8.010366944831687e-05
пересел,8.010169327879957e-05
договорить,8.01003636108073e-05
деревенского,8.009818719338673e-05
наступают,8.009795878387378e-05
сделаться,8.009417457837917e-05
честное,8.009172467753589e-05
решение,8.008099534777937e-05
измято,8.007771732660286e-05
напоминают,8.007212773531115e-05
америку,8.006116896976723e-05
щекам,8.003838342056435e-05
мутно,8.003570668181813e-05
ходим,7.9981456119727e-05
заставлял,7.994460055500662e-05
науке,7.991209958415633e-05
сделаете,7.986661023320194e-05
прилечь,7.984841898321006e-05
добры,7.984789065386058e-05
волнений,7.983609041403188e-05
строгостью,7.983128498026031e-05
встретить,7.982785214116852e-05
царское,7.982689315022223e-05
высказывала,7.979228854349385e-05
олухов,7.979014916819352e-05
положи,7.978434325746541e-05
воровать,7.978354283772557e-05
честный,7.976496613816572e-05
ложечку,7.976133824228983e-05
приходите,7.974764676183936e-05
нужное,7.974523129740353e-05
поверяла,7.973311507247443e-05
развилась,7.971305160543237e-05
пробыть,7.971304326378035e-05
завопил,7.970690767466165e-05
запиши,7.968016705288166e-05
преданности,7.967923397246471e-05
простое,7.965043375834252e-05
пугаться,7.964832696010653e-05
веткой,7.964304340234335e-05
кончит,7.963672238821974e-05
листья,7.962067333133798e-05
детский,7.960403815806768e-05
дотронулся,7.959509210041892e-05
управлюсь,7.952502673219451e-05
многого,7.95039915517102e-05
получал,7.950120789235175e-05
чашек,7.949717893360978e-05
возни,7.949665937159045e-05
маклера,7.945590796950461e-05
навострив,7.941264978815254e-05
душенька,7.940777439492703e-05
мылом,7.939108040866726e-05
покойное,7.936783784412397e-05
любопытство,7.934088404262647e-05
состоянии,7.932766595105432e-05
поползли,7.928219381811265e-05
рынке,7.92737800667733e-05
позволил,7.92565956572558e-05
валяется,7.924638938986495e-05
сумму,7.92260160168377e-05
смеются,7.922313337776522e-05
пропасти,7.922282033291196e-05
мягким,7.921849473484618e-05
судьбу,7.92172784189653e-05
юношей,7.920288679387533e-05
кур,7.918484005944881e-05
привстал,7.91798304562641e-05
имели,7.917305167213689e-05
самих,7.910957077221052e-05
пожаловаться,7.910028883341141e-05
проста,7.909603967128625e-05
каждого,7.909249307403979e-05
коляски,7.906607266250015e-05
ясен,7.905733617253679e-05
сердиться,7.904401132905885e-05
волновалась,7.903445391320406e-05
объясню,7.901424562925225e-05
увлечением,7.901090952088294e-05
виделись,7.900980019450413e-05
троекратное,7.90033754926252e-05
плечах,7.900103525271752e-05
бремя,7.899996442310178e-05
петлю,7.899397913395596e-05
анна,7.898955343386125e-05
андреевна,7.898955343386125e-05
ухватит,7.897898907962606e-05
приняться,7.89538297631942e-05
усадил,7.894929517576559e-05
добрых,7.894014504296271e-05
некоторым,7.89219617388016e-05
хлопотал,7.891572715017721e-05
приподнялся,7.891005982995344e-05
отпустить,7.89062706671832e-05
англичане,7.890479226987028e-05
адрес,7.888747118943393e-05
тело,7.885276500506267e-05
договаривала,7.884202723005452e-05
женихом,7.883481523960581e-05
выехал,7.882292403787231e-05
мыши,7.880978917386147e-05
привезти,7.880931902847102e-05
скамье,7.878272090974629e-05
наслаждения,7.877149752626012e-05
калитки,7.876628160488726e-05
наяву,7.87431054649983e-05
стулья,7.873901722930784e-05
поняв,7.873115006261434e-05
галерея,7.870340314832296e-05
христианин,7.867448862723176e-05
ужинаете,7.864108210128971e-05
ужинает,7.864108210128971e-05
обижать,7.864108210128971e-05
губишь,7.864108210128971e-05
защищала,7.864108210128971e-05
документа,7.864108210128971e-05
отвезли,7.864108210128971e-05
расстается,7.864108210128971e-05
неосторожны,7.864108210128971e-05
ошибаешься,7.864108210128971e-05
надоест,7.864108210128971e-05
ужинаем,7.864108210128971e-05
ленивы,7.864108210128971e-05
разорился,7.864108210128971e-05
выздоравливаю,7.864108210128971e-05
щелкнул,7.864108210128971e-05
несовершеннолетний,7.864108210128971e-05
обрадовал,7.864108210128971e-05
музыкант,7.864108210128971e-05
доложил,7.864108210128971e-05
зло,7.864108210128971e-05
чудная,7.864108210128971e-05
ужину,7.864108210128971e-05
обойдешь,7.864108210128971e-05
пригорюнился,7.864108210128971e-05
лги,7.864108210128971e-05
припутали,7.864108210128971e-05
оживляясь,7.864108210128971e-05
огрызался,7.864108210128971e-05
смеетесь,7.864108210128971e-05
холоду,7.864108210128971e-05
несправедлива,7.864108210128971e-05
знакомое,7.864108210128971e-05
убивается,7.864108210128971e-05
звонят,7.864108210128971e-05
возненавидишь,7.864108210128971e-05
смени,7.864108210128971e-05
надуешь,7.864108210128971e-05
обомлел,7.864108210128971e-05
взыщите,7.864108210128971e-05
жди,7.864108210128971e-05
разбой,7.864108210128971e-05
наклоняясь,7.864108210128971e-05
преступления,7.864108210128971e-05
оторваться,7.864108210128971e-05
запускал,7.864108210128971e-05
угощает,7.864108210128971e-05
догадываюсь,7.864108210128971e-05
растерялся,7.864108210128971e-05
человеческая,7.864108210128971e-05
беспокоитесь,7.864108210128971e-05
пропадете,7.864108210128971e-05
опровергал,7.864108210128971e-05
отнимала,7.864108210128971e-05
отделывается,7.864108210128971e-05
превесело,7.864108210128971e-05
представила,7.864108210128971e-05
договорились,7.864108210128971e-05
договорился,7.864108210128971e-05
грубиян,7.864108210128971e-05
блохи,7.864108210128971e-05
таскают,7.864108210128971e-05
ляжете,7.864108210128971e-05
отдыхаете,7.864108210128971e-05
замяла,7.864108210128971e-05
недогадливый,7.864108210128971e-05
откашлянулся,7.864108210128971e-05
замужем,7.864108210128971e-05
оторопел,7.864108210128971e-05
шагает,7.864108210128971e-05
неопрятен,7.864108210128971e-05
неосновательны,7.864108210128971e-05
едучи,7.864108210128971e-05
осилил,7.864108210128971e-05
потолстеет,7.864108210128971e-05
неблагодарные,7.864108210128971e-05
привезите,7.864108210128971e-05
работаешь,7.864108210128971e-05
непостижимо,7.864108210128971e-05
осклабясь,7.864108210128971e-05
прибили,7.864108210128971e-05
шатаешься,7.864108210128971e-05
pr,7.864108210128971e-05
замолчат,7.864108210128971e-05
залежался,7.864108210128971e-05
простились,7.864108210128971e-05
трогаешь,7.864108210128971e-05
отвяжешься,7.864108210128971e-05
закуску,7.864108210128971e-05
благодарность,7.864108210128971e-05
поцелуйте,7.864108210128971e-05
поцелую,7.864108210128971e-05
согласны,7.864108210128971e-05
суешь,7.864108210128971e-05
спешишь,7.864108210128971e-05
пошутил,7.864108210128971e-05
сулил,7.864108210128971e-05
блю,7.864108210128971e-05
восклицал,7.864108210128971e-05
перерастает,7.864108210128971e-05
причиной,7.864108210128971e-05
трудах,7.864108210128971e-05
изломал,7.864108210128971e-05
поздравляю,7.864108210128971e-05
выгонишь,7.864108210128971e-05
перескажу,7.864108210128971e-05
ищите,7.864108210128971e-05
женитесь,7.864108210128971e-05
безумцы,7.864108210128971e-05
поживаешь,7.864108210128971e-05
перепутаешь,7.864108210128971e-05
проворен,7.864108210128971e-05
поживаете,7.864108210128971e-05
незнакомым,7.864108210128971e-05
изгадил,7.864108210128971e-05
шепчут,7.864108210128971e-05
проводи,7.864108210128971e-05
фу,7.864108210128971e-05
спрошу,7.864108210128971e-05
заболел,7.864108210128971e-05
извинялся,7.864108210128971e-05
скучаешь,7.864108210128971e-05
срезала,7.864108210128971e-05
поблагодари,7.864108210128971e-05
измучишь,7.864108210128971e-05
стонал,7.864108210128971e-05
дерзкий,7.864108210128971e-05
умрешь,7.864108210128971e-05
печет,7.864108210128971e-05
свиданья,7.864108210128971e-05
умывайтесь,7.864108210128971e-05
раздувает,7.864108210128971e-05
пушкина,7.864108210128971e-05
питаться,7.864108210128971e-05
унесет,7.864108210128971e-05
теряете,7.864108210128971e-05
веселей,7.864108210128971e-05
надарит,7.864108210128971e-05
гг,7.864108210128971e-05
плачете,7.864108210128971e-05
генералу,7.864108210128971e-05
сгубило,7.864108210128971e-05
впустить,7.864108210128971e-05
дрянь,7.864108210128971e-05
путаю,7.864108210128971e-05
мучишь,7.864108210128971e-05
упираясь,7.864108210128971e-05
каковы,7.864108210128971e-05
денем,7.864108210128971e-05
съеду,7.864108210128971e-05
обедаешь,7.864108210128971e-05
нарезался,7.864108210128971e-05
обдерет,7.864108210128971e-05
подозреваете,7.864108210128971e-05
погрозила,7.864108210128971e-05
награда,7.864108210128971e-05
средств,7.864108210128971e-05
вечерком,7.864108210128971e-05
слушаешь,7.864108210128971e-05
подняли,7.864108210128971e-05
встряхну,7.864108210128971e-05
выдумываю,7.864108210128971e-05
опомнись,7.864108210128971e-05
попрекаешь,7.864108210128971e-05
горячился,7.864108210128971e-05
уснут,7.864108210128971e-05
попятился,7.864108210128971e-05
ключи,7.864108210128971e-05
окаменел,7.864108210128971e-05
промолвили,7.864108210128971e-05
наговариваешь,7.864108210128971e-05
драма,7.864108210128971e-05
доберусь,7.864108210128971e-05
упрашивал,7.864108210128971e-05
нравятся,7.864108210128971e-05
понукал,7.864108210128971e-05
женишь,7.864108210128971e-05
помогу,7.864108210128971e-05
нетвердо,7.864108210128971e-05
хвалит,7.864108210128971e-05
хвастался,7.864108210128971e-05
гадала,7.864108210128971e-05
куплена,7.864108210128971e-05
приуныл,7.864108210128971e-05
допрашивала,7.864108210128971e-05
вставай,7.864108210128971e-05
мучились,7.864108210128971e-05
поворачивается,7.864108210128971e-05
идете,7.864108210128971e-05
упрется,7.864108210128971e-05
поновее,7.864108210128971e-05
троньте,7.864108210128971e-05
пусти,7.864108210128971e-05
тс,7.864108210128971e-05
погляди,7.864108210128971e-05
каторжник,7.864108210128971e-05
удержали,7.863910625995574e-05
носила,7.862657950450196e-05
утирая,7.859512073577813e-05
одолела,7.859412662016836e-05
уходит,7.858329540453643e-05
разбудить,7.856458781445691e-05
отношений,7.856446271909395e-05
впали,7.855356467387655e-05
школа,7.852701570808218e-05
днями,7.849608509817424e-05
надеждой,7.846715777070391e-05
умилением,7.846301727711951e-05
шестого,7.845874875188604e-05
сознания,7.845830849254546e-05
замять,7.844666820378546e-05
устал,7.844459717912772e-05
стенах,7.843584576930162e-05
спешит,7.841900008206075e-05
обитатели,7.840245252308804e-05
почты,7.836398918219547e-05
ходу,7.831512138939937e-05
тираду,7.831197854914666e-05
ножи,7.830275385534521e-05
красота,7.829188439027809e-05
дыма,7.827211614247232e-05
обращения,7.827100222629342e-05
благодетельствовал,7.826097599756228e-05
злости,7.825527489073371e-05
спина,7.824943385563336e-05
парку,7.821344014766368e-05
махая,7.81951478848204e-05
примерять,7.819078790005184e-05
мельницы,7.817455599172652e-05
рассуждаешь,7.816989007196351e-05
зверя,7.815513793114867e-05
мечтаю,7.814727431185922e-05
венец,7.811338445527446e-05
приезжал,7.806693955137754e-05
взглядами,7.80636272848775e-05
девка,7.806198893340389e-05
захотят,7.805664800324026e-05
дурной,7.80299672668255e-05
учишься,7.801485349352606e-05
действительно,7.80098351142709e-05
заведение,7.799543540169093e-05
темный,7.798012699826928e-05
поселиться,7.795005254893861e-05
девушка,7.791935704435933e-05
газет,7.791413460416672e-05
распустил,7.789079056582687e-05
приходят,7.787367518879762e-05
сильные,7.783142296132519e-05
родиться,7.781097541738096e-05
замирающим,7.780173013086417e-05
придется,7.775373703087054e-05
черепки,7.775015547603112e-05
приложив,7.774072574916206e-05
тряхнул,7.771272670235094e-05
смешит,7.769630664719048e-05
дождаться,7.767377240282368e-05
сестру,7.766305575449293e-05
любуется,7.761460995976003e-05
полюблю,7.761031550902902e-05
поехала,7.757123041699404e-05
услыхал,7.753661663017029e-05
настоял,7.753238851790127e-05
выпрямляясь,7.747087052382882e-05
голосу,7.746940372359224e-05
подоспела,7.744311617270076e-05
случаях,7.74162995295902e-05
холодный,7.741473405522912e-05
передавала,7.741144920517667e-05
полов,7.739727889278493e-05
боялись,7.739507601072269e-05
нашем,7.73812818007622e-05
покачает,7.735407842558736e-05
поцеловала,7.734600857315158e-05
входя,7.733211758195146e-05
знания,7.733017820917668e-05
жажды,7.731385325608728e-05
подождет,7.731110906028721e-05
сойдешь,7.728751346503451e-05
сеет,7.72779442937127e-05
месяцев,7.725945406545834e-05
спиной,7.725783741294692e-05
посадила,7.72394087517597e-05
контракту,7.722770703812442e-05
злы,7.722301594497521e-05
сочинители,7.721993812678718e-05
томно,7.721689856360982e-05
случаю,7.720891196101842e-05
набрел,7.7198683631728e-05
грехи,7.718308008220222e-05
образу,7.717995453040894e-05
xii,7.71586661973195e-05
погрузилась,7.712227498712907e-05
вкус,7.711147400833263e-05
духу,7.708900239652724e-05
надеюсь,7.70545542344543e-05
неслись,7.704712566968314e-05
отворить,7.70404168168373e-05
поговорю,7.702752327254997e-05
павильон,7.699254115464048e-05
мохнатую,7.698890171211257e-05
решите,7.696137860446142e-05
отослал,7.695102954517725e-05
услуга,7.694283271900117e-05
велено,7.693128513577821e-05
подаст,7.692170006744914e-05
мальчишками,7.690313105793397e-05
праву,7.689114882488127e-05
рубить,7.687198708413484e-05
спеть,7.685008753815919e-05
немой,7.683515091920327e-05
причину,7.680315493676374e-05
прочее,7.678691833036932e-05
плох,7.676922320948751e-05
бабушка,7.67690002475308e-05
перейти,7.675497570100299e-05
лопнет,7.675225580633784e-05
обнялись,7.674064252144355e-05
тяжелую,7.672406863042803e-05
подвиги,7.672299125615472e-05
живем,7.669752859318993e-05
сведения,7.667957017381226e-05
отчаянно,7.666594507558048e-05
круглыми,7.664406169988998e-05
готовит,7.664262849961353e-05
стыдился,7.661999374195242e-05
статуя,7.661506693771688e-05
тянет,7.659836271114518e-05
постоял,7.659198404735793e-05
пришлют,7.657037929491913e-05
кушанье,7.657016025635545e-05
разлилась,7.656690232033024e-05
бестия,7.653454484844808e-05
всплеснув,7.650261054458693e-05
кормят,7.65010781015105e-05
дар,7.647023573708832e-05
сознавал,7.646150710186222e-05
учатся,7.646082622283011e-05
плутовка,7.64471964052307e-05
успевает,7.644151302537626e-05
позволь,7.643053779992138e-05
побежали,7.643024146000668e-05
горят,7.64148455631211e-05
жмут,7.639981312442415e-05
праздников,7.635957325293714e-05
варенья,7.633009459204682e-05
повадился,7.63210231827472e-05
мостик,7.631925831673783e-05
рассказа,7.630704686676473e-05
трубку,7.630671281635863e-05
автор,7.626817700831257e-05
поблекли,7.626445187707021e-05
покрывало,7.625492995833407e-05
бредила,7.624385879627679e-05
прошлом,7.623038382070296e-05
приезжайте,7.620303412705237e-05
открылась,7.619067949090273e-05
упала,7.618365655903922e-05
останавливался,7.617660606439619e-05
гостиная,7.616695659126038e-05
завтрак,7.612280948063294e-05
апатии,7.610602351323531e-05
волноваться,7.609462764087275e-05
гладко,7.60731761782475e-05
досады,7.606813706374058e-05
избежать,7.606775100811495e-05
куче,7.605993282346967e-05
полотенце,7.604635825059784e-05
семейное,7.603394834934466e-05
пустой,7.602200205575064e-05
растолковать,7.599916015876807e-05
поклоном,7.596911699951456e-05
проживете,7.595458971606893e-05
городской,7.592434427495558e-05
разочарования,7.592049931574042e-05
ножки,7.59032967279376e-05
морскую,7.590253379721766e-05
обратить,7.590076631873029e-05
прямого,7.589774642353387e-05
полежать,7.586861428567034e-05
бумаг,7.586744218049785e-05
носили,7.586064973097766e-05
ладони,7.585124435917629e-05
избу,7.580105035822427e-05
ведут,7.579890468999914e-05
провести,7.579223489993305e-05
ногам,7.57898965018867e-05
сарай,7.57792821295725e-05
проведать,7.576052237044436e-05
попалась,7.575540044948108e-05
второго,7.575257559429608e-05
рассердился,7.572916687913415e-05
послан,7.572908593088531e-05
мелькнет,7.572818874790671e-05
мерно,7.572544626418817e-05
кладя,7.571531656776518e-05
представлял,7.569725461418948e-05
разразился,7.5689617660065e-05
водой,7.568665431712794e-05
биться,7.568305931798099e-05
соберется,7.568200775115415e-05
разглядеть,7.566842700390911e-05
отпуск,7.566713894699508e-05
возвращался,7.565260577355102e-05
изжога,7.565180931298044e-05
мучишься,7.565158594447873e-05
прижал,7.56369297378151e-05
назначила,7.559906917255148e-05
времен,7.557530123329419e-05
закрыты,7.556858619950555e-05
останавливаясь,7.553124007635157e-05
смела,7.549507417301492e-05
мечтатель,7.5494883272125e-05
краснеешь,7.546078673944658e-05
подхватили,7.545808014850702e-05
торчит,7.543971796334287e-05
общественной,7.543378954885099e-05
этажерки,7.542477681688721e-05
деревьям,7.541415809343128e-05
переговорили,7.540881081752153e-05
мягкий,7.53918328893003e-05
дышу,7.538799158720907e-05
синевой,7.536275070031978e-05
вызвать,7.535936230355195e-05
месяце,7.535899018884679e-05
шагами,7.535262582554126e-05
стакана,7.531308890167128e-05
искра,7.53068545272389e-05
льдом,7.529414647879665e-05
родные,7.528917912595321e-05
обоим,7.527140620631474e-05
услышите,7.523908138412274e-05
жажду,7.522710315114491e-05
вдумываясь,7.522256438445022e-05
средствах,7.513469977952753e-05
верна,7.51096001155068e-05
смущения,7.510524693330852e-05
видано,7.510043485307017e-05
честь,7.509568119860029e-05
вызвало,7.508509495770227e-05
пожаловать,7.506371356672244e-05
наклонил,7.505871865995469e-05
способен,7.502684189201077e-05
рубашке,7.502469824167671e-05
фейерверк,7.501969741753454e-05
девушки,7.500966230178638e-05
посудите,7.499655728840433e-05
пропало,7.498305147850329e-05
разбрелись,7.497089925846086e-05
отыскать,7.494393516460393e-05
поблизости,7.493347681238256e-05
платить,7.493083629534916e-05
таинственный,7.490683089935026e-05
бросишь,7.486964796353896e-05
машину,7.486171519792344e-05
расставлено,7.485437243791577e-05
проснувшись,7.484975398687015e-05
рецепта,7.48310205797746e-05
жизненные,7.481243379371487e-05
горел,7.479959986200084e-05
донес,7.47951685667373e-05
наклонив,7.477853090672746e-05
муже,7.4769902757772e-05
ценят,7.476880038841081e-05
чертить,7.475700087565524e-05
телом,7.475190614607128e-05
корицей,7.47038564839834e-05
порядком,7.470246781860477e-05
мертвый,7.469956946388678e-05
приятелей,7.467573262224313e-05
останешься,7.467509108413631e-05
траур,7.467407185672239e-05
торопливый,7.464475094832658e-05
лакеи,7.463041007627979e-05
велит,7.462529124376432e-05
присмирел,7.46207958587293e-05
походит,7.460385407129306e-05
содержание,7.459937661585575e-05
захватывало,7.459348075377398e-05
страница,7.457455189174856e-05
барского,7.453337835378248e-05
желает,7.451323663711317e-05
выучила,7.45103652238739e-05
задумчивой,7.450941724985844e-05
увлекал,7.450053109015256e-05
покойным,7.448981193440907e-05
рту,7.446947564376389e-05
невидимая,7.446054076584211e-05
стыдиться,7.444709145256082e-05
веровала,7.444109601711826e-05
романе,7.44046417516024e-05
просили,7.438807230689301e-05
откушенной,7.437596931415557e-05
дожидаясь,7.436534099506325e-05
хождение,7.436343641016197e-05
припомнил,7.434745626572519e-05
трепет,7.433724136191807e-05
женщиной,7.433188126607268e-05
мальчиком,7.430208504127981e-05
каменная,7.429316999161132e-05
гнева,7.42831831591804e-05
управу,7.427707373153041e-05
добровольно,7.426978375285373e-05
жену,7.426213878307944e-05
бабье,7.425739119413316e-05
поводя,7.425318716876124e-05
горячие,7.424560824074746e-05
губерний,7.423769508883474e-05
явятся,7.423410514528065e-05
детской,7.422769736890892e-05
ошиблась,7.418164563689807e-05
вопил,7.417099058822995e-05
уткнув,7.416563278468007e-05
погруженный,7.415637202814226e-05
воцарилась,7.412294728314562e-05
тобою,7.410375026446993e-05
идею,7.40683514905346e-05
предварительно,7.405352663287636e-05
боится,7.40486114801388e-05
представь,7.404805982781312e-05
задумчивости,7.40255685306204e-05
складки,7.402311349552025e-05
наказал,7.402191225727745e-05
ведает,7.40199704921977e-05
сферу,7.40140411464848e-05
отношении,7.40082109190914e-05
ершика,7.400609966241944e-05
пошлю,7.400529467808402e-05
уважения,7.398901672001437e-05
крупными,7.397550692218043e-05
упасть,7.39639531472591e-05
ставало,7.395117782502025e-05
массу,7.39487218103828e-05
заказывать,7.393104995072331e-05
достоинства,7.392094320864375e-05
балконе,7.390652264589402e-05
открытий,7.390442682894274e-05
маятника,7.388692815104956e-05
прибавив,7.388401453503663e-05
спрашиваешь,7.385822532160358e-05
закипит,7.385556497127487e-05
ново,7.385211357930661e-05
печали,7.384942040106698e-05
летами,7.381523243750968e-05
скверно,7.380219130678745e-05
телу,7.375920348549334e-05
забылось,7.375336128658936e-05
направить,7.3749742847352e-05
припал,7.373951179834141e-05
воротам,7.37322746555423e-05
безграмотным,7.373151198033876e-05
значат,7.37308267801285e-05
шкафах,7.372784044235282e-05
прощение,7.369497379853374e-05
молчанию,7.369270001230595e-05
углам,7.368887112744839e-05
внезапных,7.364325695062446e-05
пересиливает,7.363342244547544e-05
сильную,7.362578505216078e-05
сострадание,7.361956250932e-05
постойте,7.361888356203278e-05
сшит,7.361303874164522e-05
ношу,7.360992122199912e-05
носится,7.359898929068377e-05
глубокий,7.359417277517267e-05
детская,7.359300879550562e-05
полна,7.359086815026118e-05
няне,7.358909575715786e-05
дождешься,7.357072821547483e-05
оставим,7.357072821547483e-05
невеликодушно,7.357072821547483e-05
ячменях,7.357072821547483e-05
работаете,7.357072821547483e-05
будоражишь,7.357072821547483e-05
бессовестно,7.357072821547483e-05
насмешка,7.357072821547483e-05
похвалил,7.357072821547483e-05
филиппа,7.357072821547483e-05
наспал,7.357072821547483e-05
грязная,7.357072821547483e-05
девать,7.357072821547483e-05
упрекала,7.357072821547483e-05
вынеси,7.357072821547483e-05
политика,7.357072821547483e-05
истощится,7.357072821547483e-05
вздумали,7.357072821547483e-05
тетрадки,7.356996336649343e-05
милостивый,7.356350461043964e-05
государь,7.356350461043964e-05
пересчитаешь,7.355211255724432e-05
длинная,7.351761822724108e-05
высшей,7.350191878204849e-05
слабости,7.348423033438086e-05
уметь,7.348347512805408e-05
образе,7.346066498536894e-05
блещут,7.345999952809545e-05
особенности,7.34589348649162e-05
упорство,7.345223011994434e-05
искренна,7.34144319963665e-05
нервическое,7.339977637890467e-05
встречал,7.335183452292782e-05
потрохами,7.33494727082026e-05
поспеет,7.333902479994846e-05
хохота,7.329914089273036e-05
ворчит,7.329847582333566e-05
средним,7.327806049191746e-05
выручки,7.326074908648617e-05
назовет,7.31806676003226e-05
булку,7.316960227024499e-05
парка,7.316422383691822e-05
девок,7.313238977972552e-05
мечтали,7.312433094638958e-05
попадет,7.312293993208942e-05
чужого,7.304333600809774e-05
надобности,7.303997945855884e-05
помешал,7.303416263409115e-05
главные,7.303352630215716e-05
приятелем,7.303126731571737e-05
стыду,7.297489869730685e-05
бываешь,7.295679663422442e-05
уездном,7.29537025619678e-05
прибавь,7.29330674763508e-05
третьи,7.290323038921922e-05
барской,7.287739446913264e-05
язвила,7.287161736077043e-05
полнотой,7.286755303098887e-05
кумы,7.286653790574289e-05
заливалась,7.284793595555076e-05
бегом,7.284184618093823e-05
род,7.283295453822296e-05
членом,7.28270600621315e-05
ягоды,7.281528545738441e-05
словцо,7.278105336082806e-05
увлекалась,7.278015747857578e-05
дремоты,7.275355931108144e-05
близок,7.271618463853362e-05
мелкий,7.270500224572795e-05
рассуждая,7.270317824036166e-05
печке,7.269780890793327e-05
перспективе,7.266132049079589e-05
встает,7.261480944753295e-05
шайка,7.25792511132694e-05
перенести,7.256024600309446e-05
хлопоты,7.253708397334618e-05
бесится,7.253651437629304e-05
обратив,7.252598016415661e-05
станут,7.252549696159545e-05
отозвалась,7.248326118549e-05
эгоистом,7.245541305337152e-05
возвратясь,7.242926879694185e-05
вчерашней,7.24127324885272e-05
надоели,7.239631095090389e-05
терзаешь,7.238746113803257e-05
выдумывал,7.238746113803257e-05
сурово,7.238746113803257e-05
воспламенившись,7.238746113803257e-05
понюхав,7.238746113803257e-05
желчно,7.238746113803257e-05
отправляюсь,7.238746113803257e-05
развеселясь,7.238746113803257e-05
менялись,7.237499421493813e-05
усталость,7.235331686691227e-05
встрече,7.23311106162815e-05
вслушиваясь,7.229483446058934e-05
захочется,7.227541283993679e-05
вникал,7.227026395634743e-05
доверчива,7.223327869081196e-05
вздохами,7.219360635888768e-05
брать,7.219173252189147e-05
перчатках,7.216483146139028e-05
сонным,7.214668450353928e-05
дремал,7.21451341160809e-05
догадки,7.213275353743292e-05
спрятаться,7.211549520466709e-05
жалась,7.209478262603972e-05
отправлялся,7.208313544269476e-05
лавкам,7.208226123462194e-05
андреичем,7.207782558930773e-05
михеем,7.207782558930773e-05
решается,7.207600320578875e-05
вверху,7.206937751970859e-05
решать,7.206471311752638e-05
мечтала,7.20554356833857e-05
прихожей,7.20429057375458e-05
допустить,7.203618946446579e-05
сядьте,7.199049162677059e-05
заговорю,7.198869650050196e-05
кармана,7.198434111467021e-05
скрипят,7.196852186548869e-05
любопытный,7.196250828509537e-05
открыты,7.195896731718194e-05
прочим,7.195188738926688e-05
отрицания,7.194910011972093e-05
сыт,7.193821651813972e-05
извозчиком,7.192449078847992e-05
наотмашь,7.190944643733738e-05
сношения,7.18856090133714e-05
соскучился,7.188173547983322e-05
нерешительностью,7.187343109931988e-05
игла,7.186246664854345e-05
кровлей,7.186173684305509e-05
перевес,7.183073101530116e-05
рукам,7.181426575525022e-05
пробуждались,7.1791328898038e-05
труды,7.177031049642315e-05
дно,7.172116137193372e-05
передо,7.17181511902231e-05
редьки,7.169961855069594e-05
горькой,7.169961855069594e-05
топорами,7.168833565103487e-05
слаба,7.168783362954448e-05
устроен,7.167020938133079e-05
резко,7.166130180444021e-05
лопатой,7.165382159116866e-05
побледнел,7.161742283147757e-05
затишье,7.157597507535743e-05
мгновения,7.156246509879226e-05
умиления,7.154239638034867e-05
верховой,7.15339154232353e-05
снилось,7.149374756986567e-05
прятала,7.148890446399696e-05
расшаталось,7.148163149546667e-05
проект,7.141898755445234e-05
отодвигая,7.141799604065802e-05
обратно,7.140324714705257e-05
чутко,7.139729904646476e-05
непритворным,7.13876299320729e-05
учит,7.135617763345422e-05
оглядывала,7.135140473926687e-05
разговаривает,7.135091445477898e-05
отворит,7.132656156297634e-05
пой,7.132283256503125e-05
держа,7.131790925953199e-05
бегут,7.130595921656782e-05
одинаковым,7.12939830116748e-05
грациозно,7.129193965517537e-05
роз,7.129014367188028e-05
изумленный,7.125857616043838e-05
срамить,7.125621008006514e-05
банку,7.125116712142087e-05
громкий,7.123867395993662e-05
тревог,7.119222623965696e-05
найдет,7.119200558833289e-05
печи,7.11736071305673e-05
увезу,7.117170218734614e-05
поворачиваясь,7.116148598750828e-05
вынув,7.115905552433777e-05
двойной,7.11394193978726e-05
злу,7.113575261262468e-05
ворочать,7.111953736660646e-05
кричат,7.111117706127325e-05
пасху,7.11100562550458e-05
кончилось,7.110289144712496e-05
кости,7.109920453061157e-05
тенью,7.107893652653438e-05
передам,7.107752821058398e-05
несу,7.106336817206187e-05
блистали,7.105669220013341e-05
разинутым,7.099542674685782e-05
успеет,7.09855124304187e-05
недель,7.096611611180024e-05
войдя,7.09659759694752e-05
бледна,7.095962771674326e-05
сжав,7.095191570236767e-05
отдайте,7.094417056814716e-05
стащил,7.094312759340037e-05
слышались,7.093527876171952e-05
ваших,7.09141242129591e-05
переезжай,7.091361163955158e-05
назвала,7.090710151127877e-05
богат,7.087444506100831e-05
воспоминаний,7.086331073477656e-05
беспечности,7.085480097357297e-05
крепкой,7.084173424123377e-05
непроницаемости,7.083696241001146e-05
размеры,7.08360097704729e-05
гремит,7.083162994862679e-05
надежду,7.07800999975249e-05
ягод,7.075614051727866e-05
сворачивал,7.074306356987848e-05
целей,7.071612422051684e-05
признаки,7.070617410320059e-05
снисходительно,7.068502584993434e-05
влюбленным,7.067521521152157e-05
опустилась,7.065689290558188e-05
походили,7.064051431882555e-05
моли,7.063988772301674e-05
скуп,7.063850460450724e-05
взглядывала,7.062307906549377e-05
ильиче,7.062288638009523e-05
de,7.062168349285396e-05
ломка,7.05905790452312e-05
погулять,7.055839860117896e-05
вкусом,7.055637213942144e-05
ложиться,7.055077218972318e-05
целое,7.053626736444814e-05
подпишете,7.053454382159675e-05
блестят,7.05223081149852e-05
желая,7.051977842548032e-05
выглянув,7.050384468796714e-05
террасе,7.049714239095592e-05
пряталась,7.049054675308267e-05
ясного,7.047161958127639e-05
догнав,7.044683017678387e-05
недоверчиво,7.044683017678387e-05
оторопев,7.044683017678387e-05
сдержанным,7.042318042072243e-05
просятся,7.040682778775489e-05
отдавала,7.040035237076063e-05
жирное,7.039756312143469e-05
считаю,7.03912234541245e-05
мертвых,7.036866712134397e-05
ласков,7.036138372790778e-05
толпой,7.034831148779504e-05
гостит,7.034125944471103e-05
держась,7.033370802604718e-05
желанием,7.027959696999557e-05
ласковый,7.027400973672455e-05
почитаешь,7.027076703948438e-05
погреб,7.025933386170484e-05
отворилась,7.024271738362548e-05
праздного,7.022219722349016e-05
пьян,7.021149424436197e-05
заботе,7.019659231362784e-05
полного,7.018199564305763e-05
рукавом,7.015220237422891e-05
отводя,7.014290994548746e-05
воротами,7.011913255515076e-05
удерживая,7.01032872642894e-05
бедная,7.009616308841952e-05
внизу,7.004461734189338e-05
близком,7.003768983502165e-05
ступеням,7.003738695179673e-05
усердием,7.003104544009542e-05
молоть,7.002667126632689e-05
мала,7.000409179739231e-05
бегала,7.000244681439357e-05
дышало,6.999415029166524e-05
рисовал,6.999142048706692e-05
сыщешь,6.996646426958731e-05
мыкаться,6.996581973699542e-05
позови,6.996337445566746e-05
равняю,6.996337445566746e-05
держись,6.996337445566746e-05
чище,6.995820054261959e-05
гладить,6.995134010169898e-05
глядят,6.994132423795352e-05
чортом,6.993851834758452e-05
калитку,6.992025975156879e-05
увлекался,6.991994352032144e-05
прогневали,6.989120180214181e-05
закрывая,6.987012893916474e-05
предстояло,6.984373301191975e-05
приедут,6.983659699051063e-05
вашему,6.983357598549871e-05
последними,6.981961467182977e-05
приезда,6.976558346984962e-05
последних,6.973698839667219e-05
радуясь,6.9732579155515e-05
начатые,6.972534919480293e-05
оного,6.971835272842398e-05
ринулся,6.971480565577734e-05
заведении,6.971387846537128e-05
двенадцатый,6.969386194792334e-05
запер,6.967503758280046e-05
изображают,6.966630121491021e-05
кофейной,6.965967354758287e-05
водит,6.965670372647837e-05
опора,6.965670372647837e-05
давит,6.965124353013883e-05
радостный,6.95919000241687e-05
согласилась,6.957721969235417e-05
прилежно,6.955909084014572e-05
маешься,6.955683274940098e-05
получать,6.954976276593675e-05
провожает,6.953435611197062e-05
кипела,6.952761276996506e-05
прислушивался,6.949656050117276e-05
овладел,6.9458833951552e-05
опираясь,6.945258926829888e-05
настойчивость,6.943452972081968e-05
работай,6.942126007116484e-05
богданович,6.941392610805035e-05
скрип,6.939226806623298e-05
холмов,6.939163322558725e-05
скучна,6.937575260766679e-05
мадеры,6.934876282215885e-05
лукавой,6.933824677708979e-05
ладонь,6.933485027337277e-05
известия,6.932227776781981e-05
видны,6.930993096663837e-05
обломовского,6.930196766242841e-05
лаская,6.928949340516806e-05
семейный,6.926190280493373e-05
непонятное,6.925124163001492e-05
вынесет,6.924672790178481e-05
освежают,6.924672790178481e-05
европу,6.923860645747056e-05
гороховую,6.922828293651639e-05
мною,6.920644438909272e-05
приложила,6.918796047115839e-05
литературой,6.91771853019126e-05
писали,6.914691764171453e-05
неудобно,6.912517351566351e-05
хватал,6.911280022790686e-05
жесткие,6.910450612597592e-05
русскому,6.909302369943941e-05
торжеством,6.908925186054546e-05
ясных,6.906596693159216e-05
бедно,6.90624607492733e-05
высохли,6.906067016362912e-05
вкусу,6.904665466831575e-05
мокрый,6.902953593559928e-05
голой,6.902151714695554e-05
ежедневных,6.901635911294049e-05
доброты,6.900825872804984e-05
портниха,6.900810931305321e-05
становился,6.900308085609423e-05
запах,6.899447317183869e-05
жалуется,6.898425196006119e-05
ребенку,6.897359162418872e-05
написав,6.895093473842698e-05
форточку,6.892231855712965e-05
терялся,6.892048717661332e-05
крыльцу,6.891019772342963e-05
секретаря,6.887133421336298e-05
ропот,6.886899679203999e-05
доступ,6.886816125161645e-05
осторожны,6.886523233182003e-05
тринадцати,6.883628710777899e-05
кренделями,6.883412626573861e-05
согласный,6.883323808821594e-05
авторитета,6.88124403134907e-05
внутренней,6.879270452405425e-05
страниц,6.879184239397254e-05
безумная,6.876886835194223e-05
всхлипывать,6.874790603154788e-05
детским,6.873807071328776e-05
невинности,6.873733858348806e-05
замахал,6.871929465566767e-05
перешагнуть,6.870683941320317e-05
возьмите,6.866692077540705e-05
конуры,6.865712061507788e-05
обедает,6.864245097153591e-05
надета,6.86383195303532e-05
заткнутым,6.863186222584712e-05
подолом,6.863186222584712e-05
разрешалась,6.862328623460217e-05
мочи,6.861555350529018e-05
вскочит,6.861118195632769e-05
теряется,6.859716173118279e-05
умирать,6.854674509983145e-05
поднялись,6.854193940771882e-05
подкладывая,6.853629449764297e-05
поблагодарил,6.851056802112064e-05
наклонила,6.84848373241502e-05
садилась,6.847632868104013e-05
спящего,6.847110982111554e-05
ватрушки,6.84543649089931e-05
хороши,6.845430880132333e-05
изумления,6.845327948687451e-05
эгоизма,6.845004997840257e-05
завтракать,6.844772444262251e-05
лбом,6.839947441865742e-05
вредно,6.837498956607374e-05
разумела,6.835656184056158e-05
разбойников,6.835091390509282e-05
пятеро,6.834113487443142e-05
кидал,6.831843867258071e-05
дока,6.830323420060649e-05
расцветало,6.829830061478204e-05
поймав,6.829640506250323e-05
кричать,6.827540143733167e-05
истинным,6.825891842033254e-05
поверю,6.824932444653212e-05
промаха,6.823831739620252e-05
свежа,6.82340225216692e-05
плече,6.821893524761007e-05
сны,6.821859106464656e-05
четверг,6.821288877902583e-05
доказательство,6.819765006182823e-05
повод,6.816765675004753e-05
известной,6.816663994178809e-05
театра,6.81483840098626e-05
мальчишек,6.813521792606379e-05
поговори,6.812703499541333e-05
суетливо,6.809703049853733e-05
твоим,6.806033908032794e-05
втихомолку,6.80429843151156e-05
банк,6.80405225140305e-05
известны,6.802852037470197e-05
оказалась,6.802563066880255e-05
миром,6.802459803656798e-05
обещал,6.799949073422472e-05
посвятил,6.797171724269555e-05
внешней,6.79606087105391e-05
стыдится,6.795101279278235e-05
таковы,6.794332139202116e-05
тяготит,6.793415017628271e-05
задала,6.79332263284008e-05
тетку,6.791845382379138e-05
гуляли,6.791340212652638e-05
третьем,6.789835023867367e-05
холоднее,6.789174116162759e-05
догадывался,6.789155715007665e-05
пошевелилось,6.788068598474733e-05
устремлен,6.785590883585451e-05
мужиками,6.784445916185621e-05
брось,6.783990701925739e-05
заглушить,6.782340656149548e-05
запела,6.779870559204164e-05
перевозка,6.777793109821423e-05
плакали,6.775481472714963e-05
веселы,6.775161506755861e-05
погибло,6.775161506755861e-05
смеете,6.775161506755861e-05
удовольствие,6.775027700287083e-05
зависть,6.773533372962004e-05
копейки,6.773339512414865e-05
просидеть,6.772170144613247e-05
осторожным,6.76958664064905e-05
яд,6.76958664064905e-05
горестью,6.76958664064905e-05
симпатичен,6.76958664064905e-05
тратите,6.76958664064905e-05
появился,6.766491449436189e-05
разговаривают,6.766376325972958e-05
собираются,6.765679175982169e-05
отворять,6.764943738014639e-05
стремлений,6.763890514758676e-05
приходить,6.761332925470193e-05
худощав,6.760488192943374e-05
столов,6.76032447661076e-05
усы,6.758408658214969e-05
ощупывая,6.75797276503206e-05
прятались,6.757670189234492e-05
требований,6.757185185698538e-05
решительный,6.753964585250617e-05
браниться,6.753245694293704e-05
листу,6.750849503871157e-05
смородинном,6.750849503871157e-05
сострадания,6.749911633606937e-05
скромно,6.747829862027184e-05
согласишься,6.746161972035557e-05
чудес,6.745753594340291e-05
устраняя,6.745293745181053e-05
оторвать,6.744867609763927e-05
приглашение,6.744121528339294e-05
мошенник,6.743312318452302e-05
петербургская,6.742904213417135e-05
сделалась,6.742236550200065e-05
несчастное,6.740002014505637e-05
сыскал,6.740002014505637e-05
ленью,6.736418771116958e-05
подруги,6.7353899917271e-05
здоровая,6.732873751214984e-05
держится,6.730738386227457e-05
ставни,6.730580332571445e-05
обратился,6.730482634349858e-05
воде,6.727382527725022e-05
грубее,6.727282151461598e-05
горелки,6.727196623589044e-05
перевертываясь,6.721508264303292e-05
покорностью,6.720520447409211e-05
пакетом,6.720211723297117e-05
сфера,6.719108266620025e-05
большом,6.717251422939568e-05
мрачную,6.717108393576249e-05
правам,6.717089276573765e-05
норма,6.716547453819487e-05
чересчур,6.714713154009448e-05
косо,6.714577334714368e-05
исчезал,6.712943602483302e-05
отдыха,6.712638057510319e-05
неумолимый,6.711499113872797e-05
бодр,6.711038370226268e-05
естественно,6.710025807071164e-05
знаний,6.706453063954715e-05
бранились,6.703615329610578e-05
нахмуренный,6.703615329610578e-05
ведомости,6.703166485982357e-05
красках,6.702152473755973e-05
заплатил,6.701994317595067e-05
покойного,6.70196014809732e-05
среды,6.70030108290753e-05
спохватившись,6.700074871667454e-05
морем,6.700074871667454e-05
дрогнет,6.700074871667454e-05
наказывает,6.700074871667454e-05
выдумала,6.698824008771156e-05
молодого,6.698152846194373e-05
упоением,6.696491770016664e-05
огорчением,6.696491770016664e-05
щелканье,6.692851336049269e-05
принесут,6.692047928970038e-05
поверьте,6.691126883330864e-05
подозреваю,6.688402591452318e-05
неподвижности,6.686881352226406e-05
прослужит,6.685476366933393e-05
кудри,6.684178786422759e-05
вплоть,6.683263274305022e-05
краснеть,6.682983031171475e-05
пронзал,6.681712268212347e-05
беречься,6.680108726232326e-05
грубый,6.677466066035709e-05
болтовню,6.677309261240321e-05
колоть,6.67511303515354e-05
минувшем,6.674137451404698e-05
графине,6.673985525534792e-05
развалилось,6.673959603300167e-05
затылка,6.671194283572985e-05
скрипнула,6.670405025722407e-05
множество,6.669323957853443e-05
гуляет,6.668434329432824e-05
постом,6.667795273945201e-05
серой,6.665190263491997e-05
труслив,6.662146298271025e-05
андреичу,6.661169569728498e-05
михею,6.661169569728498e-05
немецким,6.661021250767847e-05
притворной,6.660881376412752e-05
заклад,6.660198085269808e-05
говорило,6.656836202446202e-05
кротким,6.656689958832947e-05
жег,6.656031265893185e-05
нейдут,6.655598288497748e-05
изяществом,6.654923349001347e-05
честнейшая,6.65407492651239e-05
найдя,6.654021196729095e-05
получу,6.650244394318117e-05
спальня,6.650129161145388e-05
выгоды,6.649897557869217e-05
считаете,6.649762639910774e-05
перевести,6.647692374560944e-05
проходило,6.645562138580442e-05
сияние,6.644750504849254e-05
жаркий,6.644644832903281e-05
выронила,6.644174849651471e-05
сметь,6.643652386423407e-05
скрытой,6.642288539927464e-05
поступка,6.638038933856673e-05
ворча,6.637269374385505e-05
лоскуток,6.635498716203318e-05
серебром,6.635255082397556e-05
показался,6.634193563063084e-05
обстоятельно,6.633327398901293e-05
озиралась,6.632708948236302e-05
вчерашнем,6.631945717988233e-05
платьев,6.631025549914373e-05
собственный,6.629891314852481e-05
дышал,6.628202860899526e-05
огородишком,6.627917834941913e-05
грозы,6.627479850175682e-05
жительства,6.627336501826325e-05
надоедал,6.623352285551138e-05
обиженным,6.623326799288022e-05
стыдясь,6.622982766229389e-05
вспомнили,6.622328714290522e-05
чудовищ,6.62162584899418e-05
локтей,6.619895117515419e-05
хозяйственные,6.617166856052656e-05
налюбуются,6.616141339818372e-05
mon,6.614040342587063e-05
прерывает,6.614008835911144e-05
ловят,6.613729465238194e-05
игнатьевна,6.61294119807337e-05
родительская,6.612180308705949e-05
лился,6.612103107359823e-05
страдает,6.611368663265187e-05
пораженный,6.610645949406132e-05
ярмарка,6.609799212620617e-05
блеснет,6.608314659156377e-05
наполнялся,6.60765209511302e-05
принялись,6.605980953756125e-05
язвительно,6.604367591634288e-05
палевых,6.603803261630027e-05
гаснул,6.60305732355274e-05
лезет,6.597102784196663e-05
тремя,6.595570000805192e-05
перевели,6.595185806172961e-05
переезжаю,6.594409483153511e-05
горазд,6.593668838163724e-05
переезжают,6.593212872614767e-05
счетов,6.59168201552439e-05
избе,6.590566814816546e-05
стеной,6.58840682740813e-05
лакейским,6.587218397746072e-05
характерный,6.584113551487286e-05
хозяйские,6.582888745939497e-05
насильно,6.580433091507692e-05
торжествовала,6.579253685850226e-05
безусловно,6.578383090674181e-05
перенесся,6.577958908647938e-05
увидят,6.577914889787983e-05
носить,6.575679178814504e-05
охоту,6.575076662987492e-05
графина,6.573706697894928e-05
спускает,6.573456689890697e-05
биением,6.572114705592835e-05
хвастают,6.570967760404594e-05
напомнит,6.570220029759683e-05
романа,6.569701148906223e-05
негде,6.567535953137133e-05
волосами,6.56710625632184e-05
пристань,6.566320415695931e-05
деревенское,6.563614969939008e-05
переезда,6.5634697446265e-05
управлять,6.562831605980753e-05
усмешка,6.56232479281263e-05
свидетелем,6.56232171125864e-05
пива,6.56139228624413e-05
поставив,6.561043180420545e-05
отнюдь,6.56034297474329e-05
фортепиано,6.559500739422892e-05
восторга,6.558576323108151e-05
намерением,6.557225967673747e-05
почта,6.556737986690596e-05
подойду,6.556737986690596e-05
некоторого,6.556009777346618e-05
высокую,6.554568046143803e-05
любимого,6.553721078864308e-05
задал,6.553540074357572e-05
претензий,6.553306478199242e-05
раю,6.552228598504943e-05
проголодалась,6.550955130518748e-05
догадалась,6.550955130518748e-05
воротила,6.550955130518748e-05
дрыхнуть,6.550955130518748e-05
опасаясь,6.54903772292339e-05
странные,6.548102279712646e-05
актриса,6.547877468659e-05
подвинулись,6.545060715276381e-05
тайный,6.544937716154649e-05
пользоваться,6.543598889777412e-05
щелку,6.542355288643615e-05
дошли,6.538868277663981e-05
опасностей,6.538555202034343e-05
ходи,6.537283045742021e-05
тяжелыми,6.536744844577727e-05
торопились,6.533238835594512e-05
сошли,6.532919796371355e-05
идея,6.532560094866925e-05
благодетельствует,6.530065059964703e-05
пса,6.529876921868136e-05
пропадет,6.529631914809113e-05
плаксиво,6.526663936513939e-05
теплее,6.523970645384687e-05
отдала,6.521397244696196e-05
экономии,6.520821550757716e-05
достоинству,6.520344912384078e-05
отдаю,6.520277762768526e-05
берег,6.519226228478444e-05
памятью,6.518169709264328e-05
ждут,6.517190729441372e-05
гляжу,6.517092831104498e-05
сорта,6.514680900026362e-05
подписала,6.514454818702234e-05
предприятия,6.514438828266427e-05
съезжай,6.513755847115708e-05
приискал,6.513755847115708e-05
соседа,6.513244480699484e-05
веселье,6.512409595561492e-05
ключа,6.512153500159961e-05
остановит,6.507784401234428e-05
учили,6.507092415192237e-05
полюбишь,6.507092415192237e-05
бываем,6.507092415192237e-05
серьезной,6.505631069782688e-05
изящная,6.505588077910283e-05
пошатнется,6.505382279172542e-05
домашней,6.504846516489731e-05
сторона,6.50445415976138e-05
рассказы,6.503794130924273e-05
ударяя,6.503769756546872e-05
решив,6.503267577678082e-05
знакомым,6.502756655481166e-05
приготовления,6.501231838718472e-05
возвышая,6.50028131614388e-05
заглушал,6.50028131614388e-05
христос,6.50028131614388e-05
вниманием,6.496424520015392e-05
стремительно,6.494977372137393e-05
блуждали,6.493315989120632e-05
испытала,6.492585560839099e-05
употреблял,6.492207110318798e-05
поворотил,6.490972154593316e-05
интересовался,6.489079153284996e-05
сделались,6.48862292613991e-05
неудовольствия,6.488364850888695e-05
разорвусь,6.486189425954876e-05
педанты,6.486189425954876e-05
проку,6.481023117329773e-05
планом,6.480410923452187e-05
старика,6.480251925968913e-05
сходках,6.479262848308837e-05
золовка,6.479262165081933e-05
приготовлениях,6.47889412948781e-05
граница,6.47889412948781e-05
душегубец,6.47889412948781e-05
кокетничает,6.47889412948781e-05
нелепо,6.47889412948781e-05
фат,6.47889412948781e-05
познакомились,6.47889412948781e-05
назначу,6.47889412948781e-05
согласен,6.47889412948781e-05
начальника,6.47840441409771e-05
кончились,6.478191042837317e-05
собственных,6.477875121878334e-05
спишь,6.476962380888748e-05
луна,6.476228229849029e-05
следами,6.475751465472012e-05
тихой,6.474830024858408e-05
окрестности,6.474145339798884e-05
заставал,6.47254070432866e-05
немеет,6.472037449406456e-05
невидимые,6.471234957830608e-05
куски,6.468040350277164e-05
слыханное,6.467635401896481e-05
франтов,6.46637191425011e-05
чужая,6.46603593937095e-05
вышивает,6.465846313769442e-05
одиноко,6.46502509638466e-05
облаков,6.46382506529839e-05
торжество,6.463764617454693e-05
плюнет,6.463115782200537e-05
перестанешь,6.459306661257067e-05
светлые,6.459140766945559e-05
веселья,6.458604248586118e-05
филипп,6.456149463539988e-05
акацию,6.455982598126479e-05
захотеть,6.455912513374282e-05
придумает,6.455912513374282e-05
решит,6.455352348102937e-05
прежней,6.454916194715743e-05
испытующим,6.453881116021328e-05
выслать,6.453341406449003e-05
домашний,6.452252891724705e-05
снилась,6.452189515709844e-05
неприятного,6.45051823849053e-05
шитую,6.449827713238507e-05
осину,6.447855773534169e-05
целы,6.447855773534169e-05
настоящего,6.447177364487206e-05
заиграет,6.445654597976371e-05
креслах,6.443704194421619e-05
книжку,6.442937024423146e-05
равнодушие,6.4419703936102e-05
особы,6.441793028955693e-05
подмахнул,6.439583628071374e-05
revue,6.439583628071374e-05
учат,6.439583628071374e-05
ловит,6.438699117847906e-05
остановлюсь,6.438511366593062e-05
горячего,6.43602432227628e-05
вздыхать,6.435654113771762e-05
мнению,6.43442491468642e-05
полотно,6.432317807489865e-05
угощу,6.43108443289514e-05
накрываете,6.43108443289514e-05
досаде,6.43108443289514e-05
уродился,6.43108443289514e-05
сарказма,6.4300986625557e-05
голыми,6.429925195782597e-05
обратила,6.429626016209686e-05
работают,6.428851166213324e-05
подожду,6.427363044774503e-05
спокойствия,6.42684934461497e-05
нетерпения,6.426131474630852e-05
мучаюсь,6.423988314947845e-05
судишь,6.422345572246962e-05
поездка,6.421696425290808e-05
наседки,6.418759793128466e-05
пороху,6.418448625795639e-05
снисхождение,6.417264298558963e-05
опущенными,6.417213935864086e-05
купила,6.416327909521588e-05
дожидаться,6.413353347272352e-05
нанимал,6.413353347272352e-05
соображать,6.413050319784767e-05
бумажный,6.410784316944815e-05
благороден,6.409751307074983e-05
действительный,6.40974015255594e-05
натягивать,6.407911084038244e-05
велите,6.406992153221042e-05
ветреная,6.404092848119922e-05
ежели,6.40290719242068e-05
забыв,6.4025724835348e-05
компанию,6.401464073265275e-05
допроситься,6.401130348559033e-05
переменился,6.397907700300307e-05
сну,6.396784814535184e-05
ступеньке,6.394547806552243e-05
поздоровался,6.394547806552243e-05
поменьше,6.394547806552243e-05
отталкиваешь,6.394547806552243e-05
заплачут,6.394547806552243e-05
проклятый,6.394546143913824e-05
барскую,6.393115841284757e-05
трещали,6.391424180557858e-05
постепенного,6.389021260856416e-05
выходила,6.38833664233636e-05
поверял,6.386498479074226e-05
намерениях,6.385531193709019e-05
наплясался,6.384700425387835e-05
путал,6.384700425387835e-05
лучшие,6.384284087026008e-05
кисель,6.383565139640039e-05
лучшего,6.383030095432147e-05
особых,6.382756491537713e-05
пониманию,6.382639783344396e-05
ревности,6.382122186305883e-05
перемолвить,6.382016877728064e-05
раут,6.381188167694165e-05
встревожить,6.381127748606012e-05
сокровища,6.377901140160835e-05
суетилось,6.377626552975818e-05
замасленные,6.376858500085852e-05
оглянулись,6.374531180255337e-05
приобретала,6.374531180255337e-05
привыкнешь,6.374531180255337e-05
спирту,6.374531180255337e-05
учебные,6.374531180255337e-05
успеем,6.373902984430447e-05
покрыл,6.3723807251457e-05
исправно,6.372314978816553e-05
писк,6.370879915717363e-05
хаосе,6.369980050929949e-05
небрежностью,6.369692456058096e-05
образовались,6.369269917732048e-05
теле,6.368767479285564e-05
дамой,6.367564537452745e-05
доктора,6.367556101250195e-05
гроб,6.36597116188579e-05
семьсот,6.36566061902069e-05
брани,6.36454013885056e-05
полгорода,6.364018588076616e-05
отрадно,6.364018588076616e-05
покупать,6.361725737683207e-05
привязанности,6.361108418537576e-05
качал,6.360604331065046e-05
оглянулась,6.360313771449578e-05
бульон,6.360080731977558e-05
забудешь,6.358272531162447e-05
реальное,6.356994214004507e-05
знойный,6.35643266784808e-05
обращении,6.354794871311628e-05
лучшее,6.354051298959989e-05
едемте,6.353138935334804e-05
сдвинешься,6.353138935334804e-05
наполнены,6.353123401372356e-05
очнетесь,6.352739092588443e-05
английском,6.352040016315095e-05
неприятно,6.350197204147848e-05
пронес,6.349707855031983e-05
поступают,6.349476095648526e-05
умна,6.34917912815556e-05
стояло,6.348176814834926e-05
гордой,6.345030873094474e-05
ври,6.341865957429138e-05
пролей,6.341865957429138e-05
повторяйте,6.341822058851412e-05
праздности,6.340651400735934e-05
сомнение,6.340212237220705e-05
обругать,6.33953016997827e-05
неси,6.33868948478963e-05
погостить,6.338194481139459e-05
кашлянув,6.33674968859472e-05
ясным,6.332015331668958e-05
капусту,6.330928491753238e-05
светик,6.330170458138531e-05
ухитряется,6.330170458138531e-05
спаржа,6.330170458138531e-05
выздороветь,6.33005715701537e-05
карточек,6.3258648589371e-05
полям,6.32544093481276e-05
нечем,6.325010773108579e-05
ударов,6.324293422472998e-05
диваны,6.322832344742441e-05
небрежным,6.322788177480699e-05
возможным,6.321651979124999e-05
снятся,6.321418225688155e-05
таскаться,6.318419158681168e-05
нечистоту,6.318019855225378e-05
улыбкам,6.318019855225378e-05
посыпались,6.318019855225378e-05
присмирели,6.318019855225378e-05
привезет,6.313955993426873e-05
виден,6.31380525714871e-05
небу,6.310550007649984e-05
мудреной,6.309713960457772e-05
потупилась,6.305377634251067e-05
прошипел,6.305377634251067e-05
пристроил,6.305377634251067e-05
обидевшись,6.305377634251067e-05
следствия,6.305377634251067e-05
походимте,6.305377634251067e-05
завяжется,6.305377634251067e-05
умоляю,6.302544712888521e-05
полнее,6.302226862587223e-05
светлой,6.300400133352693e-05
лаяла,6.297618545250372e-05
сыру,6.295775973585843e-05
пожалел,6.295561594983787e-05
чьи,6.295405382108446e-05
трата,6.294436518598689e-05
небес,6.293079193798596e-05
простонало,6.292202687375599e-05
представлю,6.292202687375599e-05
собираетесь,6.292202687375599e-05
живите,6.292202687375599e-05
съешь,6.292202687375599e-05
желудок,6.292065992722807e-05
бока,6.291049640749128e-05
гадят,6.290997141693915e-05
власть,6.288881556103111e-05
отделаться,6.287781163748697e-05
фамилии,6.287024014885442e-05
спускать,6.285821583178962e-05
запинаясь,6.285480025443602e-05
открыв,6.285324850236132e-05
пьедестал,6.284392973390199e-05
судьбой,6.28269973414692e-05
снимает,6.27893614149439e-05
спряталась,6.278448506743616e-05
завалилось,6.278448506743616e-05
настало,6.278448506743616e-05
строгая,6.275175600005634e-05
длинными,6.275100521345827e-05
выдержал,6.273769621125781e-05
присланные,6.273521027965433e-05
доверчивостью,6.273276440573009e-05
серьезное,6.27315820282903e-05
скучать,6.27306968360444e-05
каретой,6.272410952338693e-05
отвести,6.27212181013235e-05
властен,6.267945521933278e-05
понесет,6.267569841503962e-05
суета,6.267136025879834e-05
сумерки,6.264498267880011e-05
договаривая,6.264062192239298e-05
подам,6.264062192239298e-05
отступил,6.264062192239298e-05
прибавлять,6.263996670504413e-05
немцем,6.263869996442555e-05
ошибаюсь,6.263785022194019e-05
ехала,6.263549860814563e-05
заботой,6.259686497503177e-05
распространять,6.257939439663896e-05
произвела,6.257339799742748e-05
морозе,6.25678634663392e-05
тружусь,6.251613105818326e-05
извозчик,6.24898321976686e-05
отвязаться,6.24898321976686e-05
втянет,6.24898321976686e-05
управитель,6.24898321976686e-05
вспрыгнул,6.24898321976686e-05
позже,6.246098716978385e-05
персики,6.245596473590345e-05
провожала,6.245153178868319e-05
бедные,6.24417103670773e-05
подальше,6.244118640508366e-05
жениха,6.243263240967587e-05
крестьяне,6.242884612511989e-05
важной,6.242268399784577e-05
доказывать,6.24005445081481e-05
подозрительно,6.235640050591693e-05
потеряла,6.23463554072406e-05
вицмундира,6.23367106232436e-05
спорили,6.233141897035792e-05
милосердые,6.233141897035792e-05
бросьте,6.233141897035792e-05
кокетничаю,6.233141897035792e-05
точностью,6.233106572578741e-05
записывают,6.232946646776081e-05
рождали,6.232388401134738e-05
пульса,6.231735431102349e-05
лакеев,6.231631590652966e-05
одессы,6.231576554423044e-05
испортилось,6.227142145726914e-05
услышав,6.226070306024448e-05
густые,6.22480156191544e-05
почесывая,6.221866506204594e-05
отражением,6.221439644966537e-05
бледнее,6.221139025729742e-05
недостатком,6.220754910282703e-05
красавец,6.22020114501165e-05
мило,6.220162350716105e-05
заговорит,6.218866050310298e-05
встанешь,6.217503010711093e-05
самолюбивы,6.216777648053288e-05
тронуть,6.216582564283584e-05
толк,6.216457406415402e-05
ограблен,6.216457406415402e-05
марте,6.215482956973875e-05
спросят,6.214793350328217e-05
заря,6.210799901908932e-05
завел,6.209664757994141e-05
предмете,6.208297330125173e-05
скатерть,6.207943405428435e-05
панталоны,6.207304723884586e-05
нечистоты,6.205060140327922e-05
морского,6.203654132826338e-05
развлечения,6.20096430439313e-05
пробыл,6.200790632126647e-05
ловя,6.200077505720193e-05
судьи,6.19962542064214e-05
удивляюсь,6.19883529456083e-05
lacets,6.19883529456083e-05
познакомил,6.19883529456083e-05
испекли,6.19883529456083e-05
налицо,6.198786266553151e-05
грозным,6.196059781498715e-05
развращение,6.195620850729817e-05
ушах,6.194478724195916e-05
бегают,6.193355359894345e-05
помыслов,6.193092818954166e-05
девочки,6.193008338711302e-05
явлением,6.192858235487664e-05
перебивай,6.192798852792607e-05
взрыв,6.190174331727991e-05
примет,6.19000184281371e-05
оперы,6.188059976407027e-05
тропинка,6.187054531016076e-05
покинули,6.185880776468076e-05
закапали,6.185560036993059e-05
намека,6.182259503953711e-05
поручений,6.18178106866417e-05
бобы,6.181482521485954e-05
указывала,6.180869655874061e-05
смирен,6.180164209451216e-05
жалка,6.180164209451216e-05
отнекивался,6.180164209451216e-05
пристала,6.180164209451216e-05
сердилась,6.176304066337791e-05
больного,6.175035524923939e-05
посвятить,6.174597768241128e-05
сало,6.173845507188431e-05
чисты,6.170460503587666e-05
подозревает,6.169559109302373e-05
впадала,6.16849543183266e-05
бает,6.166757571757739e-05
строгих,6.165945075673222e-05
домик,6.16564167524114e-05
няньки,6.163249022937707e-05
немедленно,6.162129856778077e-05
плотно,6.161602215868491e-05
договариваешь,6.160311596135663e-05
оглянись,6.160311596135663e-05
браслете,6.160311596135663e-05
несешь,6.160311596135663e-05
упирался,6.160311596135663e-05
успокоились,6.160311596135663e-05
резеду,6.160311596135663e-05
утекло,6.160311596135663e-05
наклонившись,6.159943652322865e-05
удобство,6.159873591608545e-05
отвечаю,6.159807701676374e-05
побои,6.158758944651583e-05
юла,6.158490840783063e-05
бросать,6.158339533739301e-05
тяжелый,6.15824664976654e-05
свиданиях,6.155435403084173e-05
проснулась,6.15479459868568e-05
написала,6.15173177393582e-05
захотелось,6.151151251251387e-05
чудовище,6.151076456008904e-05
подчиненных,6.14899798203952e-05
развитие,6.142325909955976e-05
облагодетельствовал,6.141910829939077e-05
провизии,6.140043385682732e-05
оплодотворяется,6.139117924159193e-05
неохота,6.139117924159193e-05
малый,6.139117924159193e-05
пытливо,6.139117924159193e-05
корзине,6.139117924159193e-05
поганую,6.139117924159193e-05
рассердилась,6.139117924159193e-05
портрет,6.138337745424305e-05
кратко,6.137635615640817e-05
напасть,6.137160189645796e-05
встречает,6.13671499588798e-05
обняв,6.136357057509825e-05
события,6.135617975014012e-05
поминутно,6.134882778706543e-05
кучером,6.132795252475595e-05
лиц,6.13000710767043e-05
жалко,6.127224078982098e-05
появлением,6.126859093222898e-05
плечом,6.126083384479895e-05
похожа,6.125228418058613e-05
прошлогодних,6.125196283235333e-05
неловкого,6.124122016646068e-05
спальню,6.12397769868389e-05
куры,6.123530094310067e-05
случался,6.123164192124069e-05
ночей,6.122456713996983e-05
побежит,6.120905465699452e-05
шипенье,6.120888259539258e-05
состариться,6.119549025044716e-05
дерева,6.119061734010985e-05
полпивную,6.118413022078667e-05
бездной,6.118102200877802e-05
продают,6.117644636861862e-05
ароматом,6.116792358554086e-05
предвидел,6.116682806974747e-05
девушкой,6.116670076605885e-05
тяготишься,6.116388799857776e-05
уморить,6.116388799857776e-05
совал,6.116388799857776e-05
политике,6.116388799857776e-05
бездне,6.114521841995447e-05
местность,6.114178335115065e-05
розовой,6.11406877570795e-05
ворочусь,6.11288964750816e-05
сферы,6.112485683535016e-05
грозила,6.11186076809392e-05
приснилось,6.111153857656318e-05
совершенного,6.109465503339041e-05
царствует,6.109275372838753e-05
резв,6.107161291839655e-05
вполуоборот,6.106358242214996e-05
жаркая,6.105954201507627e-05
раздаваться,6.104309094120771e-05
кастрюлю,6.103567067284888e-05
томным,6.103385831823189e-05
сидевшему,6.1022392970617025e-05
вздыхал,6.101686417215999e-05
замшевые,6.098345914595509e-05
невидимо,6.096569582203083e-05
справедлива,6.095684626578064e-05
сыро,6.09417175601403e-05
испуганного,6.0918839571066845e-05
подхватил,6.0918839571066845e-05
занялись,6.0918839571066845e-05
мурашиной,6.0918839571066845e-05
оправдаю,6.0918839571066845e-05
понравилось,6.0918839571066845e-05
томите,6.0918839571066845e-05
полюбил,6.0918839571066845e-05
шипит,6.0918839571066845e-05
бакенбарду,6.091789133599674e-05
тонкой,6.0894383833081696e-05
пятен,6.085750437057596e-05
озадаченный,6.08547118631829e-05
беспорядке,6.0841768028870444e-05
легкое,6.0840875738011e-05
мечтах,6.083996146153756e-05
штуку,6.083653143493758e-05
маслом,6.08160608778052e-05
собраться,6.081464534096584e-05
простые,6.079112219534588e-05
щек,6.077100471063146e-05
ворочает,6.0766850280786224e-05
жалость,6.075190083162417e-05
мерное,6.074105852497941e-05
морщась,6.073765716017433e-05
долга,6.072283189458439e-05
подашь,6.071074852127612e-05
молодых,6.070516380581029e-05
аккордом,6.069266730769454e-05
подобного,6.068262022012374e-05
устоять,6.065301511750771e-05
поссорились,6.065301511750771e-05
поднялось,6.065301511750771e-05
лихорадочным,6.065301511750771e-05
можедом,6.065301511750771e-05
удержала,6.065301511750771e-05
ль,6.065301511750771e-05
выкопал,6.065301511750771e-05
едешь,6.063259209970293e-05
сбыта,6.062494118980454e-05
войлок,6.0606977737262026e-05
распорядится,6.059765262780775e-05
колею,6.0595944633570874e-05
уверял,6.058834297453215e-05
замелькали,6.0581247212244966e-05
бодрый,6.057180947812384e-05
этакими,6.0570973198365026e-05
выдумок,6.054653541716354e-05
текут,6.053888967602124e-05
отвернется,6.052946712283445e-05
скучное,6.0503274217706864e-05
радуешься,6.04455231514605e-05
забывчивости,6.0445067578691586e-05
жадности,6.043880641463937e-05
спереди,6.043202047534819e-05
наливала,6.0431334359068344e-05
мигни,6.0425156606401904e-05
блеснули,6.04193191624229e-05
нравственной,6.0396809578449535e-05
будущие,6.037710457492374e-05
проявление,6.037406398202069e-05
теток,6.0367789012749545e-05
лезут,6.0366115751100814e-05
сергеевну,6.0362547954808835e-05
сажает,6.0362547954808835e-05
жалостью,6.0362547954808835e-05
разини,6.0362547954808835e-05
штука,6.0362547954808835e-05
разобидел,6.0362547954808835e-05
короткое,6.031826294586548e-05
оспу,6.031294345213159e-05
заставили,6.0298802720179014e-05
пью,6.0288906594314977e-05
нянек,6.0268867120134396e-05
неприятные,6.026789656446255e-05
комок,6.0259190854459176e-05
фразу,6.02591738354132e-05
смыслят,6.025488509646344e-05
румянцем,6.024981911867242e-05
родственницы,6.023683901620813e-05
утомит,6.023297295279174e-05
пораньше,6.0230991062785506e-05
затруднялась,6.0228240265051724e-05
нормы,6.0194568842643535e-05
девке,6.018432466430597e-05
спальне,6.016195346863643e-05
больна,6.012699758661531e-05
распечатывая,6.012279882578334e-05
барских,6.010239633535335e-05
бесчувственным,6.00961976799555e-05
кончу,6.0094965251133204e-05
проживет,6.009468653323627e-05
проживу,6.008903563852146e-05
божья,6.006879212835106e-05
ожидания,6.006522069695614e-05
различия,6.006160548814157e-05
употребить,6.005035058300332e-05
пищу,6.00448329225741e-05
мучителя,6.0044569110768856e-05
маскарад,6.004440051522881e-05
усмехнувшись,6.0042371189550565e-05
обрушились,6.0042371189550565e-05
похлопочу,6.0042371189550565e-05
проявлялись,6.0042371189550565e-05
казнил,6.0042371189550565e-05
смеркаться,6.0042371189550565e-05
сиротка,6.0042371189550565e-05
оробев,6.0042371189550565e-05
оробела,6.0042371189550565e-05
радищев,6.0042371189550565e-05
среда,6.0042371189550565e-05
оботрет,6.0036384519260554e-05
бледнеть,6.002612852962081e-05
заборами,6.0022773360706775e-05
шарить,6.0016573520009976e-05
призывая,5.999803195473248e-05
тоске,5.998591112547549e-05
великим,5.995609867972356e-05
судьбы,5.994835721718834e-05
коровы,5.994692511318219e-05
кротостью,5.990117729872383e-05
соврал,5.9900461004697116e-05
прошлый,5.9899966388298815e-05
рожа,5.989714940982692e-05
упавшим,5.9883649658779025e-05
выручил,5.988136551240941e-05
вырвался,5.9879982925905376e-05
форму,5.986801970426932e-05
ключом,5.984857112897644e-05
онисимовна,5.984699436291476e-05
объявив,5.984461273736683e-05
поперек,5.981541539609547e-05
вдоль,5.981541539609547e-05
следовал,5.980528713572074e-05
погрозив,5.9797476280310096e-05
наклонился,5.9794889648422304e-05
примем,5.9794479492139614e-05
дружбой,5.9775485110485686e-05
видна,5.976206783898704e-05
поверхностно,5.976197595849778e-05
глядишь,5.976019851512417e-05
умница,5.975934867740308e-05
верхлево,5.974853511660333e-05
овладевало,5.97428093115124e-05
темную,5.9742429823793404e-05
заботою,5.974150117681601e-05
изменившимся,5.972578105561356e-05
подгулял,5.9714287253638896e-05
повело,5.9714287253638896e-05
мировую,5.9696768485690894e-05
кланяясь,5.968566004476073e-05
болтай,5.968566004476073e-05
репутации,5.968566004476073e-05
судьбами,5.968566004476073e-05
переживешь,5.968566004476073e-05
отдашь,5.968566004476073e-05
понюхала,5.968566004476073e-05
сплетник,5.968566004476073e-05
воспитывалась,5.968566004476073e-05
дотянешь,5.968566004476073e-05
чудный,5.968566004476073e-05
получасу,5.968566004476073e-05
пытки,5.9671853146830734e-05
снегом,5.965463350191133e-05
надежд,5.962992922172925e-05
уверений,5.9625797482267024e-05
разлуке,5.962289344116741e-05
ложилась,5.961694038358825e-05
узкой,5.960195151975937e-05
седой,5.959688151195967e-05
лестницы,5.9587321212400656e-05
свиньи,5.958406063591129e-05
заревел,5.957358711181243e-05
предзнаменование,5.956754001872954e-05
расплата,5.956754001872954e-05
убирай,5.955481191679611e-05
ставил,5.952151768806297e-05
жертв,5.951854694017325e-05
складам,5.951051084711729e-05
расшевелить,5.950377635230203e-05
затвори,5.9501244947021926e-05
такта,5.949337922314239e-05
слугам,5.948445000755527e-05
зараз,5.9469266701191624e-05
пейте,5.9468244108048595e-05
ручонками,5.946770970389834e-05
поищи,5.946165281814844e-05
торопить,5.945482980784512e-05
смыслит,5.9448301580825346e-05
медлил,5.9446267882238276e-05
просты,5.943778775534962e-05
рояль,5.942917628389274e-05
тронулся,5.942201726838108e-05
важности,5.941861084933457e-05
свидетельство,5.941730470719739e-05
грустит,5.9415557558330925e-05
монета,5.9410597434218134e-05
подписью,5.94029545109385e-05
правой,5.93921587496988e-05
умоляющим,5.9377126030021953e-05
соху,5.933997720519364e-05
господам,5.93276185612203e-05
подумает,5.9320328725380664e-05
устоит,5.9312377655656914e-05
воротилось,5.930751557517208e-05
нагибалась,5.929854129516129e-05
сажени,5.929175217278508e-05
позовет,5.928958432993594e-05
важная,5.928805052408591e-05
продувных,5.92829056538285e-05
готовь,5.92829056538285e-05
недалечко,5.92829056538285e-05
перестаю,5.92829056538285e-05
куплен,5.92829056538285e-05
шутите,5.92829056538285e-05
едете,5.92829056538285e-05
унимали,5.92829056538285e-05
понюхай,5.92829056538285e-05
впрок,5.92829056538285e-05
срамила,5.92829056538285e-05
наружности,5.9252391505513855e-05
трепещущие,5.9249543158696996e-05
отвечай,5.92403110506234e-05
одолевает,5.923848868116158e-05
обломовцев,5.9237644380937046e-05
земчуг,5.923726330021755e-05
гувернантка,5.923563275841121e-05
поту,5.9234929610913626e-05
селе,5.922529997059689e-05
унять,5.92241707511666e-05
росла,5.9215281053104206e-05
понятие,5.920696183931552e-05
обожгло,5.9205189813572974e-05
присутствия,5.919628168210107e-05
бароном,5.917890226629351e-05
бедой,5.917356670364569e-05
искали,5.91543059312199e-05
дрожь,5.9147856533551505e-05
свернула,5.914637862758241e-05
ошибок,5.913171039722854e-05
стоили,5.9115149811703345e-05
печатью,5.910006231319212e-05
копейку,5.908710921151877e-05
оскорбление,5.9073004292005975e-05
попечение,5.904840855783215e-05
обрадовалась,5.9043683849928694e-05
длинный,5.898935949074245e-05
охлаждается,5.898471367085924e-05
приемной,5.897467648583798e-05
грозной,5.89526164456224e-05
разнообразия,5.893578896576581e-05
оставлять,5.893514376966531e-05
тихого,5.891690963955395e-05
осторожен,5.888060342959665e-05
представить,5.887522693832721e-05
руке,5.886558389757696e-05
стихия,5.886257977108271e-05
прощаться,5.885336904318296e-05
колпине,5.884176297555767e-05
утешится,5.882963804604558e-05
засохли,5.8825527172243576e-05
линии,5.882248272439974e-05
умолка,5.882028173410773e-05
следуя,5.882028173410773e-05
останутся,5.882028173410773e-05
отвязал,5.882028173410773e-05
говядина,5.882028173410773e-05
остроумно,5.882028173410773e-05
луны,5.882028173410773e-05
мучения,5.882028173410773e-05
громкое,5.882028173410773e-05
марш,5.882028173410773e-05
нынешнее,5.8818016184499716e-05
болота,5.8816622666938823e-05
жалкого,5.8788712198360244e-05
клубе,5.878748242815194e-05
приискивать,5.8785149122998435e-05
старуху,5.8784739667223024e-05
прошелся,5.877155365257979e-05
падшую,5.876182580325027e-05
вора,5.876182580325027e-05
терпел,5.8732373970851085e-05
подарю,5.873119365941257e-05
вакса,5.872236612624322e-05
задумает,5.871166495689432e-05
горам,5.870208264964275e-05
начались,5.870171538828723e-05
замолчит,5.8692671970612576e-05
откровенности,5.86844814957796e-05
вытаращив,5.867964104187464e-05
утомлен,5.866748547704741e-05
кровью,5.865777998536861e-05
отложить,5.865702359549224e-05
ниток,5.8654848285579914e-05
невозмутимая,5.865410312597241e-05
улетает,5.865191846775001e-05
торопит,5.86494279172802e-05
осмотрит,5.862694347175738e-05
ударить,5.859968017385517e-05
потребовать,5.8597346843369416e-05
счастливой,5.859599143502787e-05
готовые,5.859415497309688e-05
напоили,5.858923938525113e-05
падении,5.858437748411501e-05
будущую,5.858212889993617e-05
чин,5.8569627700400014e-05
огоньки,5.85524002291851e-05
цепенея,5.854760966684792e-05
твоих,5.8546105984237484e-05
ста,5.8534016121019246e-05
заглянет,5.8532242643338725e-05
ведет,5.852496794478957e-05
лысый,5.852397349972235e-05
облупит,5.847008859526475e-05
грудью,5.8457648330010296e-05
устремленный,5.8456634058488884e-05
предлог,5.845545493300963e-05
каменщик,5.84551918139459e-05
старинная,5.844677164279251e-05
столика,5.84316748619301e-05
прекратить,5.842997216627373e-05
диссонанс,5.842373539980883e-05
спрятался,5.841559924449958e-05
решался,5.841253259971621e-05
поглядит,5.84110733153613e-05
поведения,5.8377425039116e-05
теми,5.837613092531148e-05
живее,5.835671725717866e-05
обещала,5.833498207166116e-05
стремление,5.8320465242418935e-05
скомканное,5.8318809591229335e-05
откладывал,5.8317331576719366e-05
спеша,5.8315989580139424e-05
подлинно,5.830766327687047e-05
намекал,5.83005378396219e-05
лайтесь,5.829836394873897e-05
наследство,5.828508067483359e-05
гниешь,5.827653449843987e-05
редьку,5.827653449843987e-05
вымети,5.827653449843987e-05
особенное,5.827653449843987e-05
сбегай,5.827653449843987e-05
присядь,5.827653449843987e-05
похищаю,5.827653449843987e-05
подул,5.827653449843987e-05
зачахну,5.827653449843987e-05
предложите,5.827653449843987e-05
поверишь,5.827653449843987e-05
залились,5.827422990574432e-05
дыхания,5.827190772512716e-05
желанное,5.8257881956307575e-05
неконченный,5.8256128403053956e-05
откроется,5.825566734354886e-05
солома,5.824744608557762e-05
законы,5.822224451826246e-05
пробовала,5.819420437125182e-05
подходил,5.819414512707136e-05
оскорбить,5.819051539161393e-05
нот,5.817366952782446e-05
спокойствию,5.816268190058436e-05
лестно,5.815366108614328e-05
готовилась,5.811005914450438e-05
царствии,5.810616353790298e-05
элементы,5.810567492769737e-05
бойкий,5.810423275224511e-05
старыми,5.8099912063069804e-05
дядя,5.8088486552116e-05
скучаете,5.807019974554265e-05
пороге,5.80631802737869e-05
чащу,5.8061452897790985e-05
вырос,5.804471858806475e-05
учености,5.802815321012136e-05
отворила,5.802022153823276e-05
хозяйского,5.799423210704286e-05
загудели,5.797645123399475e-05
одолжение,5.796895712063248e-05
главным,5.795852842452178e-05
осторожными,5.793221926363217e-05
брак,5.792952387631943e-05
безоблачный,5.7924222423447956e-05
предметы,5.7898617529393e-05
важнее,5.788378320575994e-05
загремели,5.788012074433218e-05
осмотрел,5.7874543288880763e-05
обходится,5.787321393807472e-05
забыться,5.786863497782419e-05
оскорбленное,5.7856668001499286e-05
мужниной,5.7841117374176477e-05
наслаждаются,5.783767433216356e-05
вязать,5.782760527107658e-05
почивает,5.778370167329574e-05
капризов,5.7778198540861494e-05
опустила,5.775985766440322e-05
школьника,5.775457065614062e-05
собирается,5.775055183762426e-05
картина,5.773669683853663e-05
таинственному,5.773343371647036e-05
ломаешь,5.772576121555563e-05
бурь,5.7725345252468217e-05
покидать,5.7705114585309845e-05
опал,5.770034641365688e-05
холодная,5.769395338146713e-05
рыдала,5.767925674172449e-05
дрожала,5.7669804809210235e-05
ложились,5.765936614558621e-05
советовать,5.76454895670479e-05
составлял,5.7633573984470016e-05
доставал,5.762311817869551e-05
устремив,5.761798042519942e-05
выдумка,5.761642306029502e-05
позволяет,5.761642306029502e-05
учетверю,5.761642306029502e-05
тащила,5.761642306029502e-05
дуре,5.761642306029502e-05
камелиями,5.761642306029502e-05
молчите,5.761642306029502e-05
душегубцы,5.761642306029502e-05
срамил,5.761642306029502e-05
подлил,5.761642306029502e-05
будил,5.761642306029502e-05
ловкий,5.761642306029502e-05
забился,5.761642306029502e-05
мечусь,5.761642306029502e-05
пушки,5.761642306029502e-05
партия,5.761642306029502e-05
терпите,5.761642306029502e-05
несут,5.761642306029502e-05
гибельно,5.761642306029502e-05
выдумывать,5.761642306029502e-05
сибарит,5.761642306029502e-05
послышишь,5.761642306029502e-05
холодна,5.7610860372562534e-05
тесно,5.7598483471928046e-05
сказка,5.758042284844304e-05
истинам,5.757810646835878e-05
соль,5.756372750264987e-05
прихода,5.753703467871271e-05
сыры,5.7527311135350556e-05
волки,5.752100383444088e-05
погрузиться,5.751746801819072e-05
походила,5.75024770421435e-05
пожилой,5.748343240782586e-05
открывались,5.747979175255106e-05
тяжко,5.7477880475364254e-05
двором,5.7477723542484294e-05
лихорадочно,5.747618604900244e-05
волгу,5.747610255158256e-05
движении,5.744025041843823e-05
переходил,5.7438075231784894e-05
передал,5.7430618193324795e-05
мех,5.7430116607750234e-05
полез,5.739207278708967e-05
робкая,5.7379587732003034e-05
андреевич,5.737592304282408e-05
интересов,5.7350489089790604e-05
пофилософствовал,5.7345026426002825e-05
михайловны,5.734011122601956e-05
благодарил,5.733230497319458e-05
трехсот,5.732904142209286e-05
трубы,5.7317912588662516e-05
твоем,5.7314833553858004e-05
нести,5.731288515960832e-05
заговорят,5.7309777336707545e-05
гневается,5.729095853446125e-05
участвовала,5.728756898448344e-05
сияющими,5.728464268363933e-05
робостью,5.723645657024375e-05
заветного,5.7231678217445686e-05
заботливое,5.720389070448083e-05
сводить,5.720207843980868e-05
дотронется,5.719774706319922e-05
увяз,5.719759026900396e-05
остеречь,5.718190797692083e-05
вдохновению,5.7164441658560036e-05
великонек,5.7161202080229703e-05
вдовы,5.7155610392463154e-05
внести,5.7147684654216784e-05
бутылка,5.7143066756045365e-05
услыхала,5.713135549242663e-05
плавно,5.7124848939726775e-05
сказанные,5.7122111583917575e-05
умыслом,5.7116639930957244e-05
мучится,5.7113591636652396e-05
учителя,5.710177212657466e-05
благодарности,5.709705747595892e-05
отодвинулось,5.7076878016575136e-05
почтой,5.7070930055728674e-05
сорвалось,5.698330997137789e-05
самоваром,5.697880788517219e-05
уголовное,5.6977593802941036e-05
вдове,5.6970725514544924e-05
белую,5.696807061945066e-05
пристальнее,5.696633042325611e-05
восемнадцать,5.695750102821002e-05
жестки,5.695464730111606e-05
решительная,5.6951907732845735e-05
привыкли,5.694338439986281e-05
бед,5.6934069182721496e-05
мелкая,5.691976878989322e-05
выражения,5.6917266147582764e-05
кормилец,5.691665024092498e-05
взаимного,5.6914918864151526e-05
рассердитесь,5.690572139888284e-05
ветра,5.690505855844112e-05
перестали,5.690066528701763e-05
выбраться,5.690036651952045e-05
нынешнем,5.68942990416836e-05
подобные,5.689226272187254e-05
поправила,5.688510363360979e-05
обратились,5.687249229109043e-05
драгоценное,5.685840726929322e-05
важничал,5.685765890415753e-05
карета,5.6856496613555663e-05
догадаться,5.685541198827924e-05
подходит,5.68517977537171e-05
восклицания,5.6845426943083143e-05
прочих,5.683445797122589e-05
высоте,5.6832331085615745e-05
притянуть,5.6818671534045904e-05
вникнуть,5.681455464433657e-05
летние,5.679009616166255e-05
мошенников,5.677473810694293e-05
наказанье,5.677473810694293e-05
обманывал,5.677473810694293e-05
добиваются,5.677473810694293e-05
покатились,5.677473810694293e-05
расплатишься,5.677473810694293e-05
накорми,5.677473810694293e-05
переспросил,5.677473810694293e-05
пробормотал,5.677473810694293e-05
пригодится,5.677473810694293e-05
тревожишь,5.677473810694293e-05
переходят,5.677473810694293e-05
поддаться,5.677473810694293e-05
зажмуриваясь,5.677473810694293e-05
возобновились,5.677473810694293e-05
ввернет,5.677473810694293e-05
образина,5.677473810694293e-05
срамишься,5.677473810694293e-05
трофимыча,5.677473810694293e-05
находку,5.677473810694293e-05
браните,5.677473810694293e-05
брякнуть,5.677473810694293e-05
посмирнее,5.677473810694293e-05
столкнувшись,5.677473810694293e-05
приставай,5.677473810694293e-05
постреленок,5.677473810694293e-05
переворочаешь,5.677473810694293e-05
поступи,5.677473810694293e-05
подошли,5.677473810694293e-05
захочешь,5.677473810694293e-05
толкал,5.677473810694293e-05
хором,5.677473810694293e-05
теоретиком,5.676344679669259e-05
господом,5.676228917095331e-05
противника,5.67603580385392e-05
затруднялся,5.675921528600973e-05
сознаваться,5.675154463383786e-05
продолжают,5.674664054924521e-05
пустит,5.674368292110195e-05
огромные,5.67398454005994e-05
нехорошие,5.672952213421693e-05
ведению,5.669225753241031e-05
черных,5.669159228596643e-05
суммы,5.66820267461117e-05
ядовиты,5.6681826509350504e-05
архив,5.667201350649231e-05
провожал,5.667113662341135e-05
голь,5.665757607501539e-05
понятий,5.664931539321382e-05
девки,5.6647517940354134e-05
надуется,5.6618307210730005e-05
невыгодно,5.6610869268427674e-05
лается,5.6608388453398236e-05
моисеич,5.660590802819218e-05
истинно,5.660432826098595e-05
девал,5.6603056438136005e-05
устремила,5.66026381678622e-05
едут,5.659302281811556e-05
птиц,5.658538573249366e-05
впечатление,5.6584023224729674e-05
просунулась,5.657679615468371e-05
чистым,5.657672864769095e-05
мчатся,5.6559727637038186e-05
местоположение,5.6548470593040665e-05
смутные,5.654033555912262e-05
высказать,5.6534259407675575e-05
семья,5.6530263052874604e-05
выросли,5.652330807102832e-05
невесту,5.652071399271163e-05
опрометью,5.6517601333292725e-05
избы,5.651734454171086e-05
убивает,5.651578202904658e-05
вторая,5.6512018209068866e-05
вырастет,5.649835841286395e-05
тусклые,5.649448220920872e-05
нездорово,5.649361404918666e-05
похвалами,5.6490375793844315e-05
начинай,5.647450822811768e-05
боясь,5.64661365938433e-05
чистит,5.6466073505142495e-05
выборы,5.646276891844992e-05
примирительным,5.646172237297908e-05
величайшим,5.646172237297908e-05
дернул,5.646172237297908e-05
оцепенел,5.6441480894415805e-05
блестит,5.644090675240982e-05
русские,5.643993085628236e-05
ежедневной,5.6425545054528485e-05
утомленный,5.641981281428719e-05
разольется,5.6394751894582175e-05
свежая,5.638062838481148e-05
прочитать,5.6377219018546245e-05
нормальной,5.637611265126512e-05
фальшивые,5.6375877604397893e-05
позволяешь,5.6372942845901405e-05
тяжелые,5.635986474576659e-05
нагибаясь,5.634754951193012e-05
золотые,5.6334135397450684e-05
заплатах,5.632463979543976e-05
человеческий,5.632394959231966e-05
телята,5.6308615893147616e-05
людских,5.6303516347461335e-05
дремотой,5.629431187362658e-05
отвращение,5.628073481558077e-05
напившись,5.6242550118729204e-05
прощенья,5.624025866627364e-05
соберет,5.621967886772219e-05
предположения,5.620841383275896e-05
крыльями,5.620583130043366e-05
мыло,5.619562670436995e-05
располагать,5.618569108189392e-05
заказал,5.617559215806001e-05
кашляла,5.617461325238987e-05
наводит,5.616830154508334e-05
посиди,5.616609338719585e-05
зародыш,5.615712562018083e-05
мечтать,5.615282785749877e-05
достался,5.6144970123848695e-05
чистый,5.6143445668001494e-05
окружающее,5.61385141179239e-05
гнусно,5.612079288138174e-05
подтвердите,5.612079288138174e-05
последовало,5.60992681426515e-05
черными,5.60725718088373e-05
ярмарку,5.60716188457012e-05
румянец,5.607014663006516e-05
густо,5.606247820813087e-05
лицами,5.6057509728311835e-05
пристало,5.6047716665532556e-05
гомозится,5.6031776686362787e-05
спрятать,5.602107348726138e-05
строгому,5.6011740948082664e-05
нажить,5.6010826143213465e-05
поэзии,5.60082929052291e-05
сложа,5.599963732122886e-05
симпатией,5.599835083381813e-05
сиденье,5.5989654777611365e-05
лучом,5.598611685482077e-05
фразах,5.598571940999586e-05
клавиши,5.5977705282576654e-05
сильной,5.597479697297421e-05
малейшую,5.5965100515455555e-05
наград,5.5962560575717116e-05
разнообразных,5.592499629325436e-05
пропадай,5.591841624009944e-05
очнувшийся,5.590304710633359e-05
пятнышка,5.589658050993968e-05
краску,5.58884797360792e-05
звезды,5.5881255636475004e-05
отойти,5.584845999124835e-05
давался,5.584256206753411e-05
неподвижный,5.583107051121268e-05
отжила,5.582859253131272e-05
области,5.579332386409603e-05
переулок,5.578465244483584e-05
садовник,5.5768595823685615e-05
рекой,5.576798112558693e-05
вознаграждение,5.5767943341791126e-05
рыба,5.5767454821301365e-05
пролезая,5.576607583398723e-05
волны,5.5758886200261446e-05
находит,5.574028938828656e-05
остального,5.57386982489292e-05
достигнуть,5.573580936358548e-05
неясный,5.5735357443497416e-05
сдерживает,5.573250033790945e-05
опустил,5.572930402328529e-05
безответный,5.572778363690892e-05
потянулись,5.572631518406473e-05
грубостью,5.570800190355454e-05
робкой,5.570277145067083e-05
родни,5.570161100472362e-05
месяцем,5.568318042170657e-05
птицу,5.567199930280764e-05
сомневаешься,5.5671816754076565e-05
трудную,5.566191698126593e-05
нарушит,5.564289904244772e-05
визитом,5.5640102796514996e-05
необыкновенным,5.5633926976755556e-05
обойдет,5.561947116563673e-05
крестом,5.5607964791746966e-05
испуганным,5.560788103778778e-05
карманам,5.560764243366999e-05
ненадежно,5.560764243366999e-05
неуклюже,5.560764243366999e-05
лодочнику,5.560764243366999e-05
доставай,5.560764243366999e-05
волокита,5.560764243366999e-05
ду,5.560764243366999e-05
шарил,5.560764243366999e-05
накапало,5.560764243366999e-05
мечтательница,5.560764243366999e-05
акциями,5.560764243366999e-05
неискусно,5.560764243366999e-05
поправлю,5.560764243366999e-05
трудись,5.560764243366999e-05
взамен,5.560764243366999e-05
светская,5.560764243366999e-05
зачах,5.560764243366999e-05
очинил,5.560764243366999e-05
абонируюсь,5.560764243366999e-05
рты,5.560764243366999e-05
хрупко,5.560764243366999e-05
подписан,5.560764243366999e-05
взволнованы,5.560764243366999e-05
допечет,5.560764243366999e-05
ак,5.560764243366999e-05
нож,5.560764243366999e-05
michel,5.560764243366999e-05
лжешь,5.560764243366999e-05
картофель,5.560764243366999e-05
дама,5.560764243366999e-05
немножко,5.560764243366999e-05
раздробляется,5.560764243366999e-05
разинули,5.560764243366999e-05
актер,5.560764243366999e-05
дернула,5.560764243366999e-05
опера,5.560764243366999e-05
изгадили,5.560764243366999e-05
фантазерка,5.560764243366999e-05
польза,5.560764243366999e-05
приказывала,5.560764243366999e-05
фермы,5.560764243366999e-05
отечеству,5.560764243366999e-05
приливы,5.560764243366999e-05
вздумается,5.560764243366999e-05
нелегкая,5.560764243366999e-05
отдохните,5.560764243366999e-05
впопад,5.560764243366999e-05
рассыпается,5.560764243366999e-05
лампадки,5.560764243366999e-05
непреклонна,5.560764243366999e-05
prince,5.560764243366999e-05
замучили,5.560764243366999e-05
доказательств,5.560764243366999e-05
сокровище,5.560764243366999e-05
свидетелями,5.560764243366999e-05
ответе,5.560764243366999e-05
проснусь,5.560764243366999e-05
перышко,5.560764243366999e-05
демка,5.560764243366999e-05
селедку,5.560764243366999e-05
сыростью,5.560764243366999e-05
остановите,5.560764243366999e-05
аренды,5.560764243366999e-05
ляп,5.560764243366999e-05
кривой,5.560764243366999e-05
рехнулся,5.560764243366999e-05
тяп,5.560764243366999e-05
экое,5.560764243366999e-05
занесен,5.560764243366999e-05
запахло,5.560764243366999e-05
поддержите,5.560764243366999e-05
приношу,5.560764243366999e-05
доеду,5.560764243366999e-05
требуй,5.560764243366999e-05
соблазнитель,5.560764243366999e-05
настойчива,5.560764243366999e-05
литература,5.5607222589451765e-05
натерпелся,5.5603333519419306e-05
поводу,5.559895746460953e-05
задумаюсь,5.559690311969631e-05
крестьянин,5.5590545625392146e-05
затворилась,5.55698941376108e-05
согласился,5.556982412223089e-05
сможет,5.556946347027226e-05
заботами,5.555908685970676e-05
неве,5.555658605216788e-05
полупрезрением,5.5554828101361026e-05
наслаждение,5.555235520870874e-05
послужили,5.55521034288905e-05
вначале,5.554610264610661e-05
куклы,5.553541649022997e-05
посетителя,5.553507214824733e-05
поступок,5.553053512454627e-05
гвозди,5.553053512454627e-05
повторялось,5.553053512454627e-05
рассматривал,5.55230705521291e-05
дождей,5.552172202038569e-05
мелочей,5.552025439511918e-05
недоверчивость,5.551580749219474e-05
отворяется,5.551566081964519e-05
намеки,5.5508922946109314e-05
отравляешь,5.549868318549686e-05
тронуты,5.54946709765165e-05
стояла,5.546974554611476e-05
шаря,5.546939283086255e-05
отроду,5.545114727598756e-05
хаоса,5.544733624966191e-05
палки,5.540190007291311e-05
откроет,5.539548806385092e-05
теплой,5.539497593852941e-05
доброй,5.5377457891676116e-05
тироль,5.5377125841205846e-05
зубоскалить,5.53766127397654e-05
казенная,5.5365573853889154e-05
крахмалит,5.53622105717151e-05
замечания,5.536043458596629e-05
выводил,5.535723168536306e-05
вида,5.5345565652960296e-05
приписывал,5.5341694040321536e-05
несчетные,5.5296979967461156e-05
странный,5.529491763581422e-05
столике,5.526950929897161e-05
тронутый,5.525395630115791e-05
эка,5.5252790683126624e-05
предложит,5.525239164451814e-05
оставленный,5.52351353595751e-05
тонко,5.5229385004892234e-05
отзываться,5.520950114449698e-05
будничном,5.52015991568151e-05
шапку,5.519496337476045e-05
скромной,5.519013585354686e-05
натуре,5.5187941829356386e-05
смущенная,5.518695643209174e-05
погруженная,5.517963396377762e-05
захватил,5.5178552281458846e-05
магазинам,5.516944309297049e-05
бутылку,5.515811692969355e-05
оставит,5.515558577885493e-05
фамилия,5.5138993571158046e-05
обычай,5.513770027243373e-05
надеждами,5.513498705973611e-05
удачно,5.5108951993179554e-05
счастливым,5.510691201125445e-05
напасешься,5.510319450512663e-05
догадываясь,5.5103180070699384e-05
несется,5.509725568741914e-05
италию,5.507579271832885e-05
выразила,5.506039550674498e-05
познакомиться,5.50526801680261e-05
справок,5.504063887086614e-05
охотник,5.503636370360429e-05
выражала,5.503588902452822e-05
зимний,5.5022288850376265e-05
указанию,5.499543077663616e-05
поступит,5.4990798731110766e-05
ровна,5.498724609361179e-05
кончишь,5.496097084764339e-05
увлечься,5.4958824277323376e-05
подобрал,5.495608317506805e-05
одежонку,5.495560906567009e-05
нечаянным,5.494394434703343e-05
случаем,5.494394434703343e-05
оделся,5.494294011953217e-05
скуку,5.492801734455943e-05
отвлекайся,5.49248664836237e-05
кверху,5.492319178404345e-05
наблюдения,5.491673388599775e-05
исполнив,5.491417526144775e-05
архангельск,5.491417009193436e-05
находя,5.491152079207323e-05
искусство,5.490880575945314e-05
посылает,5.4890106496979324e-05
коленки,5.4884982672755374e-05
ступает,5.48381247917344e-05
бегал,5.483422249802669e-05
естественное,5.483160000077044e-05
готовясь,5.483044315514422e-05
кость,5.482512355110415e-05
усердно,5.481195727273744e-05
борта,5.4807905241896483e-05
простого,5.480340299205235e-05
порывов,5.47915996556329e-05
нынешнего,5.4790031126032106e-05
удовольствовался,5.478960345951759e-05
добрался,5.4781782892655845e-05
перевозиться,5.4775824985239936e-05
предательство,5.4775824985239936e-05
езды,5.4775824985239936e-05
оврага,5.4767176371923366e-05
ключ,5.4764043866140164e-05
коллежского,5.476090496289358e-05
перепугается,5.474435618514096e-05
задумываясь,5.4727704592906426e-05
навыворот,5.4725836598630455e-05
искрой,5.4709754589653526e-05
выучился,5.470379960257378e-05
производительности,5.469023100195539e-05
молока,5.4687768264227985e-05
каждая,5.468361724531212e-05
шуму,5.466450456013581e-05
ленивый,5.4663270638099315e-05
часок,5.463599805764627e-05
затевать,5.4634192107526277e-05
нюхает,5.463071816588912e-05
длинное,5.461474240438911e-05
варить,5.461115969043816e-05
пальцах,5.460834260551887e-05
мирное,5.460828340202155e-05
липы,5.4607407797160644e-05
последнего,5.4598454608461744e-05
силою,5.459095774462114e-05
беспамятная,5.458698051801592e-05
погасил,5.457951677496226e-05
прочитывал,5.457160920475269e-05
германии,5.45688119118689e-05
семейных,5.453920585262197e-05
кустами,5.453328757215865e-05
попреков,5.4531969864766904e-05
собираюсь,5.45317073030071e-05
заставит,5.45237659430282e-05
приняли,5.45111777944589e-05
отнимет,5.450437628666307e-05
осторожный,5.4487107541960785e-05
пятак,5.448696590837057e-05
уверенность,5.447650045507796e-05
воротись,5.447539415262405e-05
вразумите,5.447539415262405e-05
знакомая,5.447318587756791e-05
гордою,5.446985122151184e-05
спорил,5.446217535086647e-05
магазины,5.444948008924686e-05
увял,5.4436797614301665e-05
волнуется,5.443432774541821e-05
вносит,5.442630120654196e-05
кроется,5.442119159281976e-05
смотрю,5.440459138316884e-05
исправлять,5.440133509742542e-05
розы,5.4388727928986506e-05
объясниться,5.437547712293058e-05
отсыпной,5.4367149577466715e-05
оставались,5.4363546899631946e-05
троих,5.435986609546487e-05
доучился,5.435657724015355e-05
терпения,5.43480733930019e-05
будущей,5.43472916917652e-05
омуте,5.4337439284239936e-05
духе,5.433204636018368e-05
уступил,5.432843214193206e-05
четырнадцати,5.432749693000434e-05
отражение,5.431812401503691e-05
позавтракать,5.431040482434803e-05
пообедаю,5.429320110479687e-05
предлагает,5.4292700230811954e-05
пускался,5.4286569378492496e-05
вскакивая,5.4282186069807145e-05
отворяет,5.427284203467002e-05
грозная,5.4241604671787194e-05
сергеевной,5.422972653286525e-05
заборов,5.4226066431556076e-05
ужинайте,5.4203410936131365e-05
начальнике,5.4200671582843756e-05
погрузились,5.4194209029543474e-05
крест,5.418784047722627e-05
вашим,5.4179781208643894e-05
читая,5.417913194220828e-05
остаются,5.4170741492140276e-05
простых,5.415077149635955e-05
увязнув,5.4149807466783696e-05
газета,5.414094893094577e-05
приятель,5.413878176643825e-05
утонуть,5.413799546718423e-05
живых,5.413712039520222e-05
расцветала,5.4129404790152105e-05
головушка,5.40989416081335e-05
нахмуренной,5.4097589533357225e-05
советы,5.409205565953325e-05
любопытные,5.407921106930264e-05
ездили,5.405944455594271e-05
дельный,5.405133074716508e-05
записки,5.404912594490071e-05
гармонии,5.4036007257886006e-05
купаться,5.4031564616807326e-05
ленты,5.400349521063643e-05
выходите,5.397552122874495e-05
умные,5.397494320021615e-05
потряс,5.394448939325715e-05
робким,5.3930601265227474e-05
высвободил,5.39301836191971e-05
домашнем,5.392596036472057e-05
грезилось,5.392082789910621e-05
напиться,5.389621482343666e-05
затеи,5.3893973933166544e-05
гроз,5.387705605911945e-05
предлогами,5.3868010527275733e-05
осмелился,5.38633089681712e-05
генерала,5.3861003454958275e-05
жгло,5.385496581893532e-05
понявший,5.3841772974454424e-05
привычки,5.383795451690983e-05
очаровательное,5.382570357353183e-05
пожертвовать,5.38221676877732e-05
носился,5.381637654794974e-05
лишнего,5.3812673017110825e-05
непрерывное,5.38120519680949e-05
забытое,5.3808082989375365e-05
спасения,5.3806637392901656e-05
деликатности,5.379684188383863e-05
отогрелось,5.379115304331984e-05
развалилась,5.379052035177961e-05
изрек,5.37877758532093e-05
хитра,5.378582446580715e-05
возбудить,5.377806407029232e-05
негой,5.3771045296883016e-05
канареек,5.3768137741741174e-05
погода,5.376008525496289e-05
моими,5.37587568788121e-05
подешевле,5.375869702157088e-05
третью,5.375208417818129e-05
пристает,5.3741640620291155e-05
локтях,5.3738138335556104e-05
понравилась,5.3734795743469446e-05
вообразилось,5.3734795743469446e-05
пойму,5.373051299277135e-05
воображением,5.372639735566474e-05
животное,5.3725487103330576e-05
позор,5.3725487103330576e-05
пускаешь,5.3725487103330576e-05
поддамся,5.3725487103330576e-05
выплакала,5.37117557752146e-05
позднее,5.3711217815908445e-05
возьмут,5.3668991314958704e-05
наступила,5.365698924020043e-05
пустыми,5.3654333137716684e-05
пиво,5.365322504492208e-05
сводил,5.365218609763343e-05
казните,5.364838668624021e-05
огорчился,5.364835839450617e-05
побольше,5.364012958630182e-05
звездах,5.362482904846421e-05
готовы,5.3612543420354404e-05
честит,5.3610047703596515e-05
читаешь,5.36004333474103e-05
подарил,5.359031472330646e-05
почву,5.358879473284159e-05
быстрее,5.358272052865601e-05
коллежский,5.356782212814362e-05
вытянет,5.355691977662232e-05
отважно,5.3551157960620505e-05
ушибется,5.354728741453892e-05
нравственности,5.3519728301002175e-05
молотком,5.351016410224258e-05
подробный,5.3509887487398376e-05
способности,5.3507400829835734e-05
познакомлю,5.34965707913516e-05
желал,5.348499070878298e-05
расход,5.3479011111119045e-05
дню,5.347831552354636e-05
уговорить,5.347762737677202e-05
приходится,5.3476300402995855e-05
железные,5.347530010785183e-05
отлучиться,5.34683832337381e-05
хитростями,5.3463565511299504e-05
верный,5.343582627189226e-05
лезть,5.3435439914936746e-05
взапуски,5.34329252488314e-05
приятелями,5.342934126347095e-05
угадай,5.341793752647199e-05
безнравственным,5.341793752647199e-05
прикладывал,5.340466590694674e-05
предполагалось,5.3393994257627694e-05
завертываясь,5.3391697888449915e-05
наличных,5.3389241126610384e-05
темного,5.338144671211757e-05
красного,5.337330714637775e-05
исай,5.3362724450213464e-05
повалился,5.336126209062536e-05
настрочить,5.335744517811372e-05
положенный,5.335562165066068e-05
доверчивый,5.3355111461019884e-05
ниточке,5.3354743651692306e-05
клопы,5.3346432333204515e-05
долгой,5.3339341135811594e-05
возражения,5.3330422687302415e-05
врозь,5.33109484634155e-05
вздрагивая,5.330637175728889e-05
испытывает,5.3302689320144285e-05
скрывая,5.329146100002434e-05
отвернулся,5.327331343335236e-05
принужденным,5.327331343335236e-05
проснитесь,5.327331343335236e-05
стараюсь,5.3265412659252695e-05
лавочнику,5.325463889267459e-05
видится,5.324369811837695e-05
определился,5.323472275165995e-05
угрюмость,5.323133597611513e-05
предлогом,5.321688562962444e-05
посудой,5.3210484281197555e-05
колбасной,5.3210232139842004e-05
скрывает,5.3202976427450304e-05
неприятное,5.3187668062760166e-05
начинали,5.318109278784009e-05
поглубже,5.317274199240812e-05
прекрасное,5.3165501758547014e-05
доходило,5.3163404665680175e-05
посадить,5.316255831105384e-05
дерзость,5.3161724716843375e-05
круга,5.316127034793489e-05
дорог,5.316052555294386e-05
кокетничаете,5.3155392749084586e-05
жадный,5.3148076972421635e-05
невесты,5.314792777674396e-05
собственноручно,5.314392414893091e-05
переминаясь,5.313529522823376e-05
перестанет,5.312617339231133e-05
прилягу,5.3125383089248004e-05
простер,5.3117625606705105e-05
перевернуло,5.311615151897436e-05
внутренняя,5.3113766545521934e-05
мантилью,5.311354185381459e-05
собираешь,5.3111895564383794e-05
местности,5.309345708192359e-05
уберешь,5.308799277984211e-05
внезапному,5.307692722919741e-05
засыпала,5.3071743607207535e-05
добыл,5.306203153409707e-05
завалился,5.305915130140389e-05
разыгрывался,5.305391602587406e-05
грозный,5.3049210267976885e-05
запаса,5.304454387360026e-05
здоровый,5.30436271854267e-05
любимые,5.304356650063949e-05
поглядите,5.304132475959364e-05
твердит,5.303378273657147e-05
взысканиях,5.303378273657147e-05
шепчет,5.301793136787549e-05
нанес,5.300493994985673e-05
следующие,5.2997319719232007e-05
собачонку,5.299635592832677e-05
поужинаю,5.298297599125233e-05
зима,5.297406734047784e-05
вынесем,5.29695056423122e-05
ботвинья,5.296237214166675e-05
кивая,5.29477433688018e-05
товарищ,5.2944703300245224e-05
приданого,5.294204472267434e-05
бледная,5.293186248385351e-05
угасло,5.293077610261812e-05
умеют,5.292950188167453e-05
значения,5.29295014861792e-05
подругу,5.29289292155996e-05
такт,5.292533164342847e-05
умно,5.292378771150485e-05
погасания,5.291943161744961e-05
частию,5.2913879936872065e-05
пообедал,5.290253698873256e-05
забродит,5.290253698873256e-05
одобрением,5.290193100163788e-05
разъехались,5.2901857648307334e-05
избегал,5.289755550970543e-05
погасло,5.289663161922065e-05
поморщился,5.289040469259069e-05
оттолкнула,5.288797824330253e-05
заложив,5.28878063436752e-05
снились,5.288681282513213e-05
толкучего,5.287008746883203e-05
поднимаясь,5.287008746883203e-05
охотника,5.285890313944405e-05
накормить,5.285549078294745e-05
правило,5.284954257720651e-05
тоню,5.284771863416907e-05
кухней,5.283799700628351e-05
стыдлив,5.283780762433509e-05
стан,5.2837495027102625e-05
италии,5.28235075718829e-05
невпопад,5.281316894433864e-05
англию,5.2811904644738846e-05
великолепных,5.2795806493393165e-05
полагаю,5.2788577352296624e-05
няньке,5.2764682929146073e-05
ужасы,5.2763398197113916e-05
маше,5.276315507382194e-05
опухоль,5.276013268066683e-05
содрогнулся,5.2759964836575056e-05
понюхать,5.2758000454224784e-05
девичьей,5.274871774716691e-05
первую,5.274274643367959e-05
поется,5.272743300288685e-05
выносить,5.2722903630038886e-05
июль,5.271743417430903e-05
мягки,5.271380883312547e-05
рассуждает,5.270601887584825e-05
почетном,5.269914172193099e-05
сажен,5.269496949708728e-05
осенние,5.269115089707926e-05
сплетней,5.266610251142561e-05
просьбами,5.265846740157663e-05
сочувствия,5.265105596946083e-05
подышать,5.264899697924178e-05
высокомерием,5.264568745339216e-05
деть,5.262397721245776e-05
скверные,5.260601150645507e-05
играя,5.260354134173079e-05
грубое,5.2601748924799665e-05
решительнее,5.25981227057528e-05
паутины,5.259058132767859e-05
идеалом,5.258318237917513e-05
благородной,5.258109193449538e-05
казнила,5.257830988073769e-05
левой,5.255543791978799e-05
ворчишь,5.255217821235527e-05
улыбалось,5.253929596845182e-05
сипеньем,5.253695904868233e-05
полугоры,5.253695904868233e-05
заботливости,5.252646827605319e-05
мирный,5.2526321866389625e-05
крестить,5.250287488884702e-05
повторило,5.249771501854475e-05
приговаривала,5.246347664240818e-05
путали,5.2460734065099724e-05
суйся,5.245875549646529e-05
юношеские,5.245405534224061e-05
известий,5.2452904659550124e-05
рисует,5.2447676555821126e-05
живете,5.244089159633945e-05
резкой,5.2429631025837874e-05
совершается,5.2427066967137935e-05
десятков,5.242069242231386e-05
приглашения,5.241287896603858e-05
выпустила,5.239427879309946e-05
завалялось,5.23751883889855e-05
закону,5.2363207118616345e-05
вашем,5.235333370659353e-05
глубокомысленно,5.2348098814528074e-05
месяцу,5.234295441990951e-05
страшнее,5.234019542743752e-05
грибов,5.2335515470127695e-05
осматривая,5.2334498740744684e-05
лгал,5.233153366232557e-05
приняло,5.232496024726211e-05
рукою,5.232186005709901e-05
будущность,5.2320879568389694e-05
суешься,5.231646533316628e-05
плюнул,5.2315730629402495e-05
свободы,5.2311802577375504e-05
бумажник,5.2309130654392656e-05
посуды,5.2306324065651935e-05
ласкаются,5.230183921899208e-05
деловую,5.2299996142797286e-05
коснуться,5.228541794960462e-05
неподвижностью,5.225726588613527e-05
числа,5.225570197049697e-05
пылающим,5.225547010150575e-05
повторялся,5.223961147175061e-05
запиской,5.2229943724779005e-05
неблагосклонно,5.222934764847973e-05
глупую,5.222361930213527e-05
кучка,5.2222913163609936e-05
нескончаемый,5.222079066760904e-05
покрывала,5.221942097012081e-05
мутный,5.2216630409712486e-05
куплено,5.2194276536659086e-05
отправляясь,5.218941660961754e-05
глядясь,5.218448613119302e-05
подойти,5.218440894957977e-05
встревоженными,5.2183070197644984e-05
ленивее,5.2161640687736036e-05
вулканической,5.21608042680373e-05
течет,5.214831049749391e-05
нищих,5.213651596964303e-05
повидаться,5.2133762042697164e-05
закатился,5.213069034236111e-05
разбирала,5.212560746182279e-05
бить,5.212189274342622e-05
решала,5.2120577511052085e-05
повествовала,5.211915517183417e-05
молодые,5.211680063824264e-05
москву,5.2107492433745826e-05
недуг,5.210721270168591e-05
естественным,5.2105906063927327e-05
чаи,5.2105518325141654e-05
англичанин,5.2081408882825925e-05
напустило,5.207957866588136e-05
господня,5.2078440485374926e-05
василий,5.206948126280181e-05
заложена,5.2069373333780346e-05
потрафил,5.206234782488076e-05
блеском,5.2060492239310896e-05
голов,5.2049663751027254e-05
разговорах,5.203696431579226e-05
злость,5.20340156373854e-05
виделся,5.203370612090387e-05
внутреннего,5.202545923433123e-05
сосчитаешь,5.2024511663268546e-05
армячишка,5.2024511663268546e-05
изобретений,5.202322467767238e-05
правее,5.200900447167008e-05
обморока,5.200299144836693e-05
забываться,5.1991376088669854e-05
потехи,5.1976855681269796e-05
приказывает,5.197226556442376e-05
сближению,5.19709311520232e-05
скучный,5.1970037440303135e-05
касаясь,5.196987929220026e-05
теорий,5.196116920197577e-05
занималась,5.1950943530827994e-05
дыры,5.1949287680599164e-05
приведу,5.194521485082835e-05
бодростью,5.194248076838935e-05
искусственной,5.194248076838935e-05
потонет,5.19298726780891e-05
назади,5.192604625324971e-05
подаешь,5.192153700446379e-05
вздохнуть,5.1912926898339895e-05
подставить,5.1894784816301677e-05
загрызет,5.189000515755519e-05
юбке,5.188705716994787e-05
лгала,5.187982343207851e-05
нравы,5.1873730362112805e-05
могилы,5.184758288492254e-05
дорожный,5.184447052004332e-05
услыхав,5.1840925007748734e-05
безмятежно,5.182868522940137e-05
полжизни,5.1818856301219864e-05
ласковые,5.180922525983774e-05
гроза,5.1787942173795115e-05
приятели,5.178250641049486e-05
причесывал,5.1781677617168835e-05
торговле,5.178091065933828e-05
лавочкам,5.1780787940761685e-05
ленивого,5.178013940402358e-05
вошедшему,5.1779415850508054e-05
стремления,5.175908764567294e-05
строку,5.175793109988896e-05
хозяйстве,5.175521066577676e-05
установила,5.1748677083682456e-05
унес,5.174859487487503e-05
выразилась,5.174648769553287e-05
мешала,5.173146791121217e-05
отказывал,5.17245508686145e-05
мрачились,5.171551402475986e-05
состареюсь,5.1700569116317694e-05
география,5.168830843955038e-05
труду,5.167746867977565e-05
позволите,5.167704707780677e-05
мирной,5.1673927392544064e-05
подожди,5.167146135390015e-05
архитектором,5.1661926561769725e-05
неимением,5.165660808220259e-05
этакий,5.165531875909306e-05
поведет,5.1652095681419425e-05
сиял,5.164378233413621e-05
перенесешь,5.1634851778628364e-05
делалась,5.1629011582198325e-05
управляющего,5.162893536473541e-05
высоких,5.162671118725125e-05
зачеркнет,5.162610186343439e-05
заочно,5.1610931806956846e-05
хождения,5.1606220552762306e-05
никакая,5.160574460662394e-05
занавесками,5.1598583657772635e-05
привели,5.1591848373407896e-05
представляла,5.158864067259821e-05
владычица,5.156806688377945e-05
небесная,5.156806688377945e-05
заняться,5.156587219556395e-05
торговаться,5.1558989436308645e-05
канву,5.1557088165440444e-05
внятно,5.1546523269839674e-05
ямы,5.153899579036869e-05
неподвижными,5.153362373403247e-05
переезжали,5.153354704921316e-05
засядем,5.152946884760545e-05
доселе,5.152642857146254e-05
обрадуется,5.152530763940216e-05
отдаленных,5.1525086848817145e-05
книгами,5.1520494859523444e-05
оставляя,5.151412277700856e-05
поэзию,5.1506862122354196e-05
очутилась,5.148656892833814e-05
женихи,5.148017483959383e-05
департаментах,5.1477320110431714e-05
оборотням,5.147693196285429e-05
мертвецам,5.147693196285429e-05
существе,5.147548617977679e-05
природу,5.1469362376676455e-05
сильного,5.1465846156545136e-05
мешало,5.1465734995102794e-05
сияла,5.145262487787226e-05
небывалой,5.143944657212487e-05
премудрости,5.14327560589005e-05
разыгралась,5.142863992436387e-05
удалась,5.142863992436387e-05
красавица,5.1427064828770845e-05
садится,5.1426785450680345e-05
класса,5.1395636091797987e-05
казнит,5.139525344551463e-05
задом,5.1379673677508896e-05
добиваться,5.137739801334581e-05
кота,5.13639464800317e-05
извне,5.1361216642512765e-05
русских,5.1355023484121764e-05
покрыть,5.134651244891171e-05
трудовую,5.134102062783816e-05
головами,5.1331537181139984e-05
беспамятный,5.1326988940952054e-05
имела,5.132581205607621e-05
отекать,5.132367069270128e-05
пожмет,5.1320960117699025e-05
тревожном,5.131737232029474e-05
удивлении,5.131737232029474e-05
робком,5.130518376877139e-05
унынии,5.130518376877139e-05
бился,5.129673490230351e-05
клала,5.128614892559265e-05
поздравь,5.126456027856327e-05
синонимы,5.1263650823558884e-05
останетесь,5.123019090413251e-05
сговорились,5.120530074910391e-05
сильный,5.120139212489453e-05
боролась,5.1200821805336006e-05
милы,5.119419346741232e-05
напоминал,5.119419346741232e-05
бросится,5.119344878485028e-05
ела,5.1187495926539096e-05
показывало,5.117663408502805e-05
выберет,5.117509289508387e-05
резвятся,5.117311636617197e-05
грезы,5.117301940757179e-05
притаился,5.116549574013489e-05
начиная,5.115742038068904e-05
успокоиться,5.115496339708853e-05
замысел,5.115311515393145e-05
могильная,5.1151921680160204e-05
опоздал,5.1151921680160204e-05
корни,5.114644982567897e-05
танцует,5.1143660341567554e-05
муха,5.114108653030094e-05
селам,5.113470462855891e-05
времена,5.1134468420356325e-05
миновались,5.1134468420356325e-05
заразил,5.1133490470105285e-05
знаменитый,5.112596687835947e-05
рассуждаю,5.112029222301882e-05
ропщу,5.112029222301882e-05
зарычал,5.111999160024433e-05
влево,5.110218980932608e-05
вправо,5.110218980932608e-05
спросишь,5.1102143653872604e-05
мужиках,5.109493780005775e-05
сумеют,5.109192439636681e-05
дразнить,5.1079511578093774e-05
страстною,5.1078011814191106e-05
неловкость,5.1075803024490804e-05
придете,5.1069513902283475e-05
гривенник,5.106419166943062e-05
сквозила,5.105996989660502e-05
отвечаешь,5.105813814398958e-05
уследить,5.1057770659793064e-05
наклоняя,5.1055752495416366e-05
наставил,5.105548839721519e-05
сочувствовал,5.104738400356645e-05
турецким,5.1046854203747e-05
пашой,5.1046854203747e-05
вянут,5.102873289611289e-05
дворян,5.102754327770362e-05
ученой,5.101913632459585e-05
поэтические,5.101835296281257e-05
заутрене,5.101606920817808e-05
долетал,5.1006187032831665e-05
неистово,5.1006060780561335e-05
говорящ,5.1000601715226805e-05
понятен,5.1000601715226805e-05
вазах,5.099234077823961e-05
рыцарь,5.098722958220686e-05
неву,5.0986931245305664e-05
преступника,5.098479314514301e-05
восторг,5.098479314514301e-05
выслушать,5.098479314514301e-05
сдержав,5.098479314514301e-05
поплачет,5.098062392010445e-05
онемела,5.0974530443932577e-05
кругу,5.096584960978782e-05
лаской,5.0961586477138645e-05
балалайка,5.0959719165933305e-05
уменья,5.095836371707917e-05
теснее,5.095256066678993e-05
прижалась,5.095256066678993e-05
паутиной,5.0942899952888464e-05
лежанья,5.093608288669878e-05
полку,5.0933371032208147e-05
скотный,5.093146972686315e-05
единственное,5.0929269641239214e-05
поединку,5.092273362944817e-05
заведите,5.092273362944817e-05
просторный,5.090983354693464e-05
исполнитель,5.090713657003194e-05
лукавым,5.0888529166910036e-05
москвы,5.08762621949068e-05
гимназию,5.087350651278759e-05
продажей,5.087327956516084e-05
улицы,5.087258909881678e-05
неугомонный,5.087068602876356e-05
ушам,5.086909360911846e-05
мантильи,5.0868143062506735e-05
кисти,5.0868143062506735e-05
воспитанию,5.0853885778831064e-05
праздниках,5.084653144760878e-05
захотите,5.084478356618666e-05
наденет,5.084417240087523e-05
требую,5.0842551636374396e-05
откапывать,5.08420915555385e-05
повернул,5.082336319294671e-05
некормленая,5.081462704315755e-05
украли,5.081462704315755e-05
итальянский,5.081462704315755e-05
кляча,5.081462704315755e-05
записано,5.081462704315755e-05
певец,5.081462704315755e-05
клоня,5.0802729430579095e-05
любовники,5.0798661785875575e-05
двухнедельное,5.07948924533022e-05
сравнение,5.0793108860753257e-05
владеет,5.078726727253226e-05
мучит,5.0774826899722616e-05
спустившись,5.077482689972261e-05
повторения,5.077209284469181e-05
карандаши,5.076904936762434e-05
тратил,5.076844178983047e-05
осетрина,5.0764695204209606e-05
екатерингофе,5.075600212893811e-05
пожелтевшую,5.075452160629314e-05
мчится,5.074953586307221e-05
хлопотали,5.0737370414757195e-05
потолкуем,5.073673980409602e-05
некотором,5.0732205835851634e-05
отдалении,5.0732205835851634e-05
единственную,5.072434737928242e-05
чужд,5.072226147710777e-05
матерью,5.0719192890996524e-05
герасимович,5.071701750139224e-05
разболтал,5.0709740184153836e-05
деятелен,5.069765265843433e-05
даров,5.069760483774236e-05
ненавидит,5.069760483774236e-05
грубость,5.069704774449771e-05
детском,5.069522513174758e-05
запропастились,5.068584074062898e-05
скромен,5.068018294335296e-05
невелик,5.068018294335296e-05
румяными,5.0677989737080815e-05
идешь,5.065344735624948e-05
детям,5.065222344137098e-05
ботинки,5.065151747255749e-05
носы,5.064319507853173e-05
постучав,5.064047391706668e-05
недоступный,5.062432189980448e-05
высказывается,5.062019450925165e-05
перепишете,5.061595955586503e-05
любовные,5.059008033062917e-05
холостой,5.058406475172207e-05
мажордом,5.058230745407008e-05
чахнуть,5.057332109923065e-05
переездом,5.0569118535736e-05
озирается,5.0564026826626355e-05
разинутыми,5.055142798669852e-05
ртами,5.055142798669852e-05
сходите,5.0543592102913656e-05
взгляду,5.0540612872156325e-05
платили,5.0538313114897125e-05
позе,5.0536811937568034e-05
кланяются,5.0531700201855096e-05
продолжалась,5.0529901836930285e-05
суматоха,5.0529901836930285e-05
мажет,5.0527270857662246e-05
шагни,5.0521515766872814e-05
неприятном,5.05143328751001e-05
неуменья,5.0513638944878156e-05
роптать,5.0505437300883444e-05
родится,5.04890846229304e-05
чутки,5.048404925452324e-05
вопросам,5.0475986136926234e-05
убежал,5.046475735609244e-05
ландышей,5.045971484181808e-05
поднес,5.045971484181808e-05
неопределенное,5.0451002534575945e-05
назначения,5.044763717260892e-05
pardon,5.0443489304421956e-05
расположены,5.044157692590896e-05
рябчики,5.0440823451137326e-05
клочка,5.042889135910763e-05
носят,5.0418517121947284e-05
глубоком,5.040264754779963e-05
торжества,5.038888615708906e-05
молний,5.038478721346963e-05
речью,5.037900242261166e-05
тайн,5.037603504981145e-05
любопытно,5.03731141853292e-05
спрашивая,5.036963726329074e-05
зевнет,5.036385595585072e-05
глупее,5.03604563923193e-05
немудрено,5.03539274614488e-05
шляпке,5.035184630490645e-05
деревеньках,5.0347855089499314e-05
настоит,5.0338852442958416e-05
слепота,5.0338852442958416e-05
выдержу,5.0336460840195974e-05
разболелась,5.033158895567536e-05
сделалось,5.0319617315327705e-05
сосредоточится,5.031647062477599e-05
чиновница,5.031437279597662e-05
прыжка,5.031003088935857e-05
система,5.0309842277363004e-05
карточку,5.0306849238656485e-05
визитную,5.0306849238656485e-05
свежий,5.030175830742216e-05
весела,5.030119567808345e-05
детскую,5.02976451305608e-05
сухарей,5.028617822192444e-05
пышно,5.027571701705755e-05
шагах,5.0269401984858834e-05
надписью,5.0255526515796754e-05
беден,5.024512807439384e-05
собираться,5.0237350056067324e-05
мучений,5.023051162562761e-05
выглянет,5.02285784768728e-05
земле,5.022018766276393e-05
искрились,5.02118594918834e-05
стыдливом,5.0199798223128503e-05
избаловались,5.019321778712551e-05
строкам,5.019305613400844e-05
курточку,5.018941860962562e-05
клуб,5.017005878297973e-05
неотделанную,5.0164279451601104e-05
переезжает,5.0164279451601104e-05
привидение,5.01623525394782e-05
действуют,5.0160720023710184e-05
услышишь,5.01498503988394e-05
продажу,5.013335289873821e-05
нарисовать,5.012436710178669e-05
боя,5.0120552274546375e-05
связи,5.011147490054948e-05
споров,5.0094611005600124e-05
правами,5.007517746400091e-05
влагала,5.007383352353647e-05
сходит,5.005916394291474e-05
стащить,5.005916394291474e-05
шевелил,5.005916394291474e-05
выслушала,5.0052359069087304e-05
щадил,5.004513672183922e-05
получаем,5.004510734212668e-05
оправдать,5.0038253836862226e-05
радоваться,5.003804099429984e-05
печалиться,5.003804099429984e-05
плану,5.003656423005423e-05
звуком,5.0017569107784165e-05
невелика,5.001575506290071e-05
горячку,5.0015709493927064e-05
сделаем,5.001355746353729e-05
бессознательная,5.000205376932278e-05
экзекутор,4.9996210947105074e-05
приговора,4.9996205577710786e-05
глупою,4.9996205577710786e-05
крупным,4.9996205577710786e-05
кружевами,4.998264235572686e-05
шумом,4.997143464397312e-05
приятное,4.997056355000969e-05
обломовских,4.996738894557977e-05
ранее,4.9952184757952155e-05
котлеты,4.994340871776723e-05
наполнялись,4.99393580134083e-05
закажу,4.993045542413374e-05
поджав,4.9922161544501165e-05
исчезли,4.991406551258059e-05
велики,4.991128680391624e-05
спицы,4.9910727651588176e-05
друге,4.9905765993390046e-05
собственное,4.9904611265836554e-05
толкнув,4.990380475766066e-05
постоянным,4.9898637092439455e-05
оскорбляется,4.9898637092439455e-05
заговорило,4.9898637092439455e-05
ретивое,4.9898637092439455e-05
горением,4.9898637092439455e-05
оскорблена,4.9898637092439455e-05
выступал,4.989842765100348e-05
полетом,4.988823214010363e-05
английская,4.988420539296631e-05
кинув,4.9868905293086397e-05
кладбище,4.986314613374968e-05
составляю,4.9862100947825455e-05
шире,4.986122224580304e-05
устали,4.9851962987781396e-05
угадываете,4.9851520086988105e-05
плащ,4.9844778739020004e-05
клеенчатый,4.9844778739020004e-05
пошевелиться,4.984403375938881e-05
свечка,4.983957331100454e-05
надивиться,4.98259841202205e-05
участвует,4.981489741499559e-05
приподнимая,4.9814561720514633e-05
сватался,4.9813238801003595e-05
натоптали,4.981056782038442e-05
распустить,4.981056782038442e-05
наутро,4.9810204609994033e-05
мясо,4.9793300672669416e-05
деятельные,4.97909555645418e-05
дружелюбной,4.9783730466973456e-05
провожают,4.9783730466973456e-05
пуговкой,4.978335865611892e-05
успокоительно,4.977939306045175e-05
наблюдала,4.974632067302988e-05
обеде,4.9727531311816016e-05
мину,4.97237027788796e-05
выплачу,4.971980931352457e-05
ухитрись,4.971602124282757e-05
ложи,4.971602124282757e-05
похолодело,4.970979944416952e-05
неблагодарность,4.970876118861341e-05
прося,4.970553452020094e-05
застали,4.969780383115907e-05
обедаем,4.96795859339218e-05
высказалась,4.967663844838217e-05
припомнить,4.967344186188007e-05
старались,4.966918560165434e-05
хлопотливо,4.9666640072530136e-05
дядек,4.966294710063168e-05
бытия,4.966219006722459e-05
мучитесь,4.965820439916487e-05
помучить,4.965820439916487e-05
заграничных,4.9654335661747965e-05
покорный,4.964897558280337e-05
мечутся,4.9645296884465596e-05
далась,4.9644639186338415e-05
редки,4.959105649485307e-05
немало,4.958539701269789e-05
дряни,4.9579765690245726e-05
календарь,4.957751503844234e-05
сдвинусь,4.957713731086043e-05
беспокойство,4.9569894546707785e-05
минутного,4.956301180204228e-05
расходятся,4.955896121891434e-05
искренний,4.9556546193954036e-05
опомнившись,4.955567733578914e-05
занимал,4.955326516368706e-05
испытал,4.9551907269587454e-05
высказаться,4.954501514710623e-05
уничтоженный,4.954501514710623e-05
голубушка,4.954501514710623e-05
злословия,4.953251802991005e-05
собак,4.952194097223899e-05
слабого,4.951459730271183e-05
изменится,4.9512111130096895e-05
указала,4.95084317908051e-05
рассказывали,4.9505628987006774e-05
переносье,4.9504548635436234e-05
землям,4.9504548635436234e-05
дремлет,4.950133941179636e-05
переедет,4.948950216966639e-05
глубины,4.948730784540885e-05
процесс,4.94751902185495e-05
несчастные,4.946994660827141e-05
нежа,4.946005950886593e-05
расплываться,4.946005950886593e-05
нанята,4.946005950886593e-05
наплакались,4.946005950886593e-05
грозные,4.945185496332545e-05
трубу,4.9442638688734996e-05
порывались,4.94327000447899e-05
желчи,4.939048002565133e-05
князья,4.939037073617925e-05
надеется,4.9388155354105626e-05
посидишь,4.937805659990335e-05
искажать,4.937805659990335e-05
устремленные,4.9377632776787584e-05
дикое,4.9366413348591244e-05
грандиозное,4.9366413348591244e-05
упади,4.9366392512017485e-05
яму,4.9366392512017485e-05
собираясь,4.9359935279194674e-05
приберет,4.935918606795593e-05
длинным,4.9347173723186444e-05
покрывалом,4.9347173723186444e-05
будочника,4.934232925776935e-05
родила,4.9330727873892524e-05
потекла,4.93293586916942e-05
наступит,4.932193033282832e-05
выбить,4.931475176920989e-05
нахмурив,4.931465963952921e-05
спанье,4.930637410198677e-05
буквально,4.930427284619993e-05
претрудная,4.92916081928911e-05
ожидает,4.928074122267708e-05
особенный,4.927585369850335e-05
честно,4.926766808582263e-05
момента,4.926454178648001e-05
печку,4.926370871249733e-05
бросает,4.926203451652949e-05
пирожки,4.9255873112414774e-05
водворить,4.92538736735372e-05
ситху,4.9253666082623144e-05
сибирь,4.9253666082623144e-05
произволу,4.924534902502494e-05
вопросу,4.923199506859909e-05
мама,4.923133335905659e-05
загляну,4.9228885732385965e-05
зевает,4.920527078738909e-05
покоится,4.92042517756624e-05
наумыч,4.92000614423872e-05
оружие,4.919369975492808e-05
превращения,4.919369975492808e-05
вырвали,4.919369975492808e-05
взведет,4.919369975492808e-05
виновница,4.919369975492808e-05
обвинения,4.919369975492808e-05
собирать,4.9193369155959024e-05
влажные,4.918376964227613e-05
толковали,4.918088184793169e-05
злые,4.915615842197883e-05
грешен,4.91551193226445e-05
прибежала,4.9147867475135374e-05
дана,4.9140522801798896e-05
присмиреет,4.912295252780698e-05
взаперти,4.911645618561548e-05
госпожа,4.910743462786065e-05
несете,4.909117183432045e-05
чужда,4.908486148456014e-05
приносить,4.9079565940863355e-05
свободным,4.907857887005857e-05
иванычу,4.9073001091351784e-05
падет,4.9060370744362525e-05
дорожку,4.9043498341906753e-05
бороться,4.904060262067269e-05
вилой,4.903821336517559e-05
бабу,4.903821336517559e-05
радушный,4.9024768399551395e-05
слеп,4.9024321032635016e-05
обнаружил,4.901737618870984e-05
обращал,4.901568308599499e-05
отрицательный,4.9010311788131114e-05
списки,4.8996739709994615e-05
щадите,4.8996739709994615e-05
поправилась,4.8996739709994615e-05
проверить,4.8996739709994615e-05
ропота,4.898388746348224e-05
озабоченным,4.8983543013266075e-05
новенького,4.897458059638528e-05
повел,4.897458059638528e-05
требуют,4.897143471565821e-05
призраки,4.896253678487751e-05
око,4.8961701365283784e-05
перебирай,4.895896217199604e-05
умрете,4.895704824671704e-05
потягиваться,4.895395445110047e-05
покричит,4.892447706084676e-05
погорячится,4.892447706084676e-05
заставала,4.892379586547518e-05
растроган,4.89195440460465e-05
взглянули,4.891165151301016e-05
нелепости,4.891165151301016e-05
талии,4.890241242963183e-05
яровое,4.889153306427564e-05
наружную,4.889016539044695e-05
закладывала,4.887949166910047e-05
закрой,4.88781842832558e-05
безвыездно,4.8875756999156314e-05
писателями,4.8875352121626076e-05
печатал,4.8875352121626076e-05
грязно,4.8873417440739864e-05
веку,4.886992629582433e-05
отправишь,4.886633010881179e-05
капиталов,4.885765460077694e-05
хозяйскую,4.885702798754532e-05
научусь,4.884834262397553e-05
извлеку,4.884834262397553e-05
песчаные,4.884625490232297e-05
уступила,4.884588108618733e-05
пестиком,4.8845751743552516e-05
потерять,4.882940014025842e-05
черный,4.882774732986028e-05
дочитывал,4.8822316662031226e-05
рдеют,4.8811938375101964e-05
портным,4.880820174608761e-05
заплакал,4.880243386070368e-05
берегся,4.880007889558948e-05
щебечут,4.879511409189878e-05
разбросанных,4.879399151277833e-05
шляпе,4.879261436622712e-05
управляет,4.879171707543271e-05
прочтете,4.876791333291099e-05
поэму,4.876791333291099e-05
горькую,4.8729154913325664e-05
глуп,4.872904544158488e-05
любимая,4.872654602488766e-05
удивились,4.8724886320715615e-05
сосредоточенное,4.8723836867034595e-05
меду,4.871806037815373e-05
подбирая,4.871627325056764e-05
газетах,4.8713018716208575e-05
падения,4.8712422681601536e-05
душой,4.870521114540741e-05
продолжали,4.869930553925555e-05
сослуживцу,4.86915893456252e-05
подвигалось,4.868269328162139e-05
уходило,4.868269328162139e-05
журил,4.868269328162139e-05
дразнил,4.868269328162139e-05
предложением,4.8676709088934054e-05
бегаю,4.867523702421265e-05
бархатцами,4.867281294730935e-05
строиться,4.866972764242684e-05
балкон,4.865666698835407e-05
пропустит,4.865615807178943e-05
сонного,4.863231753996526e-05
держала,4.8626606698649244e-05
промычал,4.8623048781264474e-05
обратил,4.861792143798178e-05
неотсрочимый,4.861498166415001e-05
вбежала,4.8613536978639854e-05
философия,4.8608437381181836e-05
сцен,4.8594637411123025e-05
медлю,4.859209602624594e-05
боязни,4.859209602624594e-05
легкий,4.857989922930511e-05
сжатые,4.8577793457955785e-05
причем,4.857328000023781e-05
отсчитал,4.856826835730837e-05
тащиться,4.855981418633391e-05
топнув,4.855624214800651e-05
уладить,4.854896618017429e-05
необходимостью,4.852573190601583e-05
пазуху,4.852353714756084e-05
сунет,4.849542116868569e-05
сыщет,4.849542116868569e-05
пищат,4.848095659537141e-05
достает,4.8466801769143325e-05
тома,4.8459707085518424e-05
отворял,4.8457488457542616e-05
церкви,4.845662294298376e-05
слетело,4.845451226173632e-05
утомляло,4.845451226173632e-05
увидим,4.845435655506188e-05
оземь,4.845170004404136e-05
сердит,4.844762704134408e-05
совершенном,4.843437367469263e-05
боками,4.8429865049799784e-05
посижу,4.842893178119452e-05
беречь,4.8421285727130225e-05
правый,4.841951009683233e-05
сваливал,4.84078469326105e-05
наивности,4.8405027522192955e-05
сухая,4.8391628410173336e-05
беседовавшим,4.838775431637663e-05
бокалу,4.8381795911339754e-05
возили,4.838137327204665e-05
летнем,4.837741809476642e-05
сорвали,4.83572606130556e-05
преступница,4.83494339400603e-05
победить,4.8344205320576686e-05
хозяйственная,4.8341742978383e-05
досуги,4.8328160143200725e-05
прибежавшей,4.831938769342301e-05
капиталы,4.830652404446048e-05
удвоишь,4.830652404446048e-05
реке,4.830376689531499e-05
уютно,4.830212787955767e-05
отворяются,4.829951804520595e-05
лодочника,4.829554575630096e-05
чистоте,4.82937877210833e-05
глину,4.827719016218938e-05
мебели,4.82750559530452e-05
деловые,4.827351660671135e-05
отделывать,4.82705237826899e-05
синий,4.826645268983177e-05
камелий,4.823769034483702e-05
столпами,4.8198381729337954e-05
геркулесовыми,4.8198381729337954e-05
дрожало,4.817874496857923e-05
романы,4.8178289678230146e-05
рассуждение,4.8176816804160544e-05
взялось,4.8176816804160544e-05
наследству,4.817232043685318e-05
заискиванье,4.8162590486655426e-05
фыркнул,4.81594686618931e-05
утер,4.81594686618931e-05
фарфор,4.813394782815544e-05
тонкая,4.813253416565114e-05
перестает,4.8131582104353425e-05
обморок,4.8119190181219e-05
низенькие,4.8111942140545105e-05
семействе,4.8103660181955385e-05
разваливается,4.8088667064746435e-05
заборы,4.808519370681259e-05
звуках,4.8082476196170466e-05
веселой,4.806959772289675e-05
честного,4.8054480024808305e-05
мильон,4.8052711902014085e-05
рассказом,4.8052711902014085e-05
завтрему,4.8052711902014085e-05
откликнулась,4.8052711902014085e-05
умышленной,4.8052711902014085e-05
благословляю,4.80507331602918e-05
тревожит,4.804608253283041e-05
корнелия,4.804503803622888e-05
непота,4.804503803622888e-05
исполнение,4.8043594280132355e-05
выбираться,4.804192999399702e-05
принудить,4.803718395837491e-05
накрывай,4.803169751773992e-05
стыдливого,4.8028794315439075e-05
враждебны,4.802780945506805e-05
сдача,4.802780945506805e-05
унижается,4.802780945506805e-05
наружные,4.802780945506805e-05
красненькой,4.802780945506805e-05
кланяется,4.802780945506805e-05
утренних,4.8026576429849e-05
зевоту,4.802068418297712e-05
путешественников,4.801721112766694e-05
гордиться,4.8014432756672834e-05
погрузится,4.8008534645875225e-05
напустился,4.800675041379135e-05
представления,4.800206688070513e-05
спасенье,4.7999892073761295e-05
парохода,4.7996913669879554e-05
разговором,4.799491667912871e-05
накинула,4.799209802530646e-05
пальцев,4.7992023334283653e-05
умышленно,4.798998391368188e-05
заботясь,4.797923931434197e-05
поблеклые,4.797838632410957e-05
занимала,4.796838372902281e-05
бери,4.796657184144991e-05
русской,4.796609034019556e-05
дружбе,4.7962030323186784e-05
стеклянную,4.795964962567234e-05
замка,4.795167897249583e-05
красоты,4.793563219720642e-05
поэтов,4.7934263833684e-05
ухаживанье,4.7927846868553206e-05
тревожное,4.792381613994507e-05
знакомого,4.7911165397304735e-05
маленькую,4.790701428526484e-05
французском,4.7891444971169875e-05
щенок,4.7883204941954265e-05
слезинки,4.7883204941954265e-05
ломбард,4.788286940130622e-05
процентами,4.788286940130622e-05
сознании,4.7850807100700994e-05
иным,4.78395732620078e-05
луне,4.7838886331631724e-05
далекий,4.783869842514984e-05
сеть,4.783808151798792e-05
уставали,4.7837565152717494e-05
письмом,4.782524903330833e-05
разойтись,4.782513380482035e-05
наказывал,4.781902820476869e-05
меняешь,4.780712941430116e-05
восклицание,4.7805347800181695e-05
глупостям,4.7805347800181695e-05
любящим,4.7805347800181695e-05
приглядится,4.7805347800181695e-05
нелегкую,4.7805347800181695e-05
прием,4.7799375013354565e-05
известность,4.779734769592044e-05
жертвовать,4.779186772730046e-05
непрерывный,4.777977314769859e-05
проклятия,4.7768653282778094e-05
успокоится,4.776610397662921e-05
режет,4.776600634223002e-05
отсчитывать,4.7760689669739764e-05
собеседника,4.7754277447919474e-05
слушателей,4.774944247387196e-05
увлечений,4.7739455840255006e-05
передумала,4.7732356318008136e-05
встревоженный,4.772849776626023e-05
грянуло,4.772291072905409e-05
накажет,4.772291072905409e-05
обращение,4.772291072905409e-05
простит,4.772291072905409e-05
оделась,4.771604470424418e-05
свободна,4.77157233377493e-05
звучало,4.7696949430949006e-05
невозмутимый,4.769399771309525e-05
дружескую,4.769057757714214e-05
грезилась,4.768915002140153e-05
чехлами,4.767751002162973e-05
светлицу,4.767371656973144e-05
мелькал,4.7669003688985275e-05
петух,4.7663719603432236e-05
тревожила,4.7655948764866486e-05
чей,4.7654278091011375e-05
дьячок,4.765156173682548e-05
верхлевский,4.765156173682548e-05
дивились,4.764416204888314e-05
неприятным,4.764106303754341e-05
поглядывали,4.763684503940122e-05
прохладно,4.763309860030157e-05
запачканное,4.76213735076249e-05
прижала,4.7612491592754335e-05
разорвать,4.761035162476604e-05
сладких,4.757559895089678e-05
обыкновенной,4.757510502155955e-05
берешь,4.757144977301186e-05
владел,4.7566965729450495e-05
прижимаясь,4.756413160172586e-05
баранины,4.7547925846001384e-05
разбирал,4.754390573413238e-05
смутясь,4.752506841732559e-05
принеся,4.751873492013263e-05
присылки,4.751548670166499e-05
срока,4.7513461192557536e-05
угар,4.751206336068899e-05
позволял,4.751206336068899e-05
стуча,4.751111217541996e-05
недельку,4.750947706256543e-05
настлали,4.7496550379481574e-05
красиво,4.7495548622615706e-05
саксонии,4.7484615090391606e-05
полудня,4.748458510933028e-05
сцене,4.747878109374824e-05
глупая,4.747754557019111e-05
признать,4.7473595692864594e-05
чашка,4.747299194709928e-05
рождество,4.747153498439104e-05
отворачивалась,4.746585011173906e-05
нахмурился,4.7453050824758594e-05
запашке,4.744745627237932e-05
заключили,4.744081462205265e-05
хвастаться,4.743365741227894e-05
моста,4.7426700451062105e-05
возвращаться,4.741349693154631e-05
отвезите,4.741207393536164e-05
вечеров,4.739851166234478e-05
лексиконе,4.739726070043132e-05
кушают,4.739600227580617e-05
гложет,4.738709764048313e-05
разыграется,4.7386820531591826e-05
погоду,4.7385841906126074e-05
мал,4.737840087120054e-05
чудеса,4.737298342515868e-05
природой,4.737029580136052e-05
круги,4.736111912910262e-05
уверенные,4.735241391620265e-05
далекой,4.734443222629441e-05
физиономии,4.733889421707211e-05
заспанные,4.733889421707211e-05
повторяют,4.733889421707211e-05
товарищи,4.733889421707211e-05
говорим,4.733889421707211e-05
пристроили,4.733889421707211e-05
разнообразная,4.733889421707211e-05
коллекция,4.733889421707211e-05
gothique,4.733889421707211e-05
бывшие,4.733889421707211e-05
выпросить,4.733809158354146e-05
обмакнул,4.732520028488647e-05
крайностей,4.732281015363659e-05
русская,4.731073995425264e-05
успокоила,4.73102219529656e-05
петербурга,4.729096220627973e-05
болтает,4.729004596757198e-05
соблазнительным,4.728712357975523e-05
пускай,4.728482188838524e-05
предъявляет,4.72835849147338e-05
главная,4.727593036754551e-05
порах,4.727381907027185e-05
теорию,4.727346208608991e-05
зари,4.725116765047747e-05
невесте,4.725087706207053e-05
теплым,4.724449514496688e-05
счастливец,4.724201505422301e-05
мелю,4.724201505422301e-05
улетит,4.7229612033071065e-05
отрезвится,4.722809861557753e-05
участи,4.722761693568911e-05
обрушилась,4.722042012529039e-05
расцветания,4.721499453572415e-05
целовала,4.7213791548520926e-05
пестрые,4.718681840339672e-05
углубиться,4.7184743963314206e-05
неудачи,4.71813229171402e-05
хвост,4.717598428576396e-05
задетым,4.7164350042014645e-05
шкафу,4.715229641382499e-05
провозгласил,4.715229641382499e-05
насмешливое,4.715229641382499e-05
связываться,4.7148743648107337e-05
пятаков,4.71394598201351e-05
сближения,4.712844357297751e-05
светлую,4.710413532174809e-05
комиссию,4.710233709479904e-05
закрыли,4.710233709479904e-05
красоте,4.708734621725648e-05
хорошие,4.707703084250694e-05
высокого,4.707584275542583e-05
практических,4.7074654494724866e-05
средством,4.707391003004832e-05
внесли,4.707370483666667e-05
удержаться,4.7067732776887456e-05
отворив,4.7061187772123095e-05
окружавшее,4.7054609042416245e-05
повеселело,4.7052197964322685e-05
празднично,4.7052197964322685e-05
итоги,4.705088781401516e-05
идущего,4.703961388320507e-05
браслетом,4.703682739252654e-05
спятил,4.7009136720261784e-05
толковый,4.7009136720261784e-05
ведаю,4.7009136720261784e-05
ведать,4.7009136720261784e-05
опускаясь,4.700174060657245e-05
приготовленный,4.700174060657245e-05
божилась,4.700148788068461e-05
молнией,4.7001446059496597e-05
охраняет,4.70011118867714e-05
уныние,4.699638027643368e-05
народу,4.699532677381782e-05
единственным,4.698927703311122e-05
тарелке,4.6987707974938077e-05
чесался,4.698660390009568e-05
провалишься,4.698564758237262e-05
верны,4.698331181769836e-05
показав,4.6973618137051126e-05
отвыкла,4.6972678773649006e-05
положено,4.6970231889865734e-05
устроено,4.6968938575071946e-05
труднее,4.6957882057620735e-05
делись,4.695426020846913e-05
отравился,4.695065924529684e-05
богородица,4.6948121499891764e-05
пресвятая,4.6948121499891764e-05
рассчитывать,4.694238144773949e-05
ваточной,4.6929142929633424e-05
идите,4.6928680595820894e-05
готовом,4.692578070860135e-05
мечтательность,4.690612501593865e-05
познакомился,4.6906072465854004e-05
наук,4.690601153955671e-05
необходимы,4.6903083853361064e-05
описи,4.69004681577741e-05
подшивать,4.69004681577741e-05
умной,4.6896187268118547e-05
шепнула,4.689591084484742e-05
выгнал,4.689322678995839e-05
поднимать,4.688813858564689e-05
сатанинский,4.688255366322099e-05
издохнуть,4.687649885930309e-05
угадывает,4.687539609302909e-05
характером,4.6866712899836584e-05
концу,4.686579049863246e-05
святая,4.686551705383277e-05
обузу,4.686312128217537e-05
разговоре,4.6854704330634135e-05
похороны,4.6848252694229896e-05
молодым,4.683956044865899e-05
университет,4.683840214098401e-05
поцелуев,4.683640990532605e-05
мягкости,4.683356918716751e-05
рожью,4.68248206778705e-05
ослы,4.68217269261566e-05
финляндию,4.68217269261566e-05
иматру,4.68217269261566e-05
хорошенький,4.68217269261566e-05
этакие,4.68217269261566e-05
красненький,4.68217269261566e-05
чета,4.682147629881783e-05
противоречить,4.6795633652056507e-05
огню,4.679140861903384e-05
подвигался,4.679140861903384e-05
учила,4.678881208638166e-05
ужасной,4.676955787311487e-05
естественного,4.67693223945615e-05
протолкуешь,4.675337568665508e-05
остановив,4.6745823449054346e-05
испуга,4.6738329523678816e-05
строгости,4.6734970480548906e-05
перебрала,4.6730756474212605e-05
окне,4.6725866291524156e-05
полях,4.671701462499805e-05
скрытна,4.670747547982316e-05
покорна,4.670747547982316e-05
осторожна,4.670747547982316e-05
предупредительна,4.670747547982316e-05
поглядывает,4.670325063174131e-05
починю,4.670323473897978e-05
двинется,4.670252765301637e-05
извозчикам,4.6687609359140304e-05
имеете,4.6687609359140304e-05
некстати,4.6687609359140304e-05
недогляди,4.6687609359140304e-05
тягость,4.668164166552397e-05
отобедаю,4.667986017192731e-05
двигались,4.6672233228203646e-05
шевельнуться,4.664744897865585e-05
домашнего,4.664387769751313e-05
смущается,4.662964638339845e-05
встаешь,4.6625404386932545e-05
провалялся,4.6625404386932545e-05
брань,4.662302631825521e-05
краска,4.661305196986482e-05
переставала,4.661298031158364e-05
обилием,4.661099177920883e-05
коварство,4.660550434257206e-05
оспаривать,4.660263723257469e-05
ход,4.65965362743165e-05
пением,4.6589492774441095e-05
редкими,4.6585336648436804e-05
семьей,4.657452075795448e-05
бессонницы,4.656460294967789e-05
подвела,4.656051394893453e-05
выпутаться,4.6555226207824144e-05
зажмурив,4.655244460230309e-05
горячая,4.654791652854536e-05
светленькие,4.6547727633386595e-05
любя,4.654096773146819e-05
застать,4.653491593533069e-05
дорогам,4.6532648968398356e-05
мостом,4.6528751848079534e-05
раскаяния,4.652479605660172e-05
предложил,4.651333987126036e-05
предложение,4.650079951731773e-05
действие,4.650067250762796e-05
пахать,4.649796752860423e-05
изготовить,4.649772735989909e-05
отвел,4.649637638390525e-05
ниже,4.648914994475924e-05
задумавшись,4.648493371409413e-05
цепочка,4.6480840209299104e-05
неисправимый,4.6477302580977807e-05
попадешь,4.6477302580977807e-05
пятидесятью,4.6477302580977807e-05
брелок,4.6477302580977807e-05
ленивец,4.6477302580977807e-05
отыскав,4.6477302580977807e-05
портфеля,4.6466172537078705e-05
посторонних,4.646156891347873e-05
получаешь,4.645777029945567e-05
прогоны,4.645186927013456e-05
надобилось,4.6444624048220364e-05
встречи,4.643204629813473e-05
рваться,4.642881540893491e-05
убранство,4.642777819275806e-05
подчиненные,4.6427322963798684e-05
ровесник,4.642657980825659e-05
следя,4.6423115109980974e-05
раздражение,4.642265611132891e-05
помирает,4.6396133431774006e-05
кренделей,4.637843380992604e-05
кусте,4.637349512701265e-05
дереве,4.637349512701265e-05
сомневайтесь,4.6373096158049084e-05
скушали,4.636233831383307e-05
скользят,4.6356418799043955e-05
тешат,4.635078563115183e-05
верность,4.635078563115183e-05
разорвалось,4.634071001409037e-05
волнующейся,4.63388779016472e-05
тыква,4.6318231981216124e-05
тянется,4.631043894010566e-05
спится,4.630485792908184e-05
политической,4.630208787204321e-05
экономией,4.630208787204321e-05
сладкие,4.630139931496585e-05
естественный,4.629997153970291e-05
несообразный,4.629475789543383e-05
петухи,4.629063614374879e-05
обритым,4.628931587305161e-05
огромного,4.6283703882202575e-05
гоните,4.627407604267312e-05
устремил,4.627034157790124e-05
безмолвные,4.6269241474332e-05
объясняться,4.626465510730228e-05
должным,4.625374498028841e-05
поздней,4.6243025964998215e-05
проходя,4.624229321144698e-05
безоблачность,4.623034945896372e-05
хватало,4.6224957769625806e-05
загорались,4.622492104409191e-05
меняет,4.621466500458477e-05
выбрала,4.620686295040187e-05
изменять,4.6187201590622725e-05
десятый,4.617981683644555e-05
въехал,4.617452255972891e-05
уступали,4.616934974069151e-05
встряхнуть,4.6164887418620854e-05
брюхо,4.6150751237150785e-05
нарисованного,4.612572239600724e-05
заплесневела,4.611775573050429e-05
смеялась,4.609908915669469e-05
советуют,4.609138005189681e-05
отлучке,4.608495612792553e-05
идеальная,4.607701006606942e-05
ошиблись,4.607122188903423e-05
избытка,4.6067123441333426e-05
советовал,4.606319981092812e-05
генералом,4.606031316388221e-05
сказывала,4.6055890795947164e-05
мертвая,4.604577483807973e-05
поклонится,4.604353916655756e-05
раннего,4.604197647993737e-05
проворчал,4.603616119722613e-05
богатые,4.603210098735983e-05
подтянуть,4.603210098735983e-05
разбойничий,4.603210098735983e-05
разорены,4.603210098735983e-05
притон,4.603210098735983e-05
подпруга,4.603210098735983e-05
сумрак,4.602523527802204e-05
рабом,4.602336884792442e-05
появление,4.601482277491519e-05
лишить,4.601075558396273e-05
няней,4.6009583133854605e-05
непривычки,4.600704679650791e-05
втрое,4.600386940176803e-05
головка,4.6001321176868625e-05
пропадало,4.59745413186112e-05
лугу,4.596909052561971e-05
обопрется,4.596786898936431e-05
расстались,4.596588219265471e-05
расхода,4.5963553848888234e-05
отобедать,4.596312258343436e-05
грехом,4.595458563637866e-05
решенном,4.5950455774735206e-05
соберутся,4.5948164546883126e-05
миновалось,4.5941979056103564e-05
блаженство,4.5941979056103564e-05
сползая,4.5936917722269796e-05
свежими,4.593485163917266e-05
повторяла,4.593449465518864e-05
прохожих,4.5932381938262016e-05
вытаскивая,4.5932091062730016e-05
доедаем,4.5929010110703494e-05
гибнет,4.5928914253946974e-05
покраснеете,4.592746227791986e-05
сени,4.592722318709743e-05
тремястами,4.591640539364507e-05
материю,4.590956975731626e-05
приподнимаясь,4.590633901777776e-05
кидать,4.590191808227725e-05
полуслове,4.589941830703758e-05
оглядкой,4.589879397287371e-05
беспокойных,4.589632703345635e-05
жалованья,4.5892285463710626e-05
поцелует,4.589168653800173e-05
сукна,4.588591671994616e-05
пропадать,4.587929235787536e-05
колодезь,4.586677067755925e-05
стоил,4.586677067755925e-05
появлялся,4.586627667599604e-05
мазурика,4.586490733595763e-05
хмурясь,4.586479419050042e-05
требовании,4.586479419050042e-05
выборам,4.5856163791115676e-05
падших,4.5845874861671055e-05
намеке,4.58272260957193e-05
исполнить,4.582676546598912e-05
живым,4.582550215697292e-05
складывая,4.582462475329124e-05
задевши,4.5823735949785595e-05
нанимаете,4.58221360492058e-05
полезно,4.582064527887005e-05
беду,4.580742697247299e-05
славу,4.5800670180643465e-05
блеснуло,4.579942402414408e-05
оттолкнул,4.579942402414408e-05
разрушительными,4.579329574480513e-05
лафитом,4.5786347975331463e-05
жилец,4.578035351627704e-05
втянул,4.5775758363709274e-05
разнесется,4.5771490372490226e-05
лампу,4.576964236839602e-05
доставало,4.576934818578612e-05
гамлетовского,4.5767796541006145e-05
утаскивая,4.5744519178351434e-05
недоверчивостью,4.574346404496892e-05
засияли,4.573892268915567e-05
входить,4.5733233577284925e-05
темной,4.573307435636923e-05
неотвязчивый,4.572487229129951e-05
гаже,4.5719874054056285e-05
дальнейшие,4.571890229071427e-05
круглых,4.571658647202587e-05
переговорить,4.571602553487227e-05
ежегодно,4.570061123847381e-05
лапшу,4.569916709397153e-05
бесчувственна,4.5687209315414636e-05
трактир,4.5684494844183105e-05
сомнениями,4.567996196227414e-05
повода,4.5663799806189946e-05
вилами,4.565362384568756e-05
велишь,4.565136515610825e-05
постоянную,4.564997883781305e-05
разрешиться,4.562547364868858e-05
взрослых,4.5622458617638574e-05
мазурке,4.562052443119827e-05
переваливаясь,4.5604324657797566e-05
орлица,4.5598006914505704e-05
вскрыть,4.55760716816995e-05
замечанием,4.556838922724889e-05
смущенья,4.556397899365411e-05
запущено,4.55491021742554e-05
верного,4.554898811246507e-05
шепота,4.554372443441298e-05
убирал,4.554262135903642e-05
пролетария,4.5541351183510545e-05
кислое,4.5537721657820424e-05
взаймы,4.5528369295659653e-05
листом,4.552452621591794e-05
горькие,4.552356484450144e-05
подушка,4.552153147356093e-05
балете,4.551968185458914e-05
ананасы,4.55065213237137e-05
жажда,4.5503941006614306e-05
испуская,4.5502061939393304e-05
небрежный,4.549354114888904e-05
взойти,4.549146762190583e-05
пространства,4.548559720074525e-05
глупо,4.54855377475675e-05
апелляции,4.5475941895463365e-05
которому,4.547506904566168e-05
умоюсь,4.547251624642266e-05
излияния,4.546339477374976e-05
учебное,4.546272313014822e-05
выгодно,4.5461665036655123e-05
честности,4.5456131613345635e-05
плакало,4.5452022080893535e-05
разгладился,4.544881482890709e-05
повеселели,4.544881482890709e-05
запускать,4.544434351136702e-05
предлога,4.544308164997042e-05
решится,4.544308164997042e-05
сосредоточенным,4.5441834486689386e-05
застучали,4.544023134035795e-05
начинались,4.5438669350409945e-05
пригласила,4.5433219881185115e-05
будит,4.543001215444288e-05
комедии,4.541620558690394e-05
бегаешь,4.541210586886605e-05
раздвигая,4.540951783348948e-05
сердится,4.5403449920543075e-05
предостерегаю,4.5403449920543075e-05
опиваете,4.5403449920543075e-05
грабят,4.5403449920543075e-05
заблуждении,4.5403449920543075e-05
притворяется,4.5403449920543075e-05
огороды,4.5403449920543075e-05
высохла,4.5403449920543075e-05
мерзавец,4.5403449920543075e-05
оглянитесь,4.5403449920543075e-05
убивают,4.5403449920543075e-05
амбары,4.5403449920543075e-05
задушила,4.5403449920543075e-05
лукавит,4.5403449920543075e-05
мокрота,4.5403449920543075e-05
роса,4.5403449920543075e-05
ландышах,4.5403449920543075e-05
лаетесь,4.5403449920543075e-05
объедаете,4.5403449920543075e-05
насмешил,4.5403449920543075e-05
конюшни,4.5403449920543075e-05
пожирая,4.5385961918095334e-05
груб,4.537894964815921e-05
осторожностью,4.537635485828616e-05
откладывать,4.5366443511789996e-05
пальцам,4.5361552490093234e-05
выкладку,4.5361552490093234e-05
необдуманное,4.536144890895726e-05
допустил,4.536144890895726e-05
смешала,4.5351767965027054e-05
претензию,4.534933025059468e-05
близкой,4.534931134070683e-05
подтверждало,4.5333072128011586e-05
король,4.533075758585234e-05
логики,4.532976478966121e-05
дадим,4.532968541027539e-05
настаивает,4.532567652095519e-05
легло,4.5320367715916906e-05
вспоминала,4.53123520128218e-05
пульс,4.531091777340409e-05
кудахтанье,4.52975548194396e-05
спущу,4.52931433870261e-05
бороды,4.529097405686748e-05
всходила,4.5289996945724e-05
молчаливее,4.528860770698572e-05
читалась,4.5276357088530354e-05
красотой,4.527118967518506e-05
прохода,4.5261693868503554e-05
чистые,4.5256113637526264e-05
угадывал,4.5246876725793526e-05
тупом,4.523604105550896e-05
опытный,4.52322252347533e-05
помешала,4.522242272319863e-05
швейцар,4.5220655056055755e-05
переедем,4.52150562862911e-05
потеплее,4.52150562862911e-05
спрашивайте,4.521401384655982e-05
представляли,4.521153396416099e-05
многим,4.5203484233705977e-05
заблагорассудит,4.520014381468194e-05
устремленным,4.5196782731997286e-05
могилой,4.519279211149021e-05
состоит,4.518733782862183e-05
захлопнула,4.51845521573172e-05
карабкался,4.5181511748104125e-05
сбрасывая,4.517671307413167e-05
помогать,4.517261394883255e-05
потупив,4.5171448010768076e-05
сока,4.5166057387718934e-05
окаянные,4.516051542688046e-05
смешной,4.5151720227219554e-05
апоплексический,4.5145293028649735e-05
настроению,4.5143806738460985e-05
купец,4.513913478429561e-05
солгать,4.5137636959134815e-05
повисла,4.513205987570329e-05
затворяя,4.512978247705302e-05
поездки,4.5126383383947386e-05
перевозки,4.512215334313876e-05
рамке,4.5116278162839875e-05
женщинам,4.511459812134464e-05
раздуть,4.511225122417451e-05
всенощной,4.509067681325862e-05
бессмысленно,4.5085096336036194e-05
кареты,4.508162807755795e-05
отправили,4.50804367552435e-05
писан,4.5079904307338125e-05
дураков,4.5079904307338125e-05
ударение,4.5073213415846986e-05
горячится,4.5071577286378805e-05
стоны,4.5058117865006866e-05
ближайшем,4.5057277264410066e-05
страстные,4.5045923659608515e-05
искусству,4.502849285942959e-05
речей,4.501536570562527e-05
конюшню,4.501284169704859e-05
считали,4.5006981859821735e-05
наполнится,4.500171474943936e-05
фермуар,4.500078979393393e-05
незнание,4.499976190755611e-05
врага,4.498890847501527e-05
распоряжаетесь,4.498318824896432e-05
замечен,4.498283076797934e-05
дорогих,4.4977567115458815e-05
мелькнувший,4.4976763436191446e-05
нахмуренными,4.4971767992496746e-05
отцов,4.4967921166064446e-05
кроткая,4.496086960152571e-05
зевоты,4.495889606563649e-05
чтения,4.495442875143729e-05
писанья,4.495442875143729e-05
кипеть,4.4925310405104284e-05
недовольный,4.492476969025333e-05
кончив,4.4918782964810404e-05
прибежит,4.491745613009746e-05
оправдывались,4.4911248199168884e-05
фраке,4.490568666283188e-05
спустя,4.489732234550324e-05
тревожусь,4.4874315793476856e-05
отогрел,4.4864932442647565e-05
прилипнет,4.486469165410673e-05
гортани,4.486469165410673e-05
присяду,4.485910099278829e-05
чемоданов,4.485862529921909e-05
немилосердно,4.48572731619069e-05
догадок,4.485707037035929e-05
романс,4.485510887940422e-05
подействовала,4.4845676475953984e-05
отрава,4.4845676475953984e-05
подобное,4.483631242493943e-05
опасение,4.483055601855617e-05
совестливо,4.482753088393156e-05
начинающая,4.481962122655755e-05
опасения,4.481287266727992e-05
говорящий,4.4803547475678064e-05
поменялись,4.480263411663279e-05
стукнув,4.480151717671426e-05
пропадала,4.480046478727257e-05
вздрогнет,4.4797499528320345e-05
разводя,4.4796669522143383e-05
священнику,4.4795155124908043e-05
нитяный,4.479374328014479e-05
тащил,4.4784116650932014e-05
немота,4.478408291240986e-05
помещица,4.478247995202474e-05
отчаянном,4.477928580022283e-05
лае,4.477928580022283e-05
приподнялись,4.4776266384943366e-05
понятливый,4.477567042270099e-05
рвание,4.476274925176647e-05
сулят,4.475719632537568e-05
вышивая,4.4751725535561825e-05
залы,4.47504257892517e-05
хорошем,4.475001076710834e-05
поживее,4.4748832322833437e-05
нормальное,4.4745075115350395e-05
следа,4.474023067914029e-05
урывками,4.473851291421832e-05
надворный,4.473093041721174e-05
панталонах,4.472821373833002e-05
вынет,4.471977987681197e-05
пружины,4.470801113887971e-05
отдавал,4.470734319881229e-05
поставь,4.470098953454264e-05
нравственными,4.4697471506576414e-05
затихла,4.4691914310722134e-05
убито,4.4691914310722134e-05
лукавством,4.468806699944039e-05
приметным,4.468806699944039e-05
прибавлял,4.467651329394126e-05
костей,4.467385389016864e-05
строгость,4.466964899980909e-05
родов,4.466364478113643e-05
графского,4.466116436457836e-05
потери,4.466048535760793e-05
женской,4.46502519583832e-05
мелет,4.464280360438412e-05
довольствовался,4.464112903603932e-05
зашла,4.463785022826104e-05
барство,4.4631712464061055e-05
подождем,4.462910137321397e-05
оказии,4.462910137321397e-05
наклоненной,4.4624586477131994e-05
долее,4.4620720569022944e-05
разыгрывается,4.4606307012499766e-05
ужинали,4.4574171780847424e-05
голубятню,4.456899419801315e-05
жестким,4.4565079710059047e-05
поручения,4.4560972571795736e-05
пристанет,4.4559434248038344e-05
наобум,4.4559434248038344e-05
барки,4.4546659110378225e-05
слушайся,4.45463664243505e-05
завтрака,4.4541181251013824e-05
пила,4.454037729646019e-05
неглуп,4.453988386969008e-05
сбывают,4.4538876659308636e-05
зверь,4.4537414508020014e-05
знающий,4.453608834713216e-05
антракте,4.45357959182491e-05
невскому,4.45338260170913e-05
принуждение,4.453312544913303e-05
печальных,4.4532470158044034e-05
горшками,4.453129562300762e-05
наделала,4.4525958306742525e-05
изобьешь,4.4524264998587184e-05
прибавишь,4.4524264998587184e-05
жмется,4.45199414624617e-05
очками,4.451401272356857e-05
спрятано,4.451401272356857e-05
поджимая,4.4513608236141377e-05
вытягивая,4.4513608236141377e-05
извинюсь,4.451148394315325e-05
струсит,4.4510764522219524e-05
одежде,4.4508049266937245e-05
горячих,4.450681602929425e-05
почве,4.450596988682615e-05
маменьки,4.450355310717051e-05
соглашаетесь,4.449433673495057e-05
упрекали,4.449433673495057e-05
приговору,4.449313123540278e-05
трагедии,4.449192072778635e-05
испуг,4.4491576486478805e-05
телегу,4.44898110466065e-05
сверкает,4.448602914533371e-05
видимо,4.448451698817854e-05
борется,4.448451698817854e-05
вычистить,4.4473606100773065e-05
тонкие,4.446958522305977e-05
найму,4.446885666494246e-05
затворяется,4.446410122713875e-05
публичный,4.446402655149113e-05
навыкате,4.445768613959939e-05
справа,4.444807601717614e-05
жалкой,4.444617119241441e-05
исполнял,4.444034186549794e-05
изволил,4.4437899712651395e-05
продаст,4.443549916646749e-05
сеют,4.4434961932480944e-05
жнут,4.4434961932480944e-05
чисел,4.44256511527672e-05
оборвалось,4.4424029053751416e-05
благословенный,4.441467962858036e-05
удары,4.441095338575141e-05
выучи,4.439727736233106e-05
умеренностью,4.43899761165741e-05
прописываешь,4.438196337765311e-05
доделал,4.4372646479254984e-05
посвататься,4.4372646479254984e-05
усмехаясь,4.436505530744944e-05
захлопывая,4.436505530744944e-05
нахлобучив,4.4344650347708135e-05
острог,4.4342609677510656e-05
робок,4.433303122053336e-05
новичок,4.433303122053336e-05
безобразие,4.4332537473904916e-05
столичный,4.4332537473904916e-05
отчаянное,4.433163369285069e-05
трясла,4.4324289451322e-05
подметено,4.432348438607929e-05
плелся,4.4320687489621576e-05
ворочало,4.4320687489621576e-05
приди,4.431792110164426e-05
померкло,4.430885824340239e-05
камешек,4.4287477995102454e-05
грязное,4.428093951812142e-05
почтальона,4.428093951812142e-05
политику,4.4278183217316534e-05
пьесе,4.4277729094215194e-05
собираешься,4.427711529803191e-05
разбери,4.4266374733653714e-05
предание,4.425425034842183e-05
неподалеку,4.42480548005729e-05
половинку,4.4246561449965034e-05
распорядись,4.4231537754642645e-05
беспокой,4.4231537754642645e-05
нитку,4.422128294265885e-05
тайная,4.421958221900853e-05
меняясь,4.421575906933471e-05
постоялом,4.420321886574415e-05
враг,4.42009143821557e-05
сильны,4.419645506007747e-05
послушался,4.419364795131486e-05
зараженный,4.4170940950984534e-05
нейти,4.4170568877788584e-05
винограда,4.417022822016374e-05
роде,4.416970425852569e-05
отсохли,4.416819902846615e-05
постоять,4.416819902846615e-05
мнительный,4.415542378699422e-05
доставать,4.415542378699422e-05
застанет,4.4147910122817973e-05
погибла,4.4147910122817973e-05
начнем,4.414619384516803e-05
отчаянные,4.41452504308201e-05
предлагаешь,4.41452504308201e-05
возник,4.414472157796582e-05
стая,4.414451194228719e-05
отваливать,4.413734896981894e-05
богач,4.413734896981894e-05
исход,4.413578239942488e-05
правилам,4.413069048616739e-05
пропадали,4.41280872932408e-05
подернут,4.412323331730246e-05
невелико,4.412277490292518e-05
неясное,4.412040527005471e-05
уняли,4.411836789344484e-05
ровным,4.410659719816099e-05
тягла,4.409627902618185e-05
запечатал,4.408319958335671e-05
перечитал,4.408319958335671e-05
послушает,4.408303572084886e-05
запрячь,4.408108249323387e-05
нарядной,4.40808218701845e-05
обходил,4.4080771018948155e-05
стучат,4.4075016599120164e-05
изба,4.407337900792941e-05
светлыми,4.407142781135689e-05
побуду,4.406778133024382e-05
чудом,4.4067247406833325e-05
уст,4.4067247406833325e-05
приличием,4.405111563013904e-05
располагал,4.405103580524562e-05
делась,4.4051029563886775e-05
закипело,4.4044408329560174e-05
неизменной,4.403831078552182e-05
переходила,4.403684030255802e-05
милосердия,4.4022433758254656e-05
выпрямилась,4.402014881112152e-05
дилижанс,4.4016240992481925e-05
заработает,4.40108551973472e-05
доходят,4.400943021199347e-05
перевернется,4.399995225121319e-05
выкладывал,4.39992773882855e-05
отобедайте,4.399660368587708e-05
обаятельной,4.398544987031635e-05
повалил,4.398021436016531e-05
стыдливый,4.397575941421895e-05
бинокль,4.397531580113878e-05
звучал,4.397275935594904e-05
постороннее,4.397234907597045e-05
шапке,4.397234907597045e-05
настойчивый,4.3967836070747696e-05
лежащий,4.396643605797226e-05
поражал,4.3956904458657184e-05
cousin,4.395244682876267e-05
терялась,4.392828821224929e-05
распространился,4.392251836499258e-05
чином,4.391893359084726e-05
погибал,4.391774776987469e-05
настанут,4.391352341286497e-05
оброка,4.391352153600972e-05
угождения,4.38998739876889e-05
тяжеле,4.388982540410636e-05
проблеска,4.3889495452428175e-05
кислая,4.38875362648468e-05
лососиной,4.38875362648468e-05
берутся,4.388199762111195e-05
сообразил,4.388001512317784e-05
курица,4.3874055994744676e-05
неистребима,4.387304575357999e-05
душевной,4.3869375907231025e-05
способность,4.3865884912208134e-05
прохаживался,4.386544169116612e-05
кабинету,4.386544169116612e-05
нетвердым,4.386462456047472e-05
старость,4.386043750149802e-05
чая,4.384715636543144e-05
булок,4.3844265465861244e-05
лампада,4.384144148506432e-05
могилу,4.382624819452164e-05
ступайте,4.3813882734081546e-05
попрекать,4.380706908765671e-05
одышка,4.380487240972989e-05
подносе,4.380442061892398e-05
гонялся,4.3801477051972133e-05
потребностями,4.3800564824132236e-05
мягкостью,4.3797315309248384e-05
моложе,4.3793384574579476e-05
выстоять,4.3793384574579476e-05
ничуть,4.3790755787746466e-05
взяток,4.378198835994792e-05
ниткой,4.3776166740420735e-05
именин,4.37684451157998e-05
верностью,4.376473652751038e-05
берется,4.3763841138083557e-05
жернова,4.376340571712304e-05
навзрыд,4.375722992513382e-05
совершила,4.3752017409475795e-05
надеялась,4.374637268217041e-05
располагаешь,4.3744101620586525e-05
разыгрались,4.373976782274489e-05
жир,4.373851902193464e-05
неконченные,4.373389937744805e-05
свести,4.372014268136767e-05
музыкой,4.3717249967313885e-05
визитами,4.371354654169182e-05
технолог,4.371278398071648e-05
агроном,4.371278398071648e-05
умрем,4.3701504908432955e-05
блюдо,4.369686955620998e-05
устройству,4.367942741937391e-05
получи,4.367730347396054e-05
выходку,4.366700465165892e-05
подействовало,4.3654871742182406e-05
требовать,4.365297663100807e-05
приданое,4.365281550141064e-05
толочь,4.365229184229283e-05
разберет,4.364574437037971e-05
петровичу,4.364119282976503e-05
вихор,4.36407283801509e-05
генеральский,4.36407283801509e-05
расстанемся,4.363552887737661e-05
перепел,4.3624831594380015e-05
верхнего,4.3616440220787e-05
взыскать,4.360251217061812e-05
переплетом,4.35937677533096e-05
ярости,4.3592487563658086e-05
трудиться,4.3587985547139085e-05
носиться,4.358434147662808e-05
инда,4.358139832373632e-05
выдумывала,4.3568710423899864e-05
занимается,4.356696272163361e-05
утру,4.356423733079589e-05
прятался,4.354469841194449e-05
заборе,4.354458597071208e-05
жаре,4.353697778882517e-05
гостья,4.353506302534248e-05
тяжким,4.353506302534248e-05
мадера,4.3530612216609695e-05
мил,4.352464194525145e-05
любопытных,4.352010989746343e-05
удается,4.351591668856426e-05
николавна,4.350169124983977e-05
исправимая,4.3496947247953834e-05
зрелый,4.348754519811406e-05
повернувшись,4.348330006233156e-05
встречалась,4.3481235433099115e-05
поднималась,4.3474741813472544e-05
заговорить,4.347095486819689e-05
братце,4.346922977723845e-05
хрен,4.3468280193994516e-05
золоте,4.3466511844323924e-05
кинулся,4.3450004757761445e-05
пьяница,4.344255104834149e-05
страстишек,4.3408861321211526e-05
тулупе,4.3405673107299074e-05
свернулись,4.340388303176445e-05
предчувствовал,4.34038571263636e-05
близкую,4.34038571263636e-05
приводила,4.339786221744454e-05
навернулись,4.339584891447576e-05
гражданской,4.339508633550652e-05
донесли,4.339389287408989e-05
забрал,4.339352493824053e-05
пустых,4.337559475838502e-05
вылитую,4.337338998200181e-05
перчатке,4.337338998200181e-05
летам,4.3363000434714315e-05
россию,4.3362362501150214e-05
приищете,4.336189386183172e-05
никаким,4.3361407063049745e-05
упорная,4.33588433179175e-05
устроятся,4.335002208865147e-05
разиня,4.334994181221583e-05
заученную,4.334361851730237e-05
блондин,4.334060794643177e-05
наслаждается,4.3338680698141825e-05
кину,4.333362562495502e-05
уверен,4.333310051183128e-05
собаками,4.3331459804285334e-05
приманивала,4.332444436765916e-05
крышу,4.3316215867862956e-05
стихию,4.331466741010904e-05
перемешались,4.331458610762914e-05
проститься,4.331020811480867e-05
встретит,4.330582602969816e-05
должок,4.330582602969816e-05
занимайтесь,4.330426936829252e-05
представьте,4.3296633525172345e-05
крепкую,4.329424840221439e-05
блеске,4.328843044777953e-05
кухням,4.3286867111965386e-05
радостная,4.3285527646451234e-05
пробежала,4.3285527646451234e-05
умысла,4.328129765008516e-05
пробу,4.327953857318826e-05
кротость,4.327772122903716e-05
съездили,4.327037640186817e-05
установится,4.327037640186817e-05
лорнировала,4.327037640186817e-05
проезжавшую,4.327037640186817e-05
десятом,4.326849242989391e-05
фурор,4.3254881686492326e-05
одушевлена,4.3254881686492326e-05
курю,4.3252355676424604e-05
неохотно,4.324804812045727e-05
канве,4.324769112721461e-05
разменялся,4.324526596107383e-05
тратит,4.324441432982997e-05
кухарке,4.3244266642542005e-05
обычные,4.324123759683984e-05
барыш,4.323499962309263e-05
главною,4.3234702763865994e-05
сжевать,4.3227195443150214e-05
раб,4.322356836745228e-05
рассказу,4.322140591354947e-05
продадут,4.322006992555368e-05
похлопотать,4.321524060903246e-05
восьмой,4.321060882287903e-05
поубавил,4.32095946406301e-05
сумасшествия,4.32095946406301e-05
остальной,4.32095946406301e-05
губернатором,4.3209100189067464e-05
рдели,4.32031936830455e-05
заботишься,4.319582703850356e-05
статьи,4.3194988624280856e-05
треща,4.319371111770084e-05
мельницей,4.319371111770084e-05
бейте,4.3187781203848645e-05
празден,4.318653034770803e-05
развалинами,4.318474159711689e-05
переправил,4.3181667058393736e-05
успокоил,4.3179795552242275e-05
известного,4.317640062803087e-05
постыдились,4.3175822636976394e-05
веди,4.316770592109377e-05
имело,4.3167523958340015e-05
навязывал,4.316169868617903e-05
расположении,4.3161358190053887e-05
сожгло,4.3160232038262696e-05
чиновниками,4.3156233314759946e-05
канцелярскими,4.3156233314759946e-05
радужные,4.315085573921773e-05
неприятной,4.3148475811436036e-05
ломят,4.314118475709122e-05
отцовских,4.313868805654914e-05
продувная,4.313812887189955e-05
рассудит,4.313675939553597e-05
горяча,4.313106768722818e-05
бросаясь,4.312810353421307e-05
отнимая,4.312489100914295e-05
вырвалась,4.3123837358051963e-05
родная,4.3123469210055656e-05
пугай,4.3123469210055656e-05
стращай,4.3123469210055656e-05
заразилась,4.311909167872517e-05
островов,4.311470185150443e-05
черте,4.310342742626889e-05
сердечных,4.3095599876370555e-05
покровительством,4.308082275759042e-05
дикого,4.307510053428855e-05
каплют,4.3066798267856375e-05
доконало,4.305229337561313e-05
свободу,4.3048518174724624e-05
хохочут,4.304663666536311e-05
светлых,4.304610695345887e-05
конуру,4.304482248028504e-05
здоровехонек,4.30424181423333e-05
редкое,4.303518394770106e-05
беспорядка,4.303310090153007e-05
оледенела,4.303069029429408e-05
обычным,4.3022537917569146e-05
начальники,4.3021387942449636e-05
ожидать,4.301522836785421e-05
намекала,4.301140577358922e-05
сливались,4.301140577358922e-05
сходились,4.301140577358922e-05
думах,4.301140577358922e-05
выхода,4.300309761819796e-05
сделан,4.29977184507501e-05
выручи,4.299718019128093e-05
равнодушия,4.2995881178973285e-05
выглядывает,4.29947269540511e-05
отличие,4.298858907117347e-05
свечке,4.2985541003266236e-05
отзываешься,4.296955683315483e-05
стер,4.296308756142096e-05
шопот,4.294160389272732e-05
даете,4.293644171860128e-05
убрал,4.293644171860128e-05
печальное,4.2928872141889686e-05
окинув,4.2919043437772564e-05
односторонним,4.2919043437772564e-05
разыгрывалась,4.291830004012766e-05
натягивает,4.29131603240014e-05
кочкам,4.2911218879233534e-05
нападает,4.2910435833467936e-05
попадая,4.291022787431775e-05
избыток,4.290994359955111e-05
заказали,4.2909765911589724e-05
утерпел,4.2909765911589724e-05
рукавами,4.2899718338884324e-05
девического,4.2897259097934066e-05
звуков,4.289158549268969e-05
спорит,4.288754527962905e-05
грубиянит,4.288754527962905e-05
совещание,4.288623602320602e-05
растут,4.288548339317914e-05
избрать,4.288515020710486e-05
деревом,4.2882748979485366e-05
пятницы,4.286530901171465e-05
доверчивости,4.2857391895336745e-05
застрелюсь,4.2853332065119215e-05
выздоровеешь,4.2853332065119215e-05
погружаясь,4.2851878534200866e-05
мыты,4.2847254971999844e-05
потроха,4.2846375167755555e-05
замечают,4.284376890074463e-05
прохожего,4.283930195292725e-05
надеваешь,4.2837724263884994e-05
накинув,4.283654680536419e-05
засветло,4.283334139294372e-05
наслаждаться,4.2831592733084664e-05
раздражать,4.28303310845675e-05
хохотать,4.282216000715727e-05
кладовой,4.281962013061753e-05
снята,4.281702384521598e-05
окружали,4.27969888925047e-05
выдьте,4.279405198503016e-05
горланит,4.2789779517814596e-05
поцелуя,4.278888497328114e-05
белое,4.27875099409023e-05
устраняясь,4.2784814592375415e-05
выскажусь,4.2782073610302815e-05
предвидели,4.2782073610302815e-05
конюшенную,4.277261655115875e-05
некоторою,4.27667764832413e-05
подчиненного,4.27574852072583e-05
заберется,4.275455343403607e-05
совершенная,4.2744518313865924e-05
касалось,4.273226383637999e-05
влажна,4.2725602125997515e-05
мягка,4.2725602125997515e-05
налить,4.272279799166324e-05
мазали,4.2720626425323286e-05
петли,4.2720626425323286e-05
залаяла,4.2719770254457413e-05
паспорты,4.271153462952002e-05
упираться,4.2688808536860696e-05
задыхаясь,4.268808605693868e-05
дымом,4.26836975165539e-05
бирже,4.2683119532666674e-05
куму,4.2676645135738657e-05
беспокоишься,4.267416961631061e-05
индеек,4.267012445030979e-05
идущую,4.265738827265393e-05
стаканы,4.265398717377703e-05
доска,4.265034534308583e-05
будило,4.264499904559524e-05
плачь,4.263828640122418e-05
врагов,4.262759431193858e-05
готовая,4.262497821766108e-05
прибегала,4.261612332717799e-05
болезненным,4.261447647673642e-05
неутолимую,4.261069507211029e-05
некого,4.2597704288941144e-05
тихих,4.259599489630594e-05
лежавшую,4.2592950026312096e-05
шелковых,4.257856067428131e-05
остальные,4.257590485712079e-05
внеси,4.2559326786904364e-05
раздавалось,4.2559326786904364e-05
роща,4.255709895936013e-05
киселя,4.2557049561637196e-05
покойные,4.255464597006347e-05
отозваться,4.2553855247563766e-05
найдено,4.255324462290215e-05
поддерживать,4.2551955294092345e-05
залился,4.254854638285173e-05
отшибло,4.254813328530419e-05
смотрело,4.254807481489783e-05
поднимала,4.2537306612269865e-05
соображал,4.251534726210624e-05
цикорию,4.251083150769679e-05
кладете,4.251083150769679e-05
довариваете,4.251083150769679e-05
женская,4.250095926689203e-05
стараетесь,4.2498554836033365e-05
уроком,4.249225223157284e-05
изнеможения,4.2489506118424656e-05
раздвинулись,4.248419554270701e-05
губернского,4.247816816993988e-05
слыхивали,4.246569474920969e-05
понес,4.24578493930493e-05
спиридоныч,4.2450630973424864e-05
война,4.2450630973424864e-05
виноватым,4.244803149028893e-05
наведаюсь,4.2444418505680966e-05
бабья,4.244264343522568e-05
братьи,4.244264343522568e-05
вздрагивал,4.244037195842374e-05
уничтожил,4.2435364339476004e-05
ясный,4.243133400132115e-05
сундуке,4.243033287478083e-05
петербургские,4.242675938969494e-05
объездили,4.242675938969494e-05
войду,4.242675938969494e-05
зашумит,4.242675938969494e-05
серебра,4.241759928358891e-05
неугодливая,4.2416927019762354e-05
воплей,4.241439319314315e-05
забытьи,4.241393648825396e-05
переносить,4.2408096185974866e-05
назначил,4.240556482230079e-05
подпереть,4.240554010267171e-05
переступил,4.240437906304617e-05
сундука,4.239908482016835e-05
алексеичем,4.2387183687444e-05
тонких,4.238566309039827e-05
березняк,4.2377735812092264e-05
здоровьем,4.2371645337417054e-05
порядка,4.23650108866943e-05
повести,4.2362220587104394e-05
ямочками,4.2359246770507036e-05
подарили,4.235155069910185e-05
отсылать,4.2350831939616805e-05
втеснилось,4.2346101012238095e-05
переселяемся,4.2343968225613e-05
едят,4.233631784906482e-05
мешали,4.2336230537240715e-05
изнемогал,4.233357329801662e-05
воспитаться,4.233229553680176e-05
пили,4.232898154773409e-05
дружно,4.232698016565725e-05
смутное,4.232682057909489e-05
лету,4.232210167171851e-05
загорелой,4.2321028809246415e-05
гряды,4.230292570185142e-05
поверь,4.22956463947682e-05
полицию,4.229250188694007e-05
теряли,4.229092043639354e-05
облаке,4.227524611530963e-05
голубую,4.2274204828782064e-05
пожали,4.226744985724906e-05
напомнить,4.2265999867040904e-05
сосен,4.225984238662742e-05
обошлось,4.2259560811213396e-05
вступление,4.2259560811213396e-05
признаком,4.2250591514745134e-05
сером,4.224106608560895e-05
вотчине,4.2238919113925374e-05
женят,4.223076253125168e-05
старушки,4.222951004523849e-05
америке,4.222155662734572e-05
египте,4.222155662734572e-05
владею,4.222020004202644e-05
кажись,4.221755493352402e-05
рассуждения,4.221669599778e-05
прибавляешь,4.221669599778e-05
глупые,4.221669599778e-05
вершок,4.221627622474608e-05
уверишь,4.221569629287813e-05
вяжет,4.2215333320746135e-05
пронюхал,4.2209082622974206e-05
выспросил,4.2209082622974206e-05
съесть,4.2207577683740895e-05
обращая,4.220413495724529e-05
завтракал,4.220413495724529e-05
июня,4.220338138051606e-05
чайного,4.219437381521398e-05
поношенное,4.218878921079693e-05
раскрылись,4.218831768717868e-05
приедешь,4.218512586908481e-05
блещет,4.2184878579315434e-05
раскланялся,4.218297932645777e-05
горячий,4.218061923911061e-05
углубится,4.217669778316859e-05
приподниматься,4.217389551054613e-05
отпустит,4.217265972510391e-05
померещилось,4.217123922170053e-05
наступает,4.2167218439685934e-05
пьет,4.216653885275773e-05
укрыться,4.2146085397872014e-05
наружно,4.214205557999284e-05
лукавых,4.2128010276210086e-05
дорожки,4.2124132219814224e-05
откашливаться,4.2120367010923866e-05
нахмурил,4.2120367010923866e-05
высшую,4.2113732721188704e-05
суетясь,4.211372577105948e-05
дождалась,4.2110599574389854e-05
семика,4.2110599574389854e-05
плодов,4.210145108825141e-05
распустился,4.210145108825141e-05
свидетельством,4.2098996492430505e-05
алгеброй,4.209826963274178e-05
завернул,4.208801814164357e-05
долгу,4.208340386390346e-05
аллеям,4.2083353562355544e-05
венок,4.207017237133177e-05
предстоял,4.206710968232106e-05
смелый,4.206710968232106e-05
длинную,4.206107048647152e-05
понимавший,4.2053107573702135e-05
жалобно,4.2053107573702135e-05
неясных,4.203266583372121e-05
отнести,4.202940679743594e-05
вдумывалась,4.200050694175009e-05
парадная,4.199936109938293e-05
анфилада,4.199936109938293e-05
сталкиваются,4.199072065051445e-05
постелям,4.1990030963022507e-05
ветром,4.1977129943243247e-05
змей,4.196431286628379e-05
отступлюсь,4.196105103391555e-05
процентов,4.195173919512099e-05
бледнела,4.194027078587988e-05
выдают,4.1939023642177286e-05
перетасовка,4.1939023642177286e-05
ежедневная,4.1939023642177286e-05
выходим,4.1939023642177286e-05
продаем,4.1929968247158934e-05
пройти,4.192932022682454e-05
прочитайте,4.1925557419912355e-05
неизбежно,4.192367847446735e-05
близ,4.191934459626444e-05
равных,4.191934459626444e-05
волновать,4.191316463318644e-05
бочкой,4.191226966671114e-05
просидели,4.189232754559305e-05
двугривенные,4.189124715666647e-05
свободная,4.189015464360134e-05
тополевой,4.188882045029277e-05
наряде,4.187581605061395e-05
цепочке,4.187350930177002e-05
объяснилось,4.186955648432312e-05
проницательным,4.186559561875791e-05
пансион,4.186408928476227e-05
исписанную,4.185977254000099e-05
помаленьку,4.185977254000099e-05
замасленную,4.185977254000099e-05
перебиваюсь,4.185977254000099e-05
власти,4.185917702490184e-05
принадлежит,4.185295920501636e-05
оправдывается,4.184862164205131e-05
прибежали,4.184641145042801e-05
спрячется,4.184187578854645e-05
ухом,4.182153813596565e-05
управимся,4.181807576136203e-05
слабой,4.181807576136203e-05
перемыть,4.181807576136203e-05
ничтожной,4.181807576136203e-05
мнение,4.1815537125772034e-05
переехали,4.1810181157618164e-05
тиатр,4.1810181157618164e-05
угасшим,4.180022434596855e-05
гуманитетом,4.178961183942239e-05
райское,4.178961183942239e-05
болваном,4.1775891555699905e-05
убивать,4.1775891555699905e-05
выражали,4.177322951237924e-05
нетерпение,4.177322951237924e-05
спрашиваете,4.1769352468198264e-05
снега,4.1767957676225385e-05
присел,4.175357630946983e-05
случайностей,4.174023493508605e-05
вслушивается,4.1736848667511214e-05
вглядывается,4.1736848667511214e-05
спускаясь,4.173552985481646e-05
вреда,4.172426913481598e-05
тьме,4.172333307150906e-05
усердные,4.1722441639654905e-05
занял,4.1715743785612544e-05
половинки,4.1714000335042955e-05
отверделость,4.1709755742932925e-05
поверят,4.170170012866653e-05
двигалось,4.168239938288626e-05
ползало,4.168239938288626e-05
невозможному,4.167777999386551e-05
грозится,4.167704219916234e-05
вглядываться,4.1662841828426584e-05
достоинств,4.166000482042219e-05
забором,4.1656979194840624e-05
зловещая,4.164754178771252e-05
отдаленное,4.163817078905239e-05
оскорбил,4.163732388474982e-05
допускай,4.163392525763691e-05
уезжай,4.163392525763691e-05
полосой,4.162920851837682e-05
семейные,4.1626605417730784e-05
гремело,4.1626605417730784e-05
ласковее,4.1615808179080964e-05
шурин,4.161474960474712e-05
опасности,4.161414741320649e-05
грамматике,4.1612087067418244e-05
арифметике,4.1612087067418244e-05
шипы,4.1611721904745616e-05
шмыгнул,4.1603680154781415e-05
умнее,4.1586373719603906e-05
живучи,4.157638179877006e-05
поместился,4.157475433948101e-05
наследовал,4.1574413221339726e-05
держу,4.157214541442635e-05
конюшня,4.157214541442635e-05
пробуду,4.1558931772068727e-05
поведении,4.1557024782583844e-05
сгиб,4.15539105462917e-05
уборка,4.153860320074414e-05
висках,4.153304019816092e-05
провинции,4.152607050036663e-05
стыдил,4.1512846406887807e-05
завалившись,4.151096384025273e-05
унимала,4.147867153508079e-05
картофеля,4.147564880481925e-05
кол,4.147385487683502e-05
обои,4.147163957353138e-05
получая,4.1464605072184456e-05
дрыхни,4.146231329959766e-05
шевелилось,4.145319469529868e-05
яростное,4.145319469529868e-05
корчаги,4.1436241095202926e-05
найти,4.1431987961588675e-05
роскошью,4.14296011752286e-05
русским,4.1425508364620186e-05
опары,4.1422261771317585e-05
поднимал,4.142195578799327e-05
настоящие,4.141827432499738e-05
стекла,4.141779760499988e-05
взысканию,4.141352522406591e-05
вырывая,4.1410311055030235e-05
грянул,4.1410311055030235e-05
разряду,4.139863737813516e-05
причисляешь,4.139863737813516e-05
глаженье,4.139316939495715e-05
просеванье,4.139316939495715e-05
толченье,4.139316939495715e-05
пьют,4.13735337241372e-05
обидела,4.1364997933380875e-05
обязанностей,4.13649486748095e-05
истории,4.135867032398038e-05
смущались,4.135542021552001e-05
роста,4.1351320122452815e-05
постельке,4.1349725151801616e-05
внезапную,4.134498175292794e-05
отталкивал,4.133708749672322e-05
убеждения,4.1333130684849815e-05
просидела,4.133186848737024e-05
услыхать,4.133075484837347e-05
простила,4.13225849331449e-05
подошло,4.131809523044506e-05
подробностей,4.1314947879336956e-05
поледенело,4.131453901740034e-05
слягу,4.130548179174941e-05
измучусь,4.130548179174941e-05
известное,4.130168782178881e-05
каша,4.129064789838068e-05
сковороде,4.129064789838068e-05
веру,4.1278687313262626e-05
окружающих,4.126321315065353e-05
котенком,4.1261295601297275e-05
ино,4.126082680503186e-05
добираясь,4.125774771038402e-05
брошенное,4.125550652998814e-05
опасно,4.1253138387638615e-05
мыкаю,4.125257845578334e-05
ешь,4.124978677303057e-05
надзором,4.124914997292841e-05
явиться,4.123395781715945e-05
отталкивая,4.122840561553566e-05
раздор,4.122519756453824e-05
громовым,4.12211230995952e-05
оглушение,4.1213927446699544e-05
опаленные,4.1213927446699544e-05
ослепление,4.1213927446699544e-05
поленился,4.1210796382669344e-05
летнему,4.119279565182694e-05
полсутки,4.1182237374659716e-05
трудовой,4.117829280070672e-05
блистающий,4.117610467951345e-05
лгу,4.116335200662859e-05
обручился,4.1161954625980175e-05
фон,4.116095693250329e-05
возобновлялась,4.115999121703946e-05
государственная,4.115999121703946e-05
слева,4.115074796271807e-05
берлоге,4.11479325392964e-05
солдатка,4.1136949605049915e-05
умничать,4.1136949605049915e-05
наряд,4.113517192856755e-05
трогаю,4.113366257742958e-05
последним,4.1133366121284054e-05
нравственных,4.1133146300204184e-05
определеннее,4.11293300102592e-05
опустились,4.112490330248955e-05
лампе,4.112490330248955e-05
рубашек,4.111825694693652e-05
неумением,4.111621609386414e-05
утопало,4.1109526813357595e-05
стульями,4.1108968670759185e-05
вкусе,4.110653663183171e-05
обдуманно,4.110555048021887e-05
переставал,4.110376427716524e-05
ряда,4.110175250875801e-05
достало,4.110115430436609e-05
цветник,4.109576602214667e-05
хаос,4.1083159284582614e-05
дымился,4.10818651743705e-05
силилась,4.107959504143579e-05
старины,4.107584801886895e-05
объявим,4.1063835042046065e-05
речку,4.1051733287556046e-05
называют,4.1039470802684074e-05
темным,4.102521135241408e-05
тяжелая,4.102279134960313e-05
переносили,4.1019291110910735e-05
гуляют,4.1017836175124107e-05
отрывая,4.101647810091086e-05
обнимать,4.1015716894449714e-05
воззвал,4.1015716894449714e-05
смутить,4.10139953741963e-05
вздором,4.10139953741963e-05
иглу,4.1005350324173545e-05
трудовая,4.1003834743249e-05
лечению,4.1003834743249e-05
ружья,4.1003834743249e-05
скромная,4.1003834743249e-05
вредят,4.1003834743249e-05
англичан,4.1003834743249e-05
практическое,4.0999717050450644e-05
трудовое,4.0999717050450644e-05
войдешь,4.0991763050983545e-05
произнося,4.098007531499363e-05
хений,4.098007531499363e-05
лентяй,4.0973129824279774e-05
муки,4.0971949490528375e-05
увидала,4.096233238804818e-05
роясь,4.0957495552607265e-05
разработкою,4.0957157657308095e-05
дадите,4.094026803764406e-05
управления,4.093989122609537e-05
силится,4.0932658455525605e-05
фейерверков,4.09244257409384e-05
расположение,4.0911004885395326e-05
стуку,4.090920678734383e-05
страшны,4.09040271866374e-05
слога,4.08985612509285e-05
усердию,4.0898091906201894e-05
чернильница,4.089549958571895e-05
пахнул,4.0893673940371625e-05
особенным,4.0884886842491774e-05
соображениям,4.0884886842491774e-05
видалась,4.088363122429907e-05
горд,4.086953811014113e-05
бодрости,4.0864449325443925e-05
горизонт,4.08576936161162e-05
народец,4.084981809208479e-05
понемножку,4.084981809208479e-05
застучало,4.084621504173755e-05
разговору,4.084022350789016e-05
веселых,4.079980539567708e-05
наполнился,4.079910323747094e-05
явным,4.0798037590290606e-05
белых,4.079763726668184e-05
тайные,4.0792702463569516e-05
ковру,4.0788460877819405e-05
доверителю,4.07883734207104e-05
проспал,4.075614898160195e-05
уверяю,4.075543946788891e-05
минутное,4.075543946788891e-05
просвещения,4.075536363293766e-05
выучу,4.074723816326279e-05
почивать,4.074723816326279e-05
наследства,4.074646061348475e-05
терзая,4.073735817854875e-05
кошка,4.072105600177208e-05
оправдываюсь,4.072000087371706e-05
отнимут,4.071120964493727e-05
раздражения,4.0710208235130245e-05
находили,4.070760666620476e-05
забывая,4.070744596643484e-05
шопота,4.070717510685204e-05
сбыл,4.068982356189501e-05
груз,4.068982356189501e-05
загадки,4.0688648835932445e-05
телесная,4.068589748520516e-05
николаичем,4.068589748520516e-05
невзрачный,4.068589748520516e-05
душевная,4.068589748520516e-05
васильем,4.068589748520516e-05
гимнастика,4.068589748520516e-05
разболтали,4.066770682124865e-05
опечалилась,4.066754157171827e-05
пожала,4.066754157171827e-05
спины,4.06663722992041e-05
звонким,4.06663722992041e-05
экзаменовать,4.06663722992041e-05
вздумала,4.06663722992041e-05
постыдился,4.0662053857947614e-05
стряслась,4.0662053857947614e-05
пугался,4.066090494681889e-05
точке,4.0653414280544405e-05
двинуться,4.0653414280544405e-05
внутреннее,4.065168121653081e-05
веничком,4.064868999399342e-05
выколочу,4.064868999399342e-05
котеночка,4.064512045474545e-05
плющей,4.0642925515528306e-05
мигать,4.063826524249215e-05
чулка,4.063662839585725e-05
уверить,4.063618538936279e-05
предмета,4.0626976037540754e-05
шагая,4.0624298528684706e-05
преступна,4.062079610975396e-05
свалить,4.062079610975396e-05
возрастающей,4.061901846980396e-05
убедительностью,4.061901846980396e-05
вымоют,4.0609834756492394e-05
наденете,4.0609834756492394e-05
господина,4.060864190818941e-05
уставала,4.060861971429441e-05
замерла,4.0598526884362433e-05
держаться,4.059724841679095e-05
кружевах,4.0593835730029914e-05
третья,4.05912423064203e-05
полдня,4.058468449381932e-05
оперся,4.0581834513813856e-05
составляющих,4.0576269466514266e-05
посредством,4.0564451896315323e-05
затеять,4.056191107558265e-05
девица,4.056191107558265e-05
красавиц,4.055176675536787e-05
некоторый,4.054459301515517e-05
моля,4.052984537274998e-05
пощаде,4.052984537274998e-05
вскакивал,4.05228136691956e-05
пятки,4.051620265565944e-05
уходи,4.049636629812388e-05
вод,4.0495182492650804e-05
насущными,4.049330779221049e-05
библиотекарем,4.049121463797836e-05
этажерку,4.0486825961278374e-05
коробочке,4.0486825961278374e-05
барское,4.047633141741954e-05
выражалось,4.047170696876393e-05
платим,4.046757346965306e-05
предостережений,4.0466791008840285e-05
святки,4.046562110052101e-05
навострились,4.0454708650974574e-05
отлетел,4.0454708650974574e-05
задумывается,4.0448191939899355e-05
бранили,4.044285150656358e-05
заикнется,4.044009861189068e-05
доступна,4.044009861189068e-05
щегольских,4.044009861189068e-05
вызвав,4.044009861189068e-05
почерпнешь,4.044009861189068e-05
исповедь,4.044009861189068e-05
чувству,4.044009861189068e-05
подробная,4.044009861189068e-05
дождя,4.043414816439192e-05
легион,4.042243402526689e-05
задержать,4.04190367642094e-05
колес,4.041452583492914e-05
посреди,4.0412640706588985e-05
уважении,4.040857212241062e-05
зеленщики,4.040856838570954e-05
мясники,4.040856838570954e-05
экипажах,4.040856838570954e-05
церемонии,4.0408304356984294e-05
наслаждайтесь,4.039903924400564e-05
замужества,4.039865754330518e-05
индейки,4.03968863789204e-05
жало,4.039572297752098e-05
подставил,4.039457496317063e-05
картинки,4.0392209389675977e-05
привил,4.0381532617842366e-05
середины,4.038010599707036e-05
редкой,4.037009982811187e-05
сводя,4.036805221607829e-05
посидел,4.036082678752278e-05
ненаглядным,4.035509392965054e-05
дивился,4.035381863393231e-05
переносит,4.0345989806097674e-05
усну,4.03424122887721e-05
слабый,4.033925684811198e-05
узора,4.03387540258666e-05
сущности,4.0337300504746565e-05
песней,4.0330015476375066e-05
прозе,4.0330015476375066e-05
трудов,4.032729192865689e-05
исчезло,4.032704951525968e-05
посетитель,4.032037585339845e-05
умолять,4.031947105266758e-05
судьбою,4.031824620725083e-05
сбросила,4.031523400575927e-05
гулял,4.031367506788684e-05
отважные,4.0308934221256996e-05
воспитан,4.03028069911042e-05
пуговицы,4.030098391948856e-05
feuilles,4.0300798331070275e-05
упали,4.0300798331070275e-05
чердаке,4.029339710988552e-05
находят,4.0291879875286696e-05
отхлынули,4.028140827764932e-05
лесов,4.0278334119782734e-05
свернулся,4.0277261760332737e-05
теста,4.0277261760332737e-05
рубец,4.026595708925743e-05
кошки,4.0261947980086126e-05
дострочу,4.025564726969902e-05
примеривал,4.024228284568653e-05
великую,4.023148547177204e-05
навело,4.023148547177204e-05
девочке,4.023097755507844e-05
черед,4.023097755507844e-05
дрожать,4.023097755507844e-05
движениях,4.0228990852968436e-05
почвы,4.022521883326329e-05
страдала,4.0222774516008995e-05
прячущегося,4.0217820968530494e-05
мостов,4.020737019307926e-05
очутясь,4.02062383699201e-05
непонятно,4.0204411260803593e-05
останавливается,4.02002121501128e-05
скакала,4.0199881635867074e-05
нежные,4.019538468153637e-05
очерк,4.018492883053306e-05
закутаться,4.0182894892931184e-05
фраком,4.017900555821044e-05
привычках,4.017643922973392e-05
принялась,4.0175070399389146e-05
десятого,4.0170429728145236e-05
официальный,4.0169677617775646e-05
моль,4.0167744693165054e-05
заводится,4.0167744693165054e-05
встречали,4.0166132366530546e-05
добиться,4.014991201788678e-05
доверии,4.014894295898485e-05
черпай,4.014580231550963e-05
отравитесь,4.014580231550963e-05
квас,4.014580231550963e-05
уставай,4.014580231550963e-05
мечет,4.013943022663157e-05
потянулась,4.0138603060768865e-05
рассмешил,4.013086410684747e-05
осторожность,4.0128066516973664e-05
зачерпнула,4.01260877838137e-05
горстью,4.01260877838137e-05
пересказывала,4.012193021494296e-05
добывающим,4.012027580958508e-05
годятся,4.0118244060784757e-05
штопать,4.0118244060784757e-05
старинным,4.0109434434186865e-05
снимают,4.010662001810919e-05
машинку,4.010662001810919e-05
смешно,4.0096113022642694e-05
нашему,4.0091282078724304e-05
бранить,4.008686390291353e-05
сообразные,4.008042478617934e-05
дожди,4.007413780891533e-05
приготовляюсь,4.006859321910382e-05
продолжится,4.005271552474274e-05
портнихе,4.004868643323087e-05
портному,4.003935438772968e-05
украл,4.0028640521950716e-05
вперяя,4.002125336833913e-05
удивленный,4.002125336833913e-05
обещает,4.001990385600593e-05
привязки,4.001185525431264e-05
вздохи,4.001185525431264e-05
придирки,4.001185525431264e-05
охи,4.001185525431264e-05
достигли,4.001185525431264e-05
дыму,4.001185525431264e-05
птичка,4.000788403888625e-05
образумиться,4.000710217610736e-05
иных,4.000165386643479e-05
проникающим,3.998535048760478e-05
балконами,3.9972897682851484e-05
тревожься,3.996715197150855e-05
слякоть,3.996467171674034e-05
погибающий,3.996276601371418e-05
спасти,3.996276601371418e-05
лишней,3.995919401915133e-05
границ,3.995475667142074e-05
зловещие,3.9953594022725074e-05
махнешь,3.994687025422277e-05
статские,3.994687025422277e-05
мелкие,3.994274886794494e-05
завлекала,3.992588804328249e-05
мосье,3.992588804328249e-05
скорбей,3.992278543285635e-05
темны,3.991721212677286e-05
одинаковы,3.991326849633266e-05
нациями,3.991326849633266e-05
известную,3.990957687796037e-05
знакомой,3.990792453752251e-05
мостовой,3.990680242861691e-05
выспался,3.990028702983707e-05
мыслю,3.9893290534229445e-05
спорить,3.989184684614652e-05
выговаривает,3.9883404837144586e-05
ищущего,3.9882165413243346e-05
пример,3.9882165413243346e-05
матвевна,3.987702227208624e-05
действительности,3.986710256072859e-05
полет,3.986708840373198e-05
догадка,3.9863433755986865e-05
парализованы,3.98594603067316e-05
безвозвратно,3.98594603067316e-05
струиться,3.9857034324730946e-05
большому,3.985120555855329e-05
вопросительный,3.984557747396802e-05
кончаются,3.984389810332538e-05
поэмы,3.984389810332538e-05
распахнул,3.984200202768314e-05
заключить,3.984200202768314e-05
многолюдству,3.983537702925841e-05
суете,3.983537702925841e-05
сладить,3.9832158623687984e-05
командовал,3.9821369281727285e-05
глух,3.98190198521403e-05
ведома,3.98151705926037e-05
огурчик,3.9806745522247836e-05
покатаемся,3.980618486900324e-05
бил,3.979679308681488e-05
принесете,3.979552884289214e-05
бюста,3.9793855998961055e-05
противное,3.978062191696424e-05
процессии,3.977631219896679e-05
количеством,3.977611249809677e-05
азарта,3.9772246161351534e-05
mysteres,3.976854175026721e-05
petersbourg,3.976854175026721e-05
обмороками,3.97644001118953e-05
исправника,3.976048607127684e-05
передает,3.976048607127684e-05
разочаровался,3.975802895889594e-05
играй,3.973843005762463e-05
выскажу,3.973732768034423e-05
переулкам,3.97286978421889e-05
предаваться,3.972674430813314e-05
инстинктивное,3.972674430813314e-05
иностранцам,3.972674430813314e-05
чаями,3.972674430813314e-05
питал,3.972674430813314e-05
бережно,3.972674430813314e-05
пробавляются,3.972674430813314e-05
перемелется,3.972674430813314e-05
считались,3.972674430813314e-05
отчаянию,3.972674430813314e-05
огарки,3.972674430813314e-05
кофеями,3.972674430813314e-05
напряженный,3.9717148506318184e-05
погрузил,3.9717148506318184e-05
испытующии,3.9717148506318184e-05
абиссинию,3.971533250035675e-05
забрать,3.971383640349507e-05
понелепее,3.970533400241156e-05
любимое,3.970362275999706e-05
поставила,3.969983812258016e-05
проворная,3.96992018709063e-05
сеновала,3.969411159368533e-05
несносна,3.9683016114971024e-05
отвагой,3.967827311383044e-05
гостила,3.9671902688457084e-05
сознательных,3.965731977037514e-05
подались,3.965236140810686e-05
гром,3.96506326580163e-05
разное,3.964801086519007e-05
просился,3.9644546579836684e-05
отскочи,3.963989267220176e-05
мучьтесь,3.96305637953827e-05
миловать,3.96305637953827e-05
казнить,3.96305637953827e-05
гвалт,3.962863536799401e-05
переменила,3.9624428822683e-05
унесите,3.9622534317852077e-05
молчаливым,3.9622129162427005e-05
обвила,3.962151371934904e-05
дружеского,3.961273144253812e-05
низок,3.960981105043362e-05
пролежала,3.958495993078626e-05
обращенному,3.958492505929177e-05
увидеть,3.958082655587794e-05
огородами,3.95733492115502e-05
оглянувшись,3.9548739438012477e-05
двигаться,3.95485803429656e-05
зоркого,3.954825069716398e-05
шампанским,3.9538214004658036e-05
портером,3.9538214004658036e-05
полагали,3.9538043400075905e-05
иглы,3.953763129270868e-05
возрождение,3.9534059282442614e-05
упадка,3.9534059282442614e-05
носком,3.953308586125191e-05
взаимности,3.952101746371364e-05
появлялось,3.950827542535399e-05
розовое,3.950827542535399e-05
загадочному,3.95022413520465e-05
мечте,3.95022413520465e-05
продолжался,3.949704926977891e-05
столбняк,3.949704926977891e-05
кричали,3.949132083084305e-05
махал,3.9477751308271755e-05
отпирать,3.9459610417100204e-05
боязливее,3.945737217072769e-05
хорошую,3.9456734154956964e-05
взвесила,3.9432010187008055e-05
троекратно,3.942938372618404e-05
поклонясь,3.942938372618404e-05
промелькнула,3.942114299250276e-05
ронял,3.941835448024444e-05
стопы,3.941259729092505e-05
приобретению,3.940986644037937e-05
натяжек,3.940986644037937e-05
застыдился,3.9407504333121364e-05
усами,3.940312468514602e-05
посмотрят,3.9401812702588147e-05
проклятом,3.940077229695374e-05
шилось,3.940034469700984e-05
образцу,3.940034469700984e-05
вывезенному,3.940034469700984e-05
сознал,3.9382938440836985e-05
утраченное,3.9381919045589185e-05
индейку,3.9370986875846495e-05
кровное,3.936738741992855e-05
листок,3.9365004224389623e-05
приподнял,3.933229201983594e-05
субботе,3.933209598585812e-05
подхватит,3.932084856512075e-05
умолкать,3.932084856512075e-05
господская,3.9320541050644855e-05
сосновке,3.9320541050644855e-05
резиденция,3.9320541050644855e-05
карточка,3.9320541050644855e-05
загнутым,3.9320541050644855e-05
визитная,3.9320541050644855e-05
усадьба,3.9320541050644855e-05
углом,3.9320541050644855e-05
обычное,3.931763320172142e-05
ставит,3.931110957780232e-05
комнатам,3.9307179075758394e-05
наблюдательный,3.9295256853481534e-05
резеды,3.929477695202856e-05
сочла,3.9288741972578295e-05
минутку,3.928842574023162e-05
прибавлено,3.9282424118981045e-05
мастеровых,3.927767303197307e-05
гуляю,3.927762081796251e-05
залетело,3.927637664545923e-05
рождеством,3.927428813010757e-05
переберем,3.927428813010757e-05
бьются,3.926374278639608e-05
иззяб,3.925886638621532e-05
танцы,3.9256468096839344e-05
туча,3.925378291867174e-05
южной,3.925273896877335e-05
созданы,3.925150613082132e-05
увеселения,3.925150613082132e-05
отвлекали,3.925123509288423e-05
свободен,3.925123509288423e-05
глотает,3.924641474185879e-05
боскете,3.922901568619723e-05
сверкнет,3.922885008484185e-05
пожелаю,3.9225507913094726e-05
подвинулся,3.922254551378183e-05
предостерегал,3.920287466204049e-05
залезал,3.920287466204049e-05
незнакомые,3.9168865316811316e-05
рассмотрение,3.9156989403963776e-05
художественное,3.9156989403963776e-05
состоится,3.915574662432362e-05
девяти,3.9146266004405264e-05
преследовала,3.914511337903053e-05
сонливости,3.914511337903053e-05
шутки,3.914179511592699e-05
покойнику,3.913720147466421e-05
документ,3.913432834851204e-05
клал,3.9128023174568915e-05
пожалеет,3.9125380943368534e-05
переходить,3.9120613313411855e-05
нужных,3.911908698338479e-05
вкусный,3.911899392215752e-05
поданный,3.911899392215752e-05
приказчиков,3.9116812596151e-05
купцов,3.9116812596151e-05
ленился,3.911398059758618e-05
умеренным,3.911365702854414e-05
навести,3.911019957341993e-05
руси,3.910994712096233e-05
грубости,3.909446469151394e-05
вспоминал,3.9087504026868006e-05
посылают,3.9069785495091526e-05
класть,3.906437744380627e-05
кузнечики,3.9058160979276646e-05
перспективы,3.9053715760650965e-05
безотрадной,3.9053715760650965e-05
раздулась,3.904813923900288e-05
губа,3.904813923900288e-05
гул,3.9042072577735756e-05
прослезится,3.903719548024545e-05
прыгал,3.903719548024545e-05
обедай,3.903535498762872e-05
просипел,3.9016880878211696e-05
мгновенье,3.901364292097914e-05
сдернул,3.901364292097914e-05
прекрасны,3.901067123194803e-05
огненных,3.9010095871713144e-05
заменил,3.90068947469644e-05
самоотвержения,3.900518438163039e-05
сожаления,3.8998241720093704e-05
великолепно,3.899328644890345e-05
заплыли,3.898810692127563e-05
щеткой,3.8983645400222756e-05
лукавлю,3.897628803841445e-05
смородиновой,3.89624436109098e-05
пытала,3.89439324284751e-05
перенял,3.893494367320321e-05
разлился,3.893124663630762e-05
пугаешь,3.89289601247172e-05
доводишь,3.89289601247172e-05
парадное,3.8926382064834495e-05
ответили,3.8925307998169806e-05
состояния,3.892121346585013e-05
жемчугу,3.891953793496874e-05
пропекать,3.891311597010087e-05
заплачешь,3.891311597010087e-05
кушало,3.890588227762196e-05
пялит,3.890457397056646e-05
усиливать,3.889863789878031e-05
испытанный,3.889478129903537e-05
продуктов,3.889127119602771e-05
русском,3.888483765968106e-05
войско,3.888273243016776e-05
этаже,3.888142165864968e-05
отнес,3.888068454007609e-05
стягивать,3.887450575186881e-05
обломаешь,3.887450575186881e-05
приглашаю,3.8871003592659964e-05
шафером,3.8871003592659964e-05
отменяю,3.885677666711639e-05
отчетливо,3.8850613540777065e-05
домоседы,3.883938329994525e-05
шататься,3.883938329994525e-05
смирные,3.883938329994525e-05
расстаются,3.883786928299411e-05
награждено,3.8835377201391524e-05
достанутся,3.882894169606555e-05
перебывали,3.8825165023946624e-05
путешественники,3.8825165023946624e-05
съездов,3.8824280983247614e-05
разрушений,3.882192627758717e-05
добродушием,3.8815630375069994e-05
резкий,3.881364360613383e-05
ядом,3.880592345694713e-05
жарче,3.880421239973555e-05
здравие,3.880022946296865e-05
провожу,3.879755553474993e-05
смелая,3.879755553474993e-05
складках,3.879533593139356e-05
тарелка,3.878974687503092e-05
влез,3.878758303581147e-05
задремали,3.878758303581147e-05
летало,3.87758715995357e-05
страницам,3.87758715995357e-05
стыдилась,3.8775764527168875e-05
ноту,3.876921989872954e-05
муку,3.876242415228377e-05
доели,3.8762308710810075e-05
обещаясь,3.875723409482672e-05
монетой,3.875542015991622e-05
помнил,3.8746129289942635e-05
клетки,3.874055411958706e-05
ножа,3.87326935268265e-05
лезвию,3.87326935268265e-05
калошах,3.87247992432425e-05
резиновых,3.87247992432425e-05
всеобщего,3.872311596300448e-05
послеобеденного,3.872311596300448e-05
отрывистые,3.871689192880007e-05
растерянные,3.8712174577369865e-05
лион,3.870833700381016e-05
построже,3.870107151961414e-05
отправлялось,3.869753451952483e-05
проплакала,3.869467064463045e-05
неразлучны,3.868764472157367e-05
зените,3.867937190144714e-05
горизонта,3.867410207057876e-05
неслыханное,3.8669059191915616e-05
поглядели,3.8669059191915616e-05
лежащего,3.866208632140792e-05
найми,3.865706121582051e-05
зажили,3.865706121582051e-05
внезапные,3.8639204358639894e-05
прижимая,3.8618537248241055e-05
старается,3.861771562817753e-05
исчезнет,3.8617446285859586e-05
изломаться,3.861194404758176e-05
изломалась,3.861194404758176e-05
вопросительные,3.859869041351211e-05
встречалось,3.859029828274964e-05
помянул,3.8589048756748536e-05
годовым,3.85877479989024e-05
утучнялись,3.85877479989024e-05
метался,3.8583408600228135e-05
вдумайтесь,3.858153239896356e-05
кровавого,3.857901607293785e-05
мучительным,3.857901607293785e-05
снился,3.857520650185462e-05
принятию,3.857084010708756e-05
уплату,3.8566762618769875e-05
свидание,3.856654315299865e-05
отцвели,3.856567007807923e-05
акт,3.856435313455175e-05
начался,3.856435313455175e-05
навострила,3.855926321740057e-05
сморщится,3.855897228090284e-05
постыдится,3.855897228090284e-05
забывшись,3.8557426831636154e-05
побоится,3.8552136763160516e-05
слаб,3.8548820412443545e-05
трогать,3.8545901315499873e-05
решались,3.8545901315499873e-05
подходить,3.8545901315499873e-05
неестественно,3.854287533085614e-05
неумеренное,3.854287533085614e-05
мастеру,3.854208206975178e-05
золотых,3.854208206975178e-05
обыкновенны,3.8535465650648184e-05
оправлюсь,3.852811298728552e-05
подождите,3.852811298728552e-05
упрекнешь,3.8522170753559636e-05
капризу,3.8522170753559636e-05
рассталась,3.8522170753559636e-05
проходу,3.8521699687033314e-05
сирота,3.8521483199831336e-05
продает,3.852057155436188e-05
коротенькие,3.8519665948947315e-05
споет,3.8518478148069755e-05
любезно,3.8495052250215375e-05
варьяциях,3.849441354476369e-05
штучку,3.8492914449274736e-05
надеясь,3.848893420830783e-05
поддел,3.84667360824377e-05
фуфайку,3.845096379616012e-05
проносилось,3.8448739574916894e-05
сбыть,3.844280881452793e-05
бросились,3.8441996033831016e-05
опоздает,3.8433426415259625e-05
разверзается,3.842845366407017e-05
отклонить,3.842691944269638e-05
угрюмый,3.8423693403656645e-05
окрестных,3.84148965674766e-05
сложный,3.840913114485168e-05
мягких,3.8402737086894805e-05
агафье,3.839871688286879e-05
матвеевне,3.839871688286879e-05
рассудка,3.8396073974050494e-05
первенство,3.839426774466239e-05
поединке,3.839426774466239e-05
собственным,3.8391747428085216e-05
незапамятных,3.8391106836223684e-05
бьют,3.839003554803982e-05
христом,3.8374111323134266e-05
тьму,3.837274146516583e-05
помня,3.8367744915367746e-05
покорность,3.8363511881741596e-05
взывала,3.835856127794528e-05
доверилась,3.835856127794528e-05
силам,3.835856127794528e-05
зевать,3.835734157276202e-05
галерее,3.835658912958532e-05
недоступного,3.835558558720555e-05
прогуливается,3.834009173545811e-05
жертву,3.833574889899998e-05
удалюсь,3.833118742597949e-05
погляжу,3.833118742597949e-05
признаю,3.831797968105035e-05
стереть,3.8310870913099366e-05
нынешнему,3.830580966539387e-05
заказывал,3.830580966539387e-05
уроненным,3.83048137649996e-05
поехали,3.83004990580319e-05
ясной,3.829615073159399e-05
обожгли,3.829613856611637e-05
захохочет,3.8292862506459475e-05
дождется,3.8292862506459475e-05
будущности,3.829065360557261e-05
калоши,3.828754054469421e-05
поступили,3.828343903456149e-05
подкупишь,3.8279115908508964e-05
послушайтесь,3.8273755445642014e-05
легких,3.8273132116669416e-05
испугать,3.8273074261704375e-05
притворился,3.8254402233498215e-05
цепной,3.825190526476631e-05
чертила,3.824799766260053e-05
ранние,3.824787637278892e-05
предосторожности,3.824438064027654e-05
бабушкой,3.8243535790015104e-05
разорвали,3.823789729497375e-05
дрался,3.823789729497375e-05
признавайся,3.823789729497375e-05
мучительницы,3.823503714115817e-05
бродить,3.822726781615328e-05
троюродные,3.821516917648673e-05
седьмая,3.821516917648673e-05
киселе,3.821516917648673e-05
молодцы,3.820545699811471e-05
укусила,3.819951062027061e-05
губой,3.819951062027061e-05
вашу,3.819389708542985e-05
мебельщику,3.818982244751073e-05
сапожникам,3.818982244751073e-05
сметаны,3.8178096203364644e-05
швейцарского,3.8175404341810366e-05
огромных,3.817421082134245e-05
жирной,3.8172539647191055e-05
оправдана,3.817248452345234e-05
подсудимой,3.817248452345234e-05
белья,3.816856332907478e-05
перчаток,3.816856332907478e-05
приговоркой,3.816389014196296e-05
решалась,3.815967630854912e-05
жалком,3.81350189933538e-05
оставив,3.81350189933538e-05
строгие,3.813377023945429e-05
физиономию,3.812969348307116e-05
чертил,3.812313182252496e-05
недоимках,3.8104715532982853e-05
ухватил,3.810274679860228e-05
заглядывала,3.810100140412137e-05
советником,3.809959701743147e-05
играл,3.809294384767408e-05
хору,3.809210368471044e-05
задрожало,3.8085548346566984e-05
пропела,3.8085548346566984e-05
ряду,3.80802740567007e-05
поэты,3.807589479721806e-05
влюбиться,3.807410238071388e-05
недурно,3.807410238071388e-05
ратую,3.807311295650011e-05
чины,3.8069577288942294e-05
обстоятельств,3.8064521339251595e-05
закуски,3.806060606155931e-05
работе,3.805831466584842e-05
лентяя,3.805067797009153e-05
заснет,3.8046811189142945e-05
пир,3.804061604184427e-05
посадили,3.803906832350205e-05
баловника,3.803906832350205e-05
кров,3.80327816264604e-05
приличным,3.802732990508607e-05
самолюбивой,3.802494097792996e-05
дремлющей,3.801943503295388e-05
гостями,3.801223666348818e-05
несчастью,3.80073488277515e-05
разъезжая,3.8002726918492996e-05
танцуя,3.8002726918492996e-05
бранюсь,3.799943301952774e-05
кружево,3.799781529025935e-05
зажмет,3.7987504018316965e-05
мусье,3.7987504018316965e-05
настроении,3.7987504018316965e-05
семейством,3.798697857726218e-05
воспитывался,3.798469769163969e-05
управляющим,3.798469769163969e-05
видывал,3.7983946753870185e-05
тороват,3.79829814103937e-05
гладьте,3.79829814103937e-05
весельем,3.797941754517946e-05
уязви,3.796348545499222e-05
ядовитая,3.796348545499222e-05
ужаль,3.796348545499222e-05
повредить,3.7960867736637646e-05
константинополь,3.795280336353387e-05
ломает,3.795280336353387e-05
сполна,3.795125721061659e-05
круглом,3.794686839578389e-05
дымилась,3.794686839578389e-05
посвистывая,3.794276265511693e-05
придаст,3.793879523234932e-05
покидала,3.793358870680811e-05
платил,3.7933174965359655e-05
сказки,3.793185527800869e-05
бросятся,3.7921425341671855e-05
солонку,3.791891476825155e-05
обмакнешь,3.791891476825155e-05
прелестный,3.791801346626789e-05
подающий,3.791801346626789e-05
отправляющей,3.790846015583076e-05
товары,3.790846015583076e-05
казну,3.790825786166891e-05
слушаюсь,3.790213321049623e-05
начинал,3.790142289475741e-05
тонкий,3.789683836068951e-05
испытанные,3.788928731282708e-05
объяснения,3.788811751099308e-05
испытывала,3.788711127377823e-05
осадка,3.78846641768458e-05
постепенная,3.78846641768458e-05
слезла,3.788449231626347e-05
дворником,3.788056921616074e-05
молодца,3.787963594823104e-05
счастливый,3.787858410216275e-05
деспотически,3.78724539181201e-05
буфета,3.787104496347479e-05
минутой,3.786818469963705e-05
отгуляется,3.786319509630771e-05
четвертая,3.78624130049657e-05
похолодели,3.786216153318215e-05
обломовскую,3.786040553937982e-05
впасть,3.786040553937982e-05
дразнила,3.786040553937981e-05
выехали,3.786040553937981e-05
послушание,3.7852938941609944e-05
безвреден,3.7833507589077725e-05
благородного,3.7833032981594915e-05
прочного,3.7833032981594915e-05
кормишь,3.783060590469055e-05
поручение,3.7818211544073284e-05
ужинал,3.781499737692446e-05
кулаками,3.7812856996546465e-05
годам,3.7808856862810206e-05
кучере,3.779859460884535e-05
армяк,3.779859460884535e-05
дыр,3.779859460884535e-05
пудинг,3.778611772513473e-05
натолочь,3.778611772513473e-05
тревогах,3.7785542397631236e-05
саженях,3.778018662265932e-05
ручку,3.777420528855765e-05
выбирай,3.777310587748016e-05
пожаров,3.7765172894430355e-05
уборке,3.776278201021536e-05
твари,3.7761479969808994e-05
кошек,3.7761479969808994e-05
опере,3.7758366672006045e-05
теплота,3.7754867282534104e-05
посещения,3.7748045361158255e-05
рождался,3.774398174893306e-05
вымыли,3.774282352631082e-05
починили,3.774282352631082e-05
обмануться,3.774067563730008e-05
ухну,3.774067563730008e-05
болело,3.77387499232737e-05
сдвинув,3.77387499232737e-05
солжет,3.7724640554134894e-05
редкий,3.7724640554134894e-05
свита,3.7716120498165126e-05
тяжелого,3.771510623200091e-05
раздумья,3.771510623200091e-05
чиннее,3.771326032772213e-05
небольшой,3.771260705633793e-05
княжеский,3.7703800190443605e-05
фантазии,3.770234873233088e-05
необузданной,3.770234873233088e-05
охотливо,3.7696700934783014e-05
почищу,3.7696700934783014e-05
повесив,3.769121253540035e-05
мелких,3.7684929562818755e-05
жило,3.7678466333018534e-05
грядущий,3.7677026232508724e-05
хрусталь,3.767690447689962e-05
чужих,3.767080650380035e-05
расхлебывают,3.76676609060956e-05
обломовцам,3.76676609060956e-05
чашу,3.76676609060956e-05
подвиг,3.7667575533272655e-05
порядочно,3.7667070752790525e-05
прогоняли,3.766176865523645e-05
объяснением,3.765892639229494e-05
желт,3.7656874267318344e-05
удара,3.765166357403038e-05
докликался,3.765093074887437e-05
зажмешь,3.7648622744170605e-05
дьявольская,3.764671914157623e-05
стараться,3.7642198254049736e-05
столовых,3.762724903932676e-05
порешить,3.762642482092565e-05
дописать,3.762642482092565e-05
проигрался,3.761299157801665e-05
загорелись,3.761266009810918e-05
легкими,3.760588427326693e-05
помириться,3.7594904303122686e-05
отдавали,3.75943560335318e-05
откровенных,3.758861556386827e-05
подождать,3.7583086035692265e-05
птицами,3.758042894421643e-05
побегушках,3.757579729389667e-05
чисть,3.757579729389667e-05
служи,3.757579729389667e-05
жужжит,3.757134069453957e-05
холодеющим,3.757062484090549e-05
отсылал,3.757053549774532e-05
сахарница,3.756787015998235e-05
полетела,3.756787015998235e-05
приходишь,3.756718565565224e-05
струя,3.755715571311681e-05
колее,3.755534584094734e-05
пожатие,3.7555011927351124e-05
степеней,3.7555011927351124e-05
мертвое,3.755279246884386e-05
круглые,3.754524132632093e-05
следов,3.753847693878066e-05
отстряпает,3.7524426767823854e-05
шерстяное,3.7524426767823854e-05
резких,3.751051940465901e-05
наклонностей,3.751051940465901e-05
приемов,3.751051940465901e-05
избранной,3.7506511838295485e-05
сосчитает,3.750496294048745e-05
происходившую,3.74988142771732e-05
покатываться,3.74988142771732e-05
доклад,3.7493010490865726e-05
четвергу,3.7493010490865726e-05
разгулялось,3.749027398170051e-05
заплати,3.74902136172606e-05
отговорка,3.748826654245911e-05
достаточная,3.748826654245911e-05
победе,3.748381044433006e-05
нежная,3.7483344517882044e-05
надоедала,3.7483344517882044e-05
обдумать,3.7478551890104806e-05
отступив,3.7478021568925874e-05
отправлюсь,3.7476807277929744e-05
утешить,3.746755873579291e-05
неприятности,3.746755873579291e-05
стараются,3.746455964190638e-05
непринужденности,3.746455964190638e-05
позволяющей,3.746455964190638e-05
залучить,3.746455964190638e-05
покорным,3.7460955260685844e-05
достойно,3.745447525658854e-05
необыкновенно,3.7454189865635974e-05
пущенными,3.745216349628215e-05
услышат,3.744409724741434e-05
мелькнула,3.744388378230401e-05
покойников,3.744184744134089e-05
беленькие,3.743846846646338e-05
толстенькие,3.743846846646338e-05
здоровенькие,3.743846846646338e-05
печений,3.743226679878265e-05
запасы,3.743226679878265e-05
варений,3.743226679878265e-05
солений,3.743226679878265e-05
сияло,3.7431994536674634e-05
трогательным,3.7431994536674634e-05
увезли,3.7430877187764516e-05
половую,3.7430877187764516e-05
радостями,3.742315508194274e-05
пивал,3.741442718119963e-05
собирает,3.740698074228582e-05
затопишь,3.740325317691681e-05
нагреется,3.740325317691681e-05
поспешила,3.7394639475406514e-05
полымя,3.7394639475406514e-05
безобразных,3.739065803526996e-05
годика,3.738528063630458e-05
мелькнул,3.737927750278199e-05
заложила,3.736578425843516e-05
владела,3.7363816098159565e-05
заспанная,3.7358483249688086e-05
проветрись,3.7358483249688086e-05
статую,3.7354830555878984e-05
заботливой,3.735355214759924e-05
семейным,3.733764747930926e-05
обедов,3.7330403317432325e-05
взаимностью,3.732968918990941e-05
интересовало,3.732968918990941e-05
поправки,3.732790660274806e-05
шестнадцать,3.732790660274806e-05
снегу,3.732753202656355e-05
тележку,3.7315635772033975e-05
легок,3.7312106966421456e-05
протер,3.7309551685634294e-05
жестом,3.730711489081504e-05
состав,3.730706164605842e-05
подслушал,3.73055089095962e-05
полные,3.730451282685378e-05
артистов,3.730265668112173e-05
вилку,3.729396674938271e-05
сниться,3.728524566441835e-05
ковров,3.727670970163429e-05
выколачивать,3.727670970163429e-05
стирать,3.727670970163429e-05
езжал,3.7260175192386625e-05
душеньку,3.7257883656942736e-05
вазы,3.725707517749041e-05
обхождении,3.725468249543864e-05
начальству,3.724345754451445e-05
выругает,3.7237985578619696e-05
ужасное,3.7232936129096026e-05
потухал,3.723240143362408e-05
пегую,3.7229363028271566e-05
закладывай,3.7229363028271566e-05
фигуры,3.722356287837509e-05
очнется,3.722045174580332e-05
наняли,3.721932217426884e-05
отправляются,3.721932217426884e-05
вычинила,3.7217901981305895e-05
годовой,3.721336341316277e-05
невозмутимо,3.721336341316277e-05
тете,3.72101988596327e-05
нагрянет,3.720724917152762e-05
courant,3.7203979746153337e-05
тесную,3.720248486268007e-05
успокоенная,3.7201793763242626e-05
восторженно,3.7201793763242626e-05
веселая,3.7201793763242626e-05
сыграл,3.720115541478615e-05
почтовой,3.7196580697116e-05
сморил,3.719377043666193e-05
взыскательному,3.719077461783263e-05
протянет,3.7184107009292197e-05
выразится,3.718049243859595e-05
пополз,3.717352240664582e-05
зажигательное,3.715648641928442e-05
наводил,3.715648641928442e-05
приятною,3.7153964535559036e-05
шельму,3.7153107823001126e-05
пучат,3.7153107823001126e-05
восходит,3.7152867280769044e-05
определенной,3.7146284624140696e-05
идеи,3.7146284624140696e-05
увертывайся,3.7142913607942836e-05
удивляешься,3.7142843949191386e-05
засыпаю,3.7142843949191386e-05
мяса,3.7136256015865325e-05
видоизменения,3.713584720140786e-05
ерани,3.71357762752591e-05
коридору,3.713542609901389e-05
обмана,3.7134103219098796e-05
соскучишься,3.712654721152538e-05
рабочую,3.712533650350665e-05
недоумение,3.712479552504669e-05
напечатать,3.711552976122599e-05
заглядывать,3.7108339946348616e-05
картофелем,3.7100240048458433e-05
пролетит,3.709615937760536e-05
голландских,3.7089186679330045e-05
рубашках,3.7089186679330045e-05
иное,3.708219719373028e-05
порога,3.7077852953310966e-05
улучшений,3.706068115154598e-05
львов,3.7059300628957674e-05
разнообразие,3.70578512941673e-05
напрашиваются,3.70578512941673e-05
страшном,3.70574592483902e-05
прежним,3.705448098804041e-05
анализу,3.7054067825285984e-05
начинаешь,3.704691372471916e-05
пирожное,3.704519139066512e-05
просыплю,3.704519139066512e-05
вповалку,3.704316771485196e-05
плотника,3.7035331068144376e-05
мундире,3.703458758807371e-05
показывалась,3.7034423146936474e-05
тянулось,3.7034423146936474e-05
великолепное,3.7034261410917704e-05
горшки,3.7028101103347454e-05
солнечный,3.701861427862891e-05
закат,3.701861427862891e-05
оторопевший,3.701464313951638e-05
выхватил,3.7009665323145485e-05
сенях,3.7009349485171106e-05
хозяином,3.7005584898320534e-05
загладить,3.7005584898320534e-05
уладь,3.7005584898320534e-05
добудет,3.699781133072718e-05
недоступна,3.699390314488526e-05
непроницаема,3.699390314488526e-05
наблюдению,3.699390314488526e-05
насказала,3.699350566552475e-05
пустоте,3.698991273040976e-05
тоненький,3.698853423177439e-05
превозносят,3.698467764541161e-05
пощады,3.698426686596806e-05
краям,3.698397521657316e-05
кулебяки,3.697706077995908e-05
несчастлив,3.697431347381014e-05
придумывая,3.697409055382854e-05
выразило,3.696600396761376e-05
осмыслилось,3.696600396761376e-05
понадобятся,3.6964909332089506e-05
тревожь,3.696055421533968e-05
напоминай,3.696055421533968e-05
умен,3.696055421533968e-05
гибнешь,3.696055421533968e-05
развился,3.6960267672691485e-05
орехами,3.694998040659873e-05
продолжавшийся,3.694079155778246e-05
выговаривать,3.694031257194279e-05
суматохи,3.6935772391483656e-05
разделила,3.693309357668175e-05
пересохло,3.693305001616089e-05
хрипит,3.693305001616089e-05
остальную,3.6928461051811424e-05
лились,3.692136214858623e-05
болезнью,3.691753861040961e-05
повальной,3.691753861040961e-05
господствовавшей,3.691753861040961e-05
заражалась,3.691753861040961e-05
сожалением,3.6917319448229634e-05
скинуть,3.691022542182812e-05
наблюдателя,3.690081260522873e-05
игривого,3.689650754483449e-05
крепится,3.689389962961222e-05
ужасного,3.6890015204306e-05
обвел,3.688833403069684e-05
детски,3.688504376686368e-05
противиться,3.687106902296383e-05
плач,3.686270941002276e-05
замужестве,3.685654118489211e-05
сочтет,3.685654118489211e-05
высказались,3.6847030969907325e-05
отличные,3.683900494687404e-05
champetres,3.683900494687404e-05
bals,3.683900494687404e-05
отпив,3.683792928768622e-05
яблоко,3.683564720902198e-05
созрело,3.683564720902198e-05
упало,3.683564720902198e-05
легкомысленное,3.682896977361387e-05
воротить,3.6828699004818024e-05
меди,3.682783682444642e-05
тарелками,3.6825789778013246e-05
волнениями,3.6824443081567596e-05
поступку,3.6818043727901724e-05
подозревала,3.681617588736122e-05
воззрения,3.68116614369826e-05
складок,3.6809632872783706e-05
масленицы,3.680097203981298e-05
неистовое,3.6800787209317806e-05
разбудило,3.6800787209317806e-05
разгула,3.679713423304621e-05
сроком,3.6797002760854215e-05
поклонника,3.679376442053733e-05
дочитала,3.679261214406316e-05
глупа,3.679261214406316e-05
куст,3.679167051398246e-05
боковую,3.679130815133036e-05
забираясь,3.679130815133036e-05
девический,3.678838423566567e-05
ангелу,3.67859895718618e-05
улетающему,3.67859895718618e-05
европе,3.678548774214173e-05
дразнит,3.678343328994988e-05
храпенья,3.678338222504307e-05
свист,3.678338222504307e-05
просыпается,3.6778467462063584e-05
убью,3.677459428197261e-05
верное,3.677000971874788e-05
рачителен,3.676758013628541e-05
предположением,3.67669899962687e-05
отправиться,3.67669899962687e-05
одиннадцать,3.674617435710529e-05
кое,3.674427728402282e-05
убедить,3.674114091894518e-05
встретив,3.674114091894518e-05
малого,3.6728634920334486e-05
верь,3.6728634920334486e-05
наказывали,3.6727489976056794e-05
отличную,3.6724674821098465e-05
строгим,3.672168982751012e-05
охотнее,3.6720918461917504e-05
пополнела,3.6716498203732255e-05
хладнокровием,3.671047894381454e-05
невозмутимым,3.671047894381454e-05
напоила,3.670705444718785e-05
бледночернильным,3.669937067932608e-05
шествие,3.669937067932608e-05
нарушалось,3.669937067932608e-05
пятном,3.669937067932608e-05
гадки,3.6697983749314734e-05
пройдохой,3.6697983749314734e-05
любоваться,3.669430959274699e-05
деревням,3.667557245110407e-05
морском,3.667054331636487e-05
поселились,3.667054331636487e-05
тихом,3.667054331636487e-05
бегай,3.6667678238185496e-05
отстань,3.666540334116567e-05
виноваты,3.664458855672459e-05
прислушиваясь,3.664134481510678e-05
канарейках,3.663820815300209e-05
трещать,3.663820815300209e-05
черном,3.663633929722657e-05
огорчать,3.662445404109493e-05
поговаривали,3.6619455607700076e-05
перестают,3.661838834402385e-05
доканчивай,3.65961754674599e-05
тальки,3.659178247917243e-05
последствия,3.65903338001613e-05
каторжного,3.65903338001613e-05
неисходный,3.65903338001613e-05
бесчестие,3.65903338001613e-05
бодрой,3.658976009513552e-05
маятник,3.658875032586485e-05
прочно,3.6582464045948785e-05
вельможей,3.6578748626281444e-05
прожитье,3.6578748626281444e-05
ухлопали,3.6578748626281444e-05
отталкивала,3.657741515677023e-05
выведу,3.6573151121056157e-05
скиньте,3.6573151121056157e-05
замою,3.6573151121056157e-05
мигают,3.656841923107497e-05
приветливо,3.656841923107497e-05
властвует,3.6566478146058034e-05
захочет,3.656422377168759e-05
упоительно,3.656246182322025e-05
неожиданного,3.655488233024819e-05
порывистых,3.655488233024819e-05
свежести,3.654966721151963e-05
окинет,3.654855477900924e-05
негодяя,3.654549731994815e-05
казать,3.654549731994815e-05
выбрось,3.654549731994815e-05
почудилось,3.65359067255943e-05
плетня,3.653389417031914e-05
эгоистка,3.652501104867978e-05
взвыл,3.6520171632350404e-05
выбросил,3.6520171632350404e-05
сердечной,3.651864281863441e-05
опасным,3.6501016991674006e-05
уснула,3.649722730959081e-05
немногими,3.649716555306664e-05
выдала,3.6492873719446235e-05
горем,3.649046625733496e-05
убиваясь,3.649046625733496e-05
ссылалась,3.648975365487775e-05
бульвара,3.648406304185296e-05
свернули,3.648406304185296e-05
решетку,3.648053398270649e-05
тип,3.647993107607066e-05
нормальный,3.647993107607066e-05
копии,3.647815142035575e-05
одетой,3.647236528790731e-05
знающими,3.6466479438443976e-05
гривенники,3.646336467087517e-05
уменьшить,3.646243477019876e-05
настает,3.645961750935007e-05
ввожу,3.6454715046151345e-05
соображаю,3.6454715046151345e-05
улучшения,3.6454715046151345e-05
горечи,3.6430723234693984e-05
глупого,3.642404542897022e-05
развеселился,3.642071675599538e-05
оборотилась,3.641784372646889e-05
беготня,3.641059644557605e-05
уедет,3.6404405427745425e-05
дозваться,3.639431085555183e-05
теченье,3.6389809580022846e-05
кулаки,3.6386292115739353e-05
вискам,3.6386292115739353e-05
обыкновения,3.638203243204768e-05
толпу,3.637778499960492e-05
превращается,3.6370805230171135e-05
мальчику,3.636902678294023e-05
открытом,3.636893600382494e-05
сойдутся,3.636807224798383e-05
пораженная,3.636326194061029e-05
грустным,3.636326194061029e-05
матвеевичем,3.6359933726932025e-05
скорое,3.635836292416853e-05
счастливое,3.635836292416853e-05
окончание,3.635836292416853e-05
идя,3.635668005042428e-05
мешают,3.635081736351321e-05
выпьет,3.6350417048161856e-05
левую,3.634949200810867e-05
войдут,3.6347572323872515e-05
думают,3.6347572323872515e-05
нездоровы,3.6347572323872515e-05
успеете,3.6347572323872515e-05
пятистах,3.634319387012973e-05
мучаясь,3.633827106125476e-05
ершей,3.633641014304112e-05
жареная,3.633641014304112e-05
вареники,3.633641014304112e-05
левая,3.6333527564459694e-05
куртины,3.632571636000144e-05
беседки,3.632571636000144e-05
бессмысленными,3.632454519012345e-05
соусов,3.631857413070438e-05
пирожных,3.631857413070438e-05
заехать,3.631689809694285e-05
вполглаза,3.631552734920973e-05
тайной,3.631441905043352e-05
средины,3.6313055159768174e-05
избегнуть,3.6313055159768174e-05
придержаться,3.6313055159768174e-05
золотом,3.631072815523265e-05
прогулках,3.630807366840365e-05
падать,3.628458314036747e-05
индию,3.628328100956583e-05
испанию,3.628328100956583e-05
сбегала,3.628305536215082e-05
проснетесь,3.628305536215082e-05
удивилась,3.62765646980074e-05
затряслась,3.62765646980074e-05
молвил,3.62765646980074e-05
результат,3.6275410605610264e-05
знакомя,3.6275410605610264e-05
отдадите,3.6267861977754416e-05
намерениям,3.6267861977754416e-05
думы,3.62546483035177e-05
забытый,3.6254492484639104e-05
испытываю,3.624693823345062e-05
обварил,3.6241234169808945e-05
заорал,3.6241234169808945e-05
кипятком,3.6241234169808945e-05
сокровенный,3.624000615544834e-05
потрудился,3.624000615544834e-05
потускнели,3.623972912881174e-05
ивановича,3.623948613278055e-05
неполнота,3.6234085881385925e-05
неудовлетворенность,3.6234085881385925e-05
освятил,3.623251614050722e-05
спустился,3.623251614050722e-05
крошки,3.622681884576438e-05
кумир,3.622044272481148e-05
черствым,3.622044272481148e-05
довольным,3.622044272481148e-05
замолкло,3.6220396187342064e-05
благ,3.621783182658657e-05
пребывания,3.6210109699301835e-05
приобретать,3.6197058827595104e-05
маятником,3.619641072383608e-05
исполненное,3.619180481387224e-05
акций,3.6184806765218126e-05
надает,3.6184806765218126e-05
вертись,3.6184046550129824e-05
облокотиться,3.618399318886369e-05
смети,3.618399318886369e-05
истину,3.618138152424884e-05
заплатки,3.618026121489753e-05
размахи,3.618016687778662e-05
натянул,3.617671509942775e-05
зайдет,3.617581012033549e-05
хандра,3.617361053248915e-05
пустое,3.617361053248915e-05
крестины,3.6168189597459955e-05
картиной,3.6167080249227546e-05
свободного,3.6163286989514685e-05
домелю,3.6162565817059266e-05
прибавляют,3.6161094072203466e-05
природное,3.6155292153206685e-05
невредимо,3.6155292153206685e-05
накинул,3.614786413336571e-05
раздел,3.614786413336571e-05
перепало,3.613890371183257e-05
петербургский,3.613615502027438e-05
сигар,3.613615502027438e-05
гостинец,3.613615502027438e-05
приложи,3.613615502027438e-05
норе,3.6131005759226826e-05
крот,3.6131005759226826e-05
поговорит,3.6118776322707164e-05
англичанах,3.6113418204944576e-05
французах,3.6113418204944576e-05
сдать,3.6109311085452194e-05
облегчается,3.610910471593522e-05
частыми,3.610910471593522e-05
мерцающими,3.6108228665753305e-05
плавать,3.6103766618219036e-05
миньятюрных,3.6101329464709324e-05
линию,3.609987092042115e-05
отступает,3.609701601405219e-05
занимать,3.6089066048398575e-05
кровлю,3.608498189879411e-05
начинаю,3.607769484566101e-05
усмехнется,3.606858673951863e-05
впивался,3.606293603986506e-05
подернулось,3.606058634001309e-05
припрыгнул,3.605429373930858e-05
раскаялся,3.605429373930858e-05
сказанное,3.605212713798487e-05
почтительном,3.604619588339206e-05
чиханье,3.604619588339206e-05
расстоянии,3.604619588339206e-05
ограничивался,3.604619588339206e-05
нюханье,3.604619588339206e-05
поклонением,3.604619588339206e-05
всеобщее,3.604619588339206e-05
плеванье,3.604619588339206e-05
толстой,3.6029263549321015e-05
вольный,3.602888060573814e-05
затеешь,3.602888060573814e-05
казак,3.602888060573814e-05
попадешься,3.602595815830341e-05
направлю,3.602595815830341e-05
скалить,3.602595815830341e-05
допросишься,3.6017971084015836e-05
трепете,3.601358553159133e-05
теплая,3.600261460834206e-05
обокрали,3.600261460834206e-05
старится,3.6001402785324404e-05
бесконечный,3.600047665580565e-05
журналы,3.600031465774934e-05
книжной,3.600031465774934e-05
ложитесь,3.59937624980428e-05
упадете,3.59937624980428e-05
ошибетесь,3.59937624980428e-05
летел,3.598979936725705e-05
рев,3.5974958125107565e-05
примите,3.5972531403864164e-05
муравьи,3.5971003596684316e-05
подняла,3.595898588832052e-05
улыбаться,3.595805118927068e-05
видения,3.595702776920036e-05
гниль,3.595548283192664e-05
просыпаться,3.595476170339457e-05
жителей,3.5948443669872036e-05
булочками,3.5941427984921077e-05
сухариками,3.5941427984921077e-05
кормление,3.5941427984921077e-05
сливочками,3.5941427984921077e-05
вынули,3.591542155714966e-05
лакированные,3.591517534763166e-05
осмелишься,3.591242722472147e-05
белизной,3.589728086723176e-05
блистало,3.589728086723176e-05
лысине,3.589728086723176e-05
жался,3.5893290552075e-05
объятый,3.5893290552075e-05
лакейскому,3.588728920129946e-05
выпытывала,3.5885207369893446e-05
передавали,3.5878160302200046e-05
умозрительным,3.5877923891472524e-05
октябрь,3.587731118225394e-05
сентябрь,3.587731118225394e-05
жиды,3.587383521925866e-05
одеть,3.587276593040656e-05
велю,3.587276593040656e-05
цепочку,3.5863313297273465e-05
выставлены,3.585380303984494e-05
наруже,3.585380303984494e-05
рюмкой,3.584193118561359e-05
именинах,3.584018801859611e-05
манерах,3.5833876204696534e-05
машины,3.58325791233115e-05
становясь,3.58325791233115e-05
тонкого,3.583123090399546e-05
улыбается,3.583040356742762e-05
заменить,3.5822536981982524e-05
решившись,3.5822536981982524e-05
побежденный,3.5816431154198794e-05
вылез,3.580641992290413e-05
поймет,3.5804515817361146e-05
шинели,3.580141879379639e-05
ваточном,3.580141879379639e-05
приготовлен,3.579996089498516e-05
можем,3.579551653876087e-05
смущение,3.579449375689451e-05
выдумывают,3.578033919481391e-05
объяснил,3.578033919481391e-05
карет,3.5775721756253703e-05
стучатся,3.576451130200902e-05
пропускающим,3.5764015554112894e-05
указанного,3.575641545194109e-05
полшага,3.575641545194109e-05
отсутствием,3.5742686169233674e-05
устроены,3.5742677330591135e-05
удвоилось,3.5740745369715534e-05
глядите,3.5740745369715534e-05
услал,3.5737272559139226e-05
торжественной,3.5730023675581276e-05
пускали,3.56965389364561e-05
вырывалось,3.568767939868707e-05
востро,3.568573895480954e-05
слушателе,3.568461204040042e-05
шевельнулся,3.568461204040042e-05
сосчитав,3.5675273230164744e-05
вручить,3.566722340991017e-05
неумышленное,3.566141628251562e-05
нашлось,3.566141628251562e-05
комплимента,3.566141628251562e-05
мщение,3.566141628251562e-05
окошка,3.566097695893043e-05
равнодушием,3.5658802847115045e-05
обиженная,3.5658802847115045e-05
нотой,3.565636586084427e-05
мягкой,3.565636586084427e-05
обласкали,3.564501307081246e-05
успокоили,3.564501307081246e-05
простили,3.564501307081246e-05
головного,3.563579271725834e-05
концом,3.563579271725834e-05
посмеет,3.563389402555958e-05
дорогим,3.563113368492146e-05
переставлял,3.563002579490119e-05
бессмыслица,3.563002579490119e-05
соседство,3.563002579490119e-05
корыстолюбивых,3.56254476224372e-05
поблекшей,3.5624561392990766e-05
древний,3.5619812345389394e-05
разумом,3.56160006885649e-05
перенесла,3.5611436226808184e-05
удивятся,3.560692810606429e-05
обрадуются,3.560692810606429e-05
горошком,3.559654822102564e-05
приготовят,3.559654822102564e-05
бифштекс,3.559654822102564e-05
бродит,3.559519470965059e-05
набегают,3.558966790285207e-05
контрактом,3.558707352554432e-05
лишние,3.5584262051750074e-05
пустякам,3.555640676760659e-05
роскоши,3.55563814508349e-05
долгом,3.555570231145058e-05
опущена,3.554253495749701e-05
божией,3.554253495749701e-05
зги,3.554253495749701e-05
штора,3.554253495749701e-05
признаниям,3.554003644677186e-05
услыхали,3.55379976618929e-05
отказали,3.5535441149667893e-05
яду,3.5533482752767225e-05
изведешь,3.5531227282139814e-05
кружев,3.551784010631464e-05
выстроить,3.55135559215074e-05
рыжая,3.5510022516118145e-05
рыжие,3.5510022516118145e-05
вороная,3.5510022516118145e-05
помещиков,3.550899332924457e-05
поре,3.5508288893296776e-05
коснувшись,3.550766515197714e-05
начальнику,3.5503738211644e-05
годами,3.550164138712031e-05
грустнее,3.5499828595437245e-05
проронит,3.549873393804674e-05
песнь,3.549682146901687e-05
пролюбить,3.5494208257724314e-05
заступило,3.5492026507257535e-05
немое,3.5492026507257535e-05
просим,3.54902777122458e-05
крестин,3.549011023118274e-05
тропой,3.54893203765731e-05
допустила,3.547767026870952e-05
размен,3.547767026870952e-05
угрожающий,3.547129087998341e-05
жест,3.547129087998341e-05
теории,3.547113558716784e-05
действий,3.547095383319793e-05
поспевать,3.546617956038375e-05
торопливостью,3.546617956038375e-05
томительною,3.546617956038375e-05
оборотил,3.5459826208050096e-05
лунному,3.5459826208050096e-05
купала,3.54593823658222e-05
топнули,3.545667440316994e-05
волочит,3.545667440316994e-05
веселость,3.5454461474420786e-05
умерла,3.54525920127501e-05
проговаривается,3.545022956548512e-05
ананас,3.544215972161022e-05
вспоминая,3.543796867458562e-05
мечту,3.543796867458562e-05
согласии,3.543796867458562e-05
разлюбите,3.543407324094651e-05
больная,3.543402260443856e-05
ясность,3.540663472093833e-05
лихорадку,3.5405390915072486e-05
уезжать,3.54025726010421e-05
ожидаете,3.54025726010421e-05
строгом,3.5398119971750466e-05
храпеть,3.539631975862714e-05
избавите,3.5390527177024634e-05
задушило,3.5385879300164704e-05
объятие,3.5385879300164704e-05
оценили,3.538560302463859e-05
зажигая,3.538520421579553e-05
замерло,3.5376462985758904e-05
разъездов,3.537520178997177e-05
огородам,3.537446398631612e-05
любимой,3.537246170199714e-05
нации,3.537169132519688e-05
джентльмена,3.537169132519688e-05
разорились,3.53707846257355e-05
сдерживая,3.536447472136923e-05
засуху,3.536440597451065e-05
гладил,3.5349279236591155e-05
пытая,3.53413417821402e-05
робость,3.5310120453558687e-05
пронзали,3.530249662715385e-05
садик,3.529562210769222e-05
толпились,3.5293828045592505e-05
мыслительной,3.5290756457848065e-05
мудреным,3.5290756457848065e-05
польшу,3.5285914066836157e-05
толках,3.5281498942204524e-05
примерно,3.5271836980375525e-05
этаж,3.526479910975913e-05
назначался,3.526479910975913e-05
верхний,3.526479910975913e-05
готовиться,3.526087607941971e-05
дичи,3.525427373148415e-05
прямую,3.525427373148415e-05
вспыхивал,3.5253477587814906e-05
доброму,3.5247470912664186e-05
подготовленного,3.5237087035516084e-05
наклонясь,3.5233273363198654e-05
какою,3.521979446849877e-05
колено,3.5218430856534296e-05
созрели,3.521220967908924e-05
развились,3.521220967908924e-05
пробегала,3.5209407553762576e-05
удовольствиях,3.520932974141654e-05
заболтался,3.520017295188723e-05
потускли,3.519041124444814e-05
разбросала,3.518884844062196e-05
идеалу,3.518820779243508e-05
разбудит,3.51873076872659e-05
похвалить,3.518723526642685e-05
мудрое,3.518317336433388e-05
обежит,3.5175436640146296e-05
прячется,3.5175436640146296e-05
мышь,3.5175436640146296e-05
битое,3.517284956701225e-05
накрытый,3.517284956701225e-05
матвеичем,3.517229211861255e-05
случая,3.517187405700357e-05
сделайте,3.517150596340671e-05
строят,3.516936108052516e-05
ковы,3.516936108052516e-05
gut,3.516936108052516e-05
погубить,3.516936108052516e-05
mein,3.516936108052516e-05
враги,3.516936108052516e-05
recht,3.516936108052516e-05
junge,3.516936108052516e-05
злобствуют,3.516936108052516e-05
lieber,3.516936108052516e-05
сияющий,3.5161078671967715e-05
дворни,3.515082176698407e-05
старинном,3.5145247926229876e-05
прояснялся,3.51393497410722e-05
пообтерся,3.513734023991442e-05
провались,3.5135287571913346e-05
восстал,3.513271352602686e-05
суеты,3.513271352602686e-05
подарить,3.513212966549642e-05
концертах,3.513091905965936e-05
загородных,3.513091905965936e-05
заменился,3.5128138587020786e-05
озираньем,3.5128138587020786e-05
вдохновенный,3.5128138587020786e-05
спутники,3.512245916731373e-05
проехали,3.512245916731373e-05
собственная,3.5120351225045584e-05
нализаться,3.511876265253098e-05
существованием,3.511685108470852e-05
дотрогиваясь,3.5114707774741765e-05
горла,3.5114707774741765e-05
процессия,3.511332680984789e-05
подсматривать,3.51120447460086e-05
свидетелей,3.51120447460086e-05
здорового,3.5103236362875804e-05
климат,3.5103236362875804e-05
крепкие,3.510063313062223e-05
совершилось,3.509773165742275e-05
отказывайтесь,3.509144618977777e-05
увольте,3.509144618977777e-05
расстроишься,3.508761814308966e-05
вынудила,3.508761814308966e-05
задумываться,3.508544212989408e-05
ускоряя,3.5084849947927786e-05
откупа,3.507963745813454e-05
понятно,3.507963745813454e-05
разбогател,3.507963745813454e-05
балкона,3.507963386946449e-05
суетился,3.507605481173669e-05
предсмертного,3.507097680079793e-05
стона,3.507097680079793e-05
приветствие,3.5051029163705136e-05
троекратным,3.5051029163705136e-05
стройные,3.504929110147933e-05
добываете,3.50491913176068e-05
лукав,3.503260693566682e-05
унесли,3.503260693566682e-05
бросался,3.5024060507151476e-05
расшибется,3.501655995844958e-05
жуковский,3.50153826233174e-05
батюшков,3.50153826233174e-05
расскажут,3.501201818853554e-05
отложу,3.4999884913072304e-05
набросаю,3.4999884913072304e-05
прибавляются,3.499856067221029e-05
хитрят,3.499856067221029e-05
ограниченные,3.499856067221029e-05
восемьдесят,3.499474353663388e-05
пожаром,3.4992373214746434e-05
обнажаться,3.498217409334941e-05
чиновником,3.498217409334941e-05
поступали,3.4969102592379663e-05
вынимала,3.496849182880953e-05
феномен,3.496840445150999e-05
примеры,3.496840445150999e-05
указывают,3.496840445150999e-05
патетическую,3.496259210227768e-05
предчувствуя,3.496259210227768e-05
ответственности,3.496135738045639e-05
ободрился,3.496135738045639e-05
снимала,3.496135738045639e-05
криками,3.495943636776312e-05
питали,3.495417926548476e-05
такова,3.4953123722287924e-05
курил,3.49514123927418e-05
обновлять,3.4943733010346276e-05
ишь,3.49429918363854e-05
задайте,3.49429918363854e-05
ребята,3.49429918363854e-05
отчаивался,3.493956375401763e-05
замерзнет,3.493818932434552e-05
земной,3.493818932434552e-05
шар,3.493818932434552e-05
нанялся,3.4931430986484736e-05
стар,3.4931430986484736e-05
ознобил,3.4931430986484736e-05
бюро,3.492629385877894e-05
туфлю,3.492553215271435e-05
кучерами,3.4924688214741705e-05
обращенных,3.4924688214741705e-05
выбрался,3.4924635345622114e-05
супа,3.491548365305632e-05
терять,3.4912603881620016e-05
расположен,3.490687546058287e-05
существенной,3.4902515544484936e-05
цепей,3.490049428992012e-05
обрадованная,3.490049428992012e-05
вене,3.4896458379433205e-05
вручил,3.4896458379433205e-05
кредитивные,3.4896458379433205e-05
мечтам,3.489266183061589e-05
получило,3.488550444266021e-05
прибрал,3.48812712204634e-05
анализировал,3.487763907935832e-05
обтерпелась,3.486645570560323e-05
благословлять,3.486554802209618e-05
прожжено,3.486384583665089e-05
подбородка,3.486384583665089e-05
багровой,3.486384583665089e-05
победу,3.486061748805626e-05
протекал,3.4857200398326096e-05
камни,3.484517716225555e-05
вдовеет,3.484130712362811e-05
лад,3.484130712362811e-05
кожи,3.483756147419574e-05
выдергивает,3.483384537235958e-05
владычества,3.481624836035922e-05
суету,3.481616194523527e-05
погонит,3.481200029503238e-05
заикнитесь,3.481200029503238e-05
коленях,3.480900057420991e-05
кажет,3.479382118861974e-05
существующим,3.47933670753123e-05
оттреплет,3.47925966681098e-05
оттрепал,3.47925966681098e-05
уходом,3.4778973744827336e-05
ненарушимая,3.4778973744827336e-05
водворилась,3.4778973744827336e-05
симметрично,3.477443464688482e-05
выпускать,3.477009601760262e-05
постройки,3.476988301450989e-05
материалов,3.476988301450989e-05
хозяйское,3.47638405473132e-05
часах,3.476238874914627e-05
отнекивалась,3.476048424531847e-05
донести,3.475102615667628e-05
деликатный,3.475035423859452e-05
тронешь,3.475035423859452e-05
оберешься,3.475035423859452e-05
затишьях,3.474901667922318e-05
посещаемых,3.474901667922318e-05
родимой,3.4747968522101547e-05
матушки,3.4747968522101547e-05
перекрещу,3.4747968522101547e-05
конторы,3.474335935900133e-05
привязался,3.4742250885028275e-05
принадлежал,3.473932756818974e-05
эпохам,3.473932756818974e-05
отыскивали,3.473895571840924e-05
успокоивала,3.472657747405584e-05
валяются,3.472633443128998e-05
самостоятельная,3.47236071524458e-05
булки,3.4718542874537996e-05
сдобные,3.4718542874537996e-05
рассыпчатые,3.4718542874537996e-05
мясника,3.471769720117723e-05
хлебника,3.471769720117723e-05
зеленщика,3.471769720117723e-05
прачки,3.471769720117723e-05
вытянув,3.4714415073634975e-05
сотворил,3.471091802722584e-05
ручаюсь,3.4710737519658997e-05
клясть,3.470874670540241e-05
расстался,3.470874670540241e-05
тоскливом,3.4699894122873574e-05
неблагодарен,3.4698088963776774e-05
отыскание,3.4698088963776774e-05
буквами,3.469378044415142e-05
замолчу,3.4690818841817466e-05
уходите,3.4690818841817466e-05
страшные,3.4685510823913135e-05
дров,3.468466274550927e-05
притихла,3.4684210007044654e-05
смигнув,3.4684210007044654e-05
удовольствии,3.467901615516373e-05
преследует,3.467598872686255e-05
покрикивать,3.467008239980441e-05
пересыпать,3.466779307635949e-05
трудится,3.466148945660656e-05
делаясь,3.466082092355828e-05
попросят,3.4653064416669144e-05
наберу,3.4653064416669144e-05
мизинца,3.46512911416142e-05
выпрямлялась,3.4650874064960345e-05
ворочались,3.4650874064960345e-05
иисус,3.465000842628968e-05
навин,3.465000842628968e-05
движись,3.465000842628968e-05
смешного,3.4648887420833206e-05
кучи,3.4644002530141436e-05
возрождению,3.464384925569399e-05
расписки,3.4636401635776996e-05
прятал,3.463528113654494e-05
нерешительности,3.463176162032022e-05
убегая,3.4630310100727213e-05
дворников,3.4630310100727213e-05
зажимая,3.4630310100727213e-05
изумленных,3.4630310100727213e-05
сообщает,3.462985049674771e-05
третьегодичных,3.462985049674771e-05
изумится,3.462537728455534e-05
поймана,3.462479996044728e-05
припадком,3.46237384982428e-05
прах,3.4618568267691055e-05
непрочен,3.4616987280411425e-05
штукатурка,3.4616987280411425e-05
валится,3.4616987280411425e-05
отстала,3.4616987280411425e-05
заметь,3.461608611949808e-05
ошибались,3.461608611949808e-05
удел,3.460969723969737e-05
бегите,3.4607468212928365e-05
старания,3.4606848190526224e-05
подопрет,3.460628179426539e-05
пришлет,3.4604582134929104e-05
рисовала,3.459968498954432e-05
лаять,3.459138770110443e-05
залезли,3.459138770110443e-05
наскучил,3.459084200885025e-05
переезжайте,3.4580821477571606e-05
наладили,3.4580821477571606e-05
переделывать,3.4580821477571606e-05
жирный,3.4572941447364674e-05
берем,3.4558852647273075e-05
трактира,3.4558852647273075e-05
бумажным,3.4557463066804155e-05
милее,3.455712849195811e-05
подкосились,3.455569302219747e-05
директора,3.455500872621768e-05
линейки,3.455500872621768e-05
видах,3.455423158883855e-05
отпускалось,3.455423158883855e-05
жирно,3.455423158883855e-05
проклятиями,3.454714815238943e-05
злостью,3.454702457894083e-05
непрошеные,3.454702457894083e-05
ветерка,3.4546839287236285e-05
изображение,3.454256225408976e-05
женитьбы,3.454256225408976e-05
неудобств,3.454256225408976e-05
покои,3.4541874388414694e-05
схватив,3.453818500116732e-05
бросившись,3.453818500116732e-05
пробудь,3.452926402346388e-05
дальнейшее,3.4524768421348914e-05
собран,3.451817925477126e-05
догадками,3.4516516225791815e-05
терзаю,3.4516516225791815e-05
глубине,3.450803923205567e-05
задерживать,3.450648998148398e-05
разврат,3.450503193985669e-05
обличайте,3.450503193985669e-05
посоветуюсь,3.4500772367807364e-05
фамильярно,3.4490435631008436e-05
пропивал,3.448775758542693e-05
пропил,3.448775758542693e-05
несвежи,3.4486701128861134e-05
научить,3.447946764738921e-05
слетаю,3.447634127748309e-05
бойкие,3.446677591119558e-05
одними,3.445802705017874e-05
набирается,3.445746772394133e-05
неисправим,3.445233956223098e-05
семеныч,3.445233956223098e-05
луча,3.445154058379742e-05
страны,3.444260481650476e-05
вздыхают,3.443505005821322e-05
подбирала,3.443345036392908e-05
семейном,3.443092176738045e-05
разрешился,3.443092176738045e-05
пуговицами,3.4426123845923214e-05
вопль,3.44147063623708e-05
испустил,3.44147063623708e-05
наводило,3.44129553665734e-05
чуждые,3.44129553665734e-05
ботинками,3.440312373563471e-05
трещал,3.440312373563471e-05
закипели,3.4402828338060457e-05
выпьешь,3.440199271796274e-05
покачивая,3.439878547480763e-05
утверждать,3.439878547480763e-05
редких,3.439724170971162e-05
благотворный,3.43890458087513e-05
рвется,3.4379264193393735e-05
вызывает,3.4379264193393735e-05
распоряжение,3.437770314253728e-05
показала,3.436194381677569e-05
сбрось,3.434490407976519e-05
отлетит,3.434490407976519e-05
осадок,3.4340081937727036e-05
отодвинула,3.4339411447649434e-05
ушиба,3.433844509082999e-05
отделан,3.433844509082999e-05
птичий,3.432676581500928e-05
старше,3.432226251216043e-05
заклада,3.432168874121897e-05
документы,3.432168874121897e-05
шестидесяти,3.431768187679142e-05
завещал,3.431724852547627e-05
приглядеть,3.431724852547627e-05
воротнички,3.4311937564419504e-05
дворнику,3.431004864256649e-05
оплеуху,3.430556547756525e-05
многими,3.43053869467303e-05
оправдан,3.43053869467303e-05
звездами,3.430427269821407e-05
двигатель,3.430067531693934e-05
единственный,3.430067531693934e-05
греза,3.42936191300535e-05
наружностью,3.4285809193935e-05
медную,3.428482485029102e-05
поймем,3.4284151894407065e-05
дойдем,3.4284151894407065e-05
полинявшими,3.4283804927286246e-05
ситцевыми,3.4283804927286246e-05
драпированы,3.4283804927286246e-05
изберет,3.428093795996998e-05
вздрагивают,3.427686847362657e-05
насущного,3.427515210471202e-05
снуют,3.427456144195044e-05
начерно,3.427211713446931e-05
перепишет,3.427211713446931e-05
услужливая,3.426919832503438e-05
долгим,3.426795129878517e-05
певучим,3.426795129878517e-05
дослушал,3.425769503845937e-05
абонировался,3.425769503845937e-05
абонемента,3.425769503845937e-05
божество,3.425403106148995e-05
песком,3.425041420757743e-05
захворала,3.424629526639667e-05
отуманенный,3.424456068518316e-05
пробежит,3.424373350626401e-05
амбара,3.4241016152470874e-05
яиц,3.4241016152470874e-05
поменее,3.423525237889134e-05
отобедаем,3.4229209326061476e-05
зовете,3.42272190691624e-05
бывали,3.422674671531087e-05
сообщу,3.422435158154157e-05
злую,3.4218804548933284e-05
колотушку,3.420938106444494e-05
старших,3.420938106444494e-05
сказанный,3.420229891138499e-05
любопытен,3.420229891138499e-05
добрыми,3.419577302039567e-05
устроит,3.417508551436831e-05
прошедшем,3.416929149030315e-05
беглых,3.415449302130946e-05
развлечь,3.4149181864565834e-05
положенные,3.414187037886138e-05
держалось,3.413614641685528e-05
успокаивался,3.413602235068036e-05
противоположного,3.413547050871115e-05
здания,3.413547050871115e-05
прибавит,3.413023314295139e-05
обольет,3.412982849702181e-05
переписана,3.412402521125818e-05
отослана,3.412402521125818e-05
засвидетельствована,3.412402521125818e-05
красны,3.412270800478506e-05
пьешь,3.412270800478506e-05
спинку,3.4117911909719265e-05
высморкается,3.41117126080201e-05
известные,3.4109443562348765e-05
небывалые,3.4109443562348765e-05
откроются,3.4109443562348765e-05
достань,3.410287600234916e-05
подвинув,3.4099418212077856e-05
точить,3.409567634409448e-05
убранстве,3.409510976202931e-05
хлопочи,3.409510976202931e-05
берусь,3.409510976202931e-05
веничек,3.4090690361957285e-05
поспешили,3.4085640566013904e-05
приволье,3.4084755275736566e-05
галстука,3.4084755275736566e-05
растроганная,3.4080810624408025e-05
взволнованная,3.4080810624408025e-05
вскрикнула,3.407957318611506e-05
гневаться,3.4078998561871016e-05
склонилась,3.407695473294964e-05
посиневших,3.407695473294964e-05
захватила,3.407482919917321e-05
переправиться,3.407482919917321e-05
лидинька,3.407014302095575e-05
влезет,3.406798151028962e-05
твердостью,3.406564125006861e-05
вооружаться,3.406564125006861e-05
хлопьями,3.4058729838636586e-05
устилал,3.4058729838636586e-05
валил,3.4058729838636586e-05
сладкой,3.405765288556543e-05
богаты,3.405639761859465e-05
сличить,3.405639761859465e-05
бедны,3.405639761859465e-05
достигло,3.4051823368481824e-05
событиями,3.405017590380127e-05
заметок,3.403262661550973e-05
профессоров,3.403148449878898e-05
киев,3.4022044178793714e-05
всеобъемлемостью,3.4018520502171615e-05
дюжину,3.401205956986699e-05
окном,3.401162741433972e-05
бодрствовал,3.4009426651423635e-05
отгонишь,3.3993956154425165e-05
отсрочишь,3.3993956154425165e-05
близкие,3.398558576263286e-05
воскресенью,3.39815323837827e-05
неуменьем,3.3975015979078384e-05
члены,3.397313238587304e-05
удовлетворенных,3.3966827334002115e-05
одолевала,3.3963149896210726e-05
надежде,3.3963068633397454e-05
бриться,3.395871428458979e-05
объяснили,3.394998740506698e-05
поток,3.3947661086627185e-05
раздражительные,3.3942082305386723e-05
происходили,3.3942082305386723e-05
природным,3.39407471861702e-05
замирала,3.393956324347928e-05
помолчать,3.3939433614475734e-05
жалею,3.393591665917962e-05
загадочное,3.39345281164674e-05
созданной,3.393069787571704e-05
кафтан,3.393027441111778e-05
останавливайся,3.3928140793581855e-05
провозишься,3.392685906631909e-05
хлопотам,3.392685906631909e-05
форелей,3.392576625622667e-05
mais,3.3914986845809e-05
vient,3.3914986845809e-05
dire,3.3914986845809e-05
протокол,3.391278347091903e-05
предписания,3.391278347091903e-05
пиру,3.390543059684816e-05
графы,3.390012452426832e-05
генералы,3.390012452426832e-05
будочник,3.389154476689319e-05
оханье,3.388852597141709e-05
яичка,3.3885188328982995e-05
уписалась,3.3885188328982995e-05
увижусь,3.3877837836118024e-05
завалинке,3.387153041143984e-05
иную,3.3870194827052765e-05
полезен,3.386702052110506e-05
тоскую,3.386702052110506e-05
забавляет,3.386702052110506e-05
приятен,3.386702052110506e-05
извинился,3.386538233728873e-05
варьяции,3.385459624577892e-05
сегодняшний,3.384569485629031e-05
разрешила,3.384569485629031e-05
подмывало,3.384471781917957e-05
выученного,3.384395400823707e-05
облиться,3.384195545389055e-05
замереть,3.384195545389055e-05
посылаешь,3.3837589687305186e-05
отбить,3.3837589687305186e-05
зажгут,3.383680106813662e-05
капли,3.383324752369431e-05
водяная,3.3829033340889204e-05
дотянет,3.3829033340889204e-05
спросив,3.3816145819143445e-05
веяло,3.381495158946761e-05
ливень,3.381342693265639e-05
прищурилась,3.3811440538620407e-05
засматриваться,3.3803475132679763e-05
луну,3.3803475132679763e-05
шутим,3.380141363606057e-05
дикий,3.379757282987018e-05
сюртучок,3.379757282987018e-05
нормальная,3.3790142340287865e-05
наговорил,3.3788623950518066e-05
взятые,3.3782933273263896e-05
страдало,3.3781724341988036e-05
убранною,3.377922633296211e-05
завопит,3.3779000661232316e-05
мрака,3.3774105096346074e-05
спящих,3.377334464926108e-05
палка,3.37710354783913e-05
потчеванья,3.376587706823051e-05
троекратного,3.376587706823051e-05
царствовал,3.376566732034259e-05
колыбель,3.376558572041958e-05
опоры,3.376540338091286e-05
отрывается,3.376540338091286e-05
преграды,3.376280446320623e-05
соусу,3.3760908957145305e-05
графу,3.374737811289733e-05
сошьет,3.374737811289733e-05
ночно,3.3740088551225155e-05
денно,3.3740088551225155e-05
воротиться,3.3739545474593686e-05
подсказывая,3.3737952495940084e-05
баловал,3.3737952495940084e-05
уездные,3.3733436377228986e-05
баллотироваться,3.3733436377228986e-05
пожелали,3.3733436377228986e-05
порядочного,3.3728749268557205e-05
разочаровать,3.3728749268557205e-05
рекомендую,3.3728749268557205e-05
всепоглощающий,3.372749961279939e-05
истинное,3.372749961279939e-05
подобие,3.372749961279939e-05
непобедимый,3.372749961279939e-05
темная,3.372562209055043e-05
родительском,3.372562209055043e-05
тишину,3.3721697267059464e-05
нарушает,3.3721697267059464e-05
комизм,3.371937314820497e-05
пятачку,3.3712138016763896e-05
крикнет,3.3712138016763896e-05
принимает,3.3704973779734604e-05
торопливого,3.3702726870687396e-05
приветствий,3.3702686375340994e-05
осунулся,3.3692462173566415e-05
балета,3.369141241770265e-05
приглашал,3.369141241770265e-05
шейного,3.3687624243926114e-05
затрепетали,3.3687624243926114e-05
перепутает,3.3681948509758697e-05
выведет,3.3681948509758697e-05
ответственность,3.3681168911978735e-05
сжимала,3.3679610778961764e-05
предвидя,3.367598763998145e-05
гордым,3.364369550185382e-05
казенного,3.364334688945457e-05
живая,3.3642686754936875e-05
инструменте,3.364048088762714e-05
сойдется,3.364048088762714e-05
оранжерею,3.363846889086248e-05
упиваясь,3.363846889086248e-05
забудут,3.363440756954357e-05
страдать,3.3619937531965254e-05
избавлен,3.3619937531965254e-05
вступает,3.360942851001112e-05
выскочит,3.360379056783153e-05
крадеными,3.359311403969631e-05
торговала,3.359311403969631e-05
толкучем,3.359311403969631e-05
платьями,3.359311403969631e-05
изношенными,3.359311403969631e-05
расстройстве,3.357021530876513e-05
вечере,3.357021530876513e-05
приказать,3.356782249329837e-05
скрипи,3.355853856030656e-05
серебре,3.3558119727330175e-05
кротких,3.355019494528295e-05
недрах,3.353777296115566e-05
бюджета,3.353322346734083e-05
ведал,3.353322346734083e-05
подбегут,3.353163530282046e-05
вскрикну,3.353163530282046e-05
взгляну,3.353163530282046e-05
испугаюсь,3.353163530282046e-05
убивалась,3.3530137661830034e-05
проводила,3.352849723702896e-05
сочинения,3.352532603830153e-05
российский,3.352532603830153e-05
покладываться,3.3522196280598934e-05
уклоняясь,3.3522196280598934e-05
окончания,3.3517482617379143e-05
решительное,3.3517482617379143e-05
предпринять,3.3517482617379143e-05
удовлетворенный,3.351370186117508e-05
пятиминутным,3.351370186117508e-05
давешний,3.3511750890426536e-05
правах,3.3511750890426536e-05
войну,3.35079560936784e-05
помочи,3.350506700799179e-05
невыразимого,3.3502070020057574e-05
построение,3.350099411714914e-05
пожертвуйте,3.350099411714914e-05
милосердные,3.350099411714914e-05
храма,3.350099411714914e-05
вещами,3.350053757100225e-05
камердинер,3.349840248941495e-05
чулках,3.349380884546795e-05
присутственные,3.349219376626469e-05
расширялась,3.348969871783183e-05
арена,3.348969871783183e-05
слыхали,3.348203285991578e-05
мужу,3.347920937463425e-05
заразила,3.347747213630416e-05
попадались,3.3469461516238584e-05
кланялись,3.3469461516238584e-05
искреннее,3.3465402980370765e-05
копоть,3.346536547413082e-05
отмывает,3.346536547413082e-05
почудились,3.346077156175993e-05
дрогнул,3.346077156175993e-05
промахнулся,3.345972214303014e-05
полстакана,3.3458121172837244e-05
неожиданным,3.345264709352318e-05
обильным,3.345264709352318e-05
бесконечным,3.345264709352318e-05
последствиям,3.345264709352318e-05
построить,3.344665434542775e-05
тайне,3.3445337103679514e-05
рой,3.343686268601965e-05
составляли,3.342021119239443e-05
нужную,3.3409336831647363e-05
астрахани,3.3409336831647363e-05
отправил,3.3409336831647363e-05
слиться,3.340585555860197e-05
руководитель,3.340585555860197e-05
вождь,3.340585555860197e-05
подсказывала,3.340414092982909e-05
уклоняюсь,3.3401719051270146e-05
трудная,3.3401719051270146e-05
любителя,3.3401719051270146e-05
сомнительная,3.3401719051270146e-05
скаредном,3.340051397655425e-05
задумчивый,3.338464926922237e-05
простыми,3.338421717275505e-05
язвами,3.338421717275505e-05
египетскими,3.338421717275505e-05
перебивал,3.338296451110509e-05
лучший,3.3377174029769696e-05
дельному,3.337285591085804e-05
расстроили,3.337285591085804e-05
виноватее,3.336258745296813e-05
валетами,3.336258745296813e-05
заражая,3.336258745296813e-05
тройками,3.336258745296813e-05
предания,3.335922354599332e-05
печалей,3.33573020677379e-05
завозилась,3.335392822080296e-05
зелеными,3.335163395157638e-05
ускользнул,3.3348737148385166e-05
входа,3.3348737148385166e-05
проскакивать,3.334846035651054e-05
наивные,3.3345067860654196e-05
признания,3.334240507020211e-05
неизбежного,3.334240507020211e-05
выпускает,3.3337945579755856e-05
ревнивее,3.3337945579755856e-05
главную,3.3337945579755856e-05
летели,3.333342094033795e-05
расстроена,3.3327886706787715e-05
значительная,3.332403121256333e-05
сопровождалась,3.332403121256333e-05
стонами,3.332403121256333e-05
талеров,3.332249387831603e-05
котомку,3.332249387831603e-05
выговаривало,3.3317196308833406e-05
прибавочные,3.331552040464444e-05
пересветов,3.331552040464444e-05
прикладывая,3.3315195431721304e-05
восклицанием,3.3315195431721304e-05
невозмутимое,3.3311034338596094e-05
нравах,3.3311034338596094e-05
царствуют,3.3311034338596094e-05
ступени,3.330078710701725e-05
перебраны,3.330078710701725e-05
беседовал,3.329347922229848e-05
фазисы,3.3270729995002934e-05
снова,3.327015932300596e-05
богатый,3.326607490781802e-05
поручить,3.326541255056543e-05
знающему,3.326541255056543e-05
свиток,3.3264982376976985e-05
развертывая,3.3264982376976985e-05
достойное,3.326288531266197e-05
произвести,3.3262767805928985e-05
спущены,3.3244746946483664e-05
закрыта,3.3244746946483664e-05
поработает,3.32444983770037e-05
поест,3.32444983770037e-05
погасла,3.323826586614837e-05
распечатывай,3.3221247846935784e-05
хлебнику,3.321658116020515e-05
зеленщику,3.321658116020515e-05
ласковая,3.3202627005746326e-05
шаловливость,3.3202627005746326e-05
развеселить,3.3202627005746326e-05
исполните,3.320102711412289e-05
точности,3.320102711412289e-05
целому,3.319964346499186e-05
объехать,3.31983708413086e-05
качнулся,3.3188214682070916e-05
стукнул,3.3188214682070916e-05
подходило,3.317619137237744e-05
рождают,3.316471723344692e-05
вчерашний,3.315732613267811e-05
сухаря,3.31568747549466e-05
готовую,3.3151455982975474e-05
зальется,3.314566970000173e-05
упрекнули,3.314455438965783e-05
наготой,3.314455438965783e-05
апельсинов,3.3141925771431025e-05
голубятни,3.313909671578687e-05
таковую,3.313904940009402e-05
замечание,3.313591593163067e-05
недостатками,3.313549308219925e-05
лежавшим,3.3135438943850804e-05
похлопывая,3.3135438943850804e-05
бумагам,3.3135438943850804e-05
котлетам,3.3130685273486546e-05
упорное,3.311964637934745e-05
формах,3.311812559320994e-05
рог,3.311397870903824e-05
бараний,3.311397870903824e-05
свернет,3.311397870903824e-05
грабит,3.311039193017484e-05
тащит,3.311039193017484e-05
вышиб,3.310574385778872e-05
разгаре,3.31023070007922e-05
отличная,3.31023070007922e-05
представилось,3.309808701304523e-05
милым,3.3086152022440366e-05
мудреные,3.30788299742814e-05
ускользая,3.3070284794406855e-05
многом,3.305614625164364e-05
понуканий,3.305386620273176e-05
вкусное,3.304780288156877e-05
накрыт,3.304780288156877e-05
подано,3.304780288156877e-05
фальшивой,3.3043189175630756e-05
издало,3.3043189175630756e-05
авторитеты,3.3038863829323615e-05
пожимал,3.3030300219577646e-05
повалится,3.30243459426966e-05
боров,3.30243459426966e-05
ворочаться,3.30243459426966e-05
порылась,3.3021592870764975e-05
отыскалось,3.3021592870764975e-05
настаиваем,3.302093882315661e-05
домашняя,3.302093882315661e-05
вступился,3.300960988329526e-05
бесцветной,3.3001936788495054e-05
клевещете,3.2996445667307577e-05
ушами,3.2995269073879095e-05
бороду,3.299322068155809e-05
полегоньку,3.298566010448509e-05
сосредоточены,3.2985513920983315e-05
соприкасались,3.2985513920983315e-05
чьими,3.2985513920983315e-05
перекрещивались,3.2985513920983315e-05
посланную,3.298480040836967e-05
горело,3.2977491986973215e-05
надеты,3.2976767738064383e-05
жиру,3.297655036139576e-05
пройдете,3.297359089936467e-05
сбросить,3.297100489735901e-05
предметах,3.296699343249292e-05
завалена,3.296699343249292e-05
щипал,3.296007017084653e-05
походите,3.296007017084653e-05
параллель,3.2959153360904746e-05
расписание,3.295726501979241e-05
бесконечное,3.294702022211858e-05
питание,3.294702022211858e-05
примерит,3.294434232774825e-05
maman,3.29364825216666e-05
oncle,3.29364825216666e-05
особенную,3.293033897931086e-05
распустившийся,3.292673756082228e-05
женитьба,3.292673756082228e-05
припадках,3.292492836980248e-05
истерических,3.292492836980248e-05
настоящей,3.292492836980248e-05
ласках,3.292492836980248e-05
чрезвычайно,3.292283264055201e-05
перебирая,3.291434003820869e-05
печалить,3.2914262053237654e-05
дало,3.2912980563547114e-05
овладело,3.2912980563547114e-05
беглый,3.2908445642661476e-05
рождал,3.2908445642661476e-05
грубом,3.2908445642661476e-05
неопрятном,3.2908445642661476e-05
симпатичный,3.28921659048101e-05
засыпает,3.28921659048101e-05
ближайшие,3.288903996486839e-05
упавший,3.288474263337027e-05
запропастившуюся,3.288474263337027e-05
въелась,3.288371744917715e-05
выглядывала,3.288371744917715e-05
немочь,3.288371744917715e-05
огромным,3.2875280027861765e-05
полагая,3.287166549200326e-05
пожили,3.286500075359047e-05
причесать,3.2856768375114815e-05
докладывал,3.2854699835531066e-05
подпишешь,3.2844700389364696e-05
выскабливаешь,3.2844700389364696e-05
отчиной,3.2842196604686424e-05
наследственной,3.2842196604686424e-05
поблагодарила,3.283999308863613e-05
шатаясь,3.2831063948448605e-05
очнулась,3.2831063948448605e-05
трава,3.28241382911056e-05
неумолкаемый,3.28241382911056e-05
возня,3.28241382911056e-05
комода,3.2806312176521664e-05
губу,3.28050865366871e-05
подожму,3.28050865366871e-05
прочтешь,3.28050865366871e-05
недурна,3.28050865366871e-05
крика,3.280336669514762e-05
припадки,3.2802835186076285e-05
дрянных,3.280250135947798e-05
университете,3.279881417189861e-05
вытерпели,3.279446400781601e-05
распечатали,3.279446400781601e-05
собравшись,3.279446400781601e-05
развить,3.2788883958323055e-05
туманный,3.2788883958323055e-05
пренебрег,3.2788883958323055e-05
виновником,3.2783642874616776e-05
отделку,3.2782276520839916e-05
уезжал,3.277982678996634e-05
медными,3.277921305007568e-05
помогала,3.2755284851877336e-05
починена,3.2743204098901437e-05
столяра,3.2743204098901437e-05
призвать,3.2743204098901437e-05
положительных,3.273199904438511e-05
середы,3.273171740560678e-05
четвергам,3.273171740560678e-05
разговорчивым,3.272106872176479e-05
замешательство,3.272106872176479e-05
любезным,3.272106872176479e-05
сообразишь,3.272099570252082e-05
бледнеют,3.2719933147050295e-05
успеха,3.2719933147050295e-05
товарища,3.2719933147050295e-05
холодными,3.2715610834730976e-05
кожаным,3.271135552167639e-05
естественная,3.2709071727579335e-05
воображаешь,3.2704851106926504e-05
воображаю,3.2704851106926504e-05
шуми,3.2704851106926504e-05
услышать,3.269861744961177e-05
набавил,3.2692673334218295e-05
посредника,3.2691581360094447e-05
признавала,3.2691581360094447e-05
инстанции,3.2691581360094447e-05
спросили,3.268998685953328e-05
нарушить,3.26891226819163e-05
вне,3.2664287294027785e-05
устремлены,3.266262912950381e-05
неотразимо,3.266262912950381e-05
беглым,3.266049428032116e-05
брака,3.264761915175896e-05
медовые,3.264761915175896e-05
минуют,3.264761915175896e-05
забегал,3.264761915175896e-05
беспечность,3.2647527497311017e-05
шлафрока,3.2647527497311017e-05
игре,3.2632080513318027e-05
карманах,3.262994848618546e-05
утирала,3.262746994267305e-05
деятельностью,3.2621474592959114e-05
доступной,3.2621474592959114e-05
теплых,3.262073754391921e-05
просветлели,3.261290442374971e-05
стряхнул,3.261290442374971e-05
запросила,3.261290442374971e-05
неукоснительно,3.259844520057869e-05
таща,3.2594922917372774e-05
демон,3.258675166378639e-05
изгонишь,3.258675166378639e-05
бес,3.258675166378639e-05
основании,3.258060450654083e-05
приставил,3.257570258286599e-05
молодость,3.25745349086471e-05
подрядчик,3.2572304387078774e-05
тропинке,3.257204129864765e-05
самонужнейшее,3.25718653862284e-05
самоубийством,3.25718653862284e-05
прислушивалась,3.257169949534677e-05
спальной,3.256940016557507e-05
углубилась,3.256940016557507e-05
тарелок,3.256857371716771e-05
колебля,3.256851182268938e-05
стрелка,3.2568452946283206e-05
официальных,3.256640622179829e-05
одолели,3.256632722011275e-05
правого,3.256632722011275e-05
предчувствие,3.255651412670508e-05
испекут,3.255231139426005e-05
отступятся,3.255231139426005e-05
жаворонка,3.255231139426005e-05
кирбитьевне,3.255147051454474e-05
милитрисе,3.255147051454474e-05
яркую,3.2547873072903496e-05
пытливости,3.254533218893013e-05
упорным,3.254533218893013e-05
выражаться,3.254533218893013e-05
выпустив,3.254307457907096e-05
борты,3.254307457907096e-05
простить,3.253993456771277e-05
разронял,3.253993456771277e-05
потащила,3.2531913908411755e-05
сбежала,3.2531913908411755e-05
сухари,3.2524847177182724e-05
сажусь,3.2524847177182724e-05
зуб,3.251664588722674e-05
надзиратель,3.251664588722674e-05
домовый,3.251664588722674e-05
толкнуть,3.251664588722674e-05
нечаянный,3.2509147035381e-05
погасит,3.2509147035381e-05
встрепенутся,3.2509147035381e-05
строчить,3.2509139455488854e-05
выйдешь,3.250207070776255e-05
объял,3.2496685543011303e-05
поверженным,3.249496437186714e-05
гордилась,3.249496437186714e-05
любовалась,3.249496437186714e-05
прохожий,3.2491203192672457e-05
стираю,3.2478769506490364e-05
нормальному,3.247866424755312e-05
состоянию,3.247866424755312e-05
короткого,3.2477669812290574e-05
соскучитесь,3.2468413627857525e-05
потребовали,3.246601249348658e-05
настоятельно,3.246601249348658e-05
каркают,3.2461517144177754e-05
надседаются,3.2461517144177754e-05
накаркают,3.2461517144177754e-05
просыпались,3.246019762897189e-05
купцы,3.245907097913282e-05
повадятся,3.245907097913282e-05
мороженое,3.2456979662451485e-05
пучине,3.24558604668083e-05
белизна,3.24558604668083e-05
почте,3.245446774944618e-05
прояснить,3.24524626491873e-05
пункт,3.24524626491873e-05
влезал,3.243399399630346e-05
пригорка,3.243399399630346e-05
нескольку,3.243399399630346e-05
спешила,3.2421673842622624e-05
личные,3.241899317969663e-05
особенные,3.241899317969663e-05
выработывались,3.241899317969663e-05
толкла,3.241599011904321e-05
устройстве,3.2412878828731285e-05
землянику,3.2410277361905134e-05
жук,3.2403440725303835e-05
ворочала,3.2398820809836356e-05
повысосет,3.239589033844674e-05
зеленные,3.239141553451498e-05
романов,3.238996670518767e-05
передайте,3.238689959140767e-05
росту,3.238608948432802e-05
набросать,3.2381069681044945e-05
продеваемые,3.2368133522316006e-05
засиделся,3.236790939477646e-05
хересу,3.236301951747169e-05
улыбаются,3.236301951747169e-05
темные,3.235260343013323e-05
корицы,3.235244538002612e-05
лишняя,3.23493243739377e-05
переписка,3.23493243739377e-05
залилась,3.2341224349447054e-05
заложили,3.234046634223175e-05
приросло,3.23397721853477e-05
отрывать,3.23397721853477e-05
сбегать,3.2336795785624175e-05
богемскую,3.2335293116812135e-05
гладкие,3.2335293116812135e-05
скользкие,3.2335293116812135e-05
березовую,3.232711461509722e-05
подвинулась,3.23259784997075e-05
опущены,3.23259784997075e-05
журнале,3.232505691809021e-05
отечественные,3.232505691809021e-05
впервые,3.232505691809021e-05
полностью,3.232505691809021e-05
опубликован,3.232505691809021e-05
отравил,3.232037944356848e-05
незаконная,3.2320358361872934e-05
прыгнуть,3.2318849051902385e-05
неизбежных,3.231375090115911e-05
наполнять,3.230699981554721e-05
наполнить,3.230699981554721e-05
правление,3.230482364782268e-05
гимназии,3.230482364782268e-05
сором,3.230378819634016e-05
завален,3.230378819634016e-05
клад,3.230378819634016e-05
наносным,3.230378819634016e-05
инстинктом,3.230127109825506e-05
движущееся,3.229436644660054e-05
говорящее,3.229436644660054e-05
бойкое,3.229436644660054e-05
творческий,3.227111559572452e-05
графин,3.2270947334747067e-05
вихрь,3.226581971918618e-05
семеновна,3.226185604342662e-05
засмеялись,3.225780284316636e-05
монастырь,3.225780284316636e-05
богомолье,3.225780284316636e-05
всею,3.224595851631356e-05
умрет,3.224292678685665e-05
прыгнул,3.223529071405332e-05
относительно,3.223528704267521e-05
забывала,3.223528704267521e-05
седла,3.222974265776822e-05
возведен,3.222324591965399e-05
построен,3.222324591965399e-05
прошлым,3.222324591965399e-05
мост,3.222324591965399e-05
ломки,3.222202730576233e-05
подошлю,3.221990418291449e-05
кухарку,3.221990418291449e-05
подружится,3.221990418291449e-05
выведает,3.221990418291449e-05
предприятие,3.221464202487482e-05
послышится,3.221464202487482e-05
вздорожают,3.221464202487482e-05
удушливого,3.221386599027005e-05
беззащитная,3.219940265164885e-05
пропала,3.219940265164885e-05
траты,3.2195203999485516e-05
расставил,3.2194164248045486e-05
колонны,3.2194164248045486e-05
предводителя,3.2194164248045486e-05
бревна,3.2194164248045486e-05
маски,3.2191233859508795e-05
минувшего,3.2191233859508795e-05
господствующие,3.218247555839557e-05
ниспосланное,3.217093316428828e-05
небом,3.217093316428828e-05
съехали,3.21646551671313e-05
научи,3.21646551671313e-05
торопят,3.21646551671313e-05
удивленным,3.2164308570331436e-05
лысину,3.2164274217286396e-05
восьмидесяти,3.216289671077164e-05
сослуживец,3.214453941919102e-05
замерзнуть,3.213505683187968e-05
перевезли,3.213505683187968e-05
сняли,3.213505683187968e-05
бессонных,3.2127126687276676e-05
горьких,3.2127126687276676e-05
однообразие,3.2125429048414684e-05
нарушилось,3.2125429048414684e-05
ленточек,3.2124356874318237e-05
петлице,3.2124356874318237e-05
настолько,3.212391888174761e-05
проявлялась,3.212225387253e-05
развивалась,3.212225387253e-05
непреложным,3.212225387253e-05
неистовые,3.212094127490708e-05
август,3.212094127490708e-05
лучших,3.212010252898106e-05
носишь,3.211225467258573e-05
фуражка,3.211225467258573e-05
примеривая,3.211225467258573e-05
перекрестит,3.2110691285597554e-05
примолвив,3.2110691285597554e-05
развратятся,3.2110160761991666e-05
тянутся,3.2110160761991666e-05
достанется,3.2100382448109864e-05
проворчат,3.2100382448109864e-05
увлекают,3.209902855460462e-05
теория,3.2092927605437405e-05
картах,3.208775046109467e-05
графинина,3.208775046109467e-05
экономка,3.208775046109467e-05
гадать,3.208775046109467e-05
смычок,3.208582396991995e-05
оркестре,3.208582396991995e-05
шило,3.208582396991995e-05
бережешь,3.208205094746802e-05
лишил,3.208205094746802e-05
полезной,3.208205094746802e-05
левого,3.208024572052225e-05
внутренним,3.207866780322226e-05
столбняка,3.2077207612332556e-05
ревновать,3.207185187825706e-05
неопасно,3.207185187825706e-05
простыла,3.207185187825706e-05
другою,3.2068195870387826e-05
подвигая,3.2068195870387826e-05
бане,3.206719584344939e-05
сделаются,3.206719584344939e-05
сабли,3.206427790751566e-05
предвидите,3.206217541438222e-05
теплоту,3.206057911227643e-05
отличаемся,3.20564762599638e-05
горюнова,3.20564762599638e-05
произвели,3.20564762599638e-05
мишу,3.20564762599638e-05
принимались,3.204813735524024e-05
приметы,3.204813735524024e-05
соблюдения,3.204813735524024e-05
арены,3.2046050447616656e-05
задевающего,3.2045729707143135e-05
вращается,3.2045729707143135e-05
загоралось,3.203408380502645e-05
разрушительного,3.203408380502645e-05
спасительного,3.203408380502645e-05
сергеевне,3.203167139149635e-05
знакомыми,3.202661818378082e-05
побываю,3.202661818378082e-05
откажетесь,3.202661818378082e-05
переползанья,3.20264270648438e-05
делайте,3.202148166020339e-05
мытья,3.201759708328308e-05
убитые,3.20161992354745e-05
четыреста,3.201290871665315e-05
продай,3.201290871665315e-05
пашут,3.200751955324074e-05
пробравшись,3.199880924084736e-05
наверх,3.199880924084736e-05
взывал,3.199880924084736e-05
рожу,3.199843029752028e-05
поглупее,3.199843029752028e-05
мясник,3.199258570860827e-05
зеленщик,3.199258570860827e-05
побоев,3.199019931176826e-05
проезжий,3.199019931176826e-05
овраге,3.198342037920463e-05
черного,3.197634988871583e-05
любовник,3.1973811198459995e-05
выскочить,3.197042462358257e-05
выглядывал,3.1963434426342215e-05
паралич,3.1963434426342215e-05
наползет,3.1952268804454005e-05
говорится,3.1952268804454005e-05
бутылки,3.194674827238121e-05
штофа,3.194674827238121e-05
разобрал,3.193379458856561e-05
чулане,3.193379458856561e-05
одежа,3.193379458856561e-05
сундуки,3.193379458856561e-05
уговора,3.1930782468730625e-05
продолжительного,3.1930782468730625e-05
таинственного,3.1930782468730625e-05
глубокие,3.193046791364451e-05
мучительная,3.192706371979288e-05
треволнения,3.192566072156489e-05
окунулась,3.192566072156489e-05
познала,3.192566072156489e-05
несвойственным,3.191974086988414e-05
зачешется,3.191680655864101e-05
примачивайте,3.191680655864101e-05
сегодняшняя,3.191478023832738e-05
посматривая,3.191275501689937e-05
положительный,3.191083156823848e-05
посовестится,3.191083156823848e-05
тоскует,3.190720294573214e-05
вторгается,3.1905093667720214e-05
размахиваются,3.1905093667720214e-05
нагрубит,3.1902872068316066e-05
затаенной,3.1899654755879696e-05
предвижу,3.189267870273519e-05
жертвую,3.189267870273519e-05
отказываюсь,3.189267870273519e-05
исстрадался,3.1892358361193414e-05
снисходительном,3.1892358361193414e-05
стаканом,3.189226796519e-05
ферулой,3.189105745170797e-05
поэтах,3.189105745170797e-05
брызнут,3.189022673137486e-05
мигает,3.189022673137486e-05
петербургское,3.1890061539750205e-05
ступку,3.188611443751687e-05
выкрасили,3.187848357945476e-05
потолки,3.187848357945476e-05
варят,3.187835823177408e-05
аттестат,3.1878080079761306e-05
невесть,3.187582184543736e-05
шатайся,3.187582184543736e-05
дорожное,3.186934833604033e-05
возмутишь,3.1867930683351625e-05
разлито,3.1867930683351625e-05
проведенного,3.1859225966736954e-05
наставал,3.1859225966736954e-05
предостеречь,3.185501216266024e-05
заблуждение,3.185501216266024e-05
лежащую,3.1852913471255295e-05
принудили,3.184582701492059e-05
испортишь,3.184582701492059e-05
упомянет,3.184582701492059e-05
казались,3.184081175735314e-05
разостлались,3.1839813950800306e-05
бюргером,3.183644982405611e-05
нагнувшись,3.18350559683081e-05
коня,3.18350559683081e-05
пришпорить,3.18350559683081e-05
прочтении,3.183211603575853e-05
курице,3.1831087289758525e-05
рубивших,3.1830947851249554e-05
коллекцию,3.181818602623693e-05
рисунков,3.181818602623693e-05
разряженные,3.181150915903172e-05
блондах,3.181150915903172e-05
причесанные,3.181150915903172e-05
применить,3.181072854933213e-05
господского,3.180066847194737e-05
защитник,3.179964326966551e-05
ругательства,3.179964326966551e-05
системы,3.179964326966551e-05
цирюльник,3.179964326966551e-05
кузница,3.1788442029769654e-05
трескотня,3.1788442029769654e-05
понадеялась,3.178392014994103e-05
наказана,3.178392014994103e-05
оглянуться,3.177883350701771e-05
заставят,3.177883350701771e-05
хлопотала,3.177558077611037e-05
вскружить,3.177558077611037e-05
корнету,3.177558077611037e-05
тронут,3.1775489932924146e-05
шевелился,3.1775489932924146e-05
подпрыгивал,3.1775489932924146e-05
лазил,3.177490105935376e-05
дикарь,3.1770041385919576e-05
повеселись,3.176955218009133e-05
отпускает,3.176955218009133e-05
приятелям,3.176955218009133e-05
грезится,3.176846928553672e-05
переставил,3.1763683838080685e-05
относится,3.1763683838080685e-05
этажу,3.1763683838080685e-05
пошептал,3.1763683838080685e-05
кобыле,3.176179487727436e-05
выезжаете,3.176179487727436e-05
бурой,3.176179487727436e-05
дым,3.1754683668112704e-05
развития,3.175088805314765e-05
способны,3.175088805314765e-05
быстроте,3.175088805314765e-05
младенческой,3.174425856351892e-05
рождением,3.174425856351892e-05
впечатлений,3.174425856351892e-05
подозрения,3.1736781183672805e-05
докторской,3.173098175739785e-05
однообразное,3.1729749905714024e-05
кучерам,3.172282646708894e-05
выборе,3.1721077827347936e-05
прическе,3.1721077827347936e-05
справишься,3.172063201860215e-05
высохло,3.1718853238592956e-05
опасливо,3.1717370467216306e-05
обовьет,3.170922410501764e-05
хрустальная,3.170699389191054e-05
помогло,3.170656041954344e-05
наточи,3.169344742394815e-05
запылилась,3.169002022560474e-05
развернутую,3.169002022560474e-05
свойство,3.168345091986852e-05
поверенному,3.168259758511651e-05
натянуто,3.166984985499728e-05
изысканно,3.166984985499728e-05
пушистые,3.166945232319137e-05
озеру,3.166913541626191e-05
выругать,3.166591858141028e-05
договаривать,3.166591858141028e-05
безделицу,3.166591858141028e-05
всяку,3.166591858141028e-05
избавились,3.1665773147710854e-05
голубиная,3.16627692953112e-05
трогала,3.16627692953112e-05
поддеваете,3.165962853342004e-05
пришили,3.165962853342004e-05
снизу,3.165962853342004e-05
всхлипывал,3.165212118278613e-05
тварь,3.165065463706578e-05
жадная,3.165065463706578e-05
ростовщица,3.165065463706578e-05
сквозного,3.1649862906579654e-05
одетая,3.1649862906579654e-05
печь,3.163882575210689e-05
блины,3.163882575210689e-05
исключая,3.163500513819073e-05
мягкого,3.163158469137459e-05
дикость,3.163158469137459e-05
парусах,3.161968451603676e-05
ринуться,3.161968451603676e-05
лететь,3.161968451603676e-05
потребностью,3.161427677282086e-05
обойтись,3.161103086905525e-05
поспешил,3.160660267621536e-05
добыванья,3.160660267621536e-05
возу,3.1599053348108964e-05
прекратило,3.159816780920712e-05
отделяла,3.159668157968005e-05
происходящее,3.159611275412598e-05
замешан,3.159540259528411e-05
конечные,3.159540259528411e-05
покоит,3.159540259528411e-05
клопом,3.159200639860731e-05
усмотришь,3.159200639860731e-05
всяким,3.159200639860731e-05
влезешь,3.159200639860731e-05
мучительных,3.1591701996798544e-05
продеваемой,3.158641208441847e-05
тою,3.1575605901928546e-05
простотою,3.1575605901928546e-05
слетала,3.156873120856824e-05
морщила,3.156873120856824e-05
придавали,3.1554605304315714e-05
человеками,3.15499609993396e-05
двенадцатью,3.15499609993396e-05
марфе,3.154288688767835e-05
переврала,3.154288688767835e-05
посватал,3.154288688767835e-05
смелостью,3.153849125586462e-05
вооружаясь,3.153849125586462e-05
заживо,3.1530492124002293e-05
погребался,3.1530492124002293e-05
умирал,3.1530492124002293e-05
деревьями,3.152973273385623e-05
четверти,3.152973273385623e-05
длинно,3.1528110063859563e-05
болтливы,3.1528110063859563e-05
качала,3.152250869319307e-05
повторяя,3.152250869319307e-05
опускаешься,3.1514995918819856e-05
расспросить,3.151423214083267e-05
созвал,3.151423214083267e-05
разведывать,3.151423214083267e-05
возможна,3.149722342092197e-05
трепала,3.149436494281755e-05
дописывает,3.148730627807336e-05
ногти,3.1487130296132714e-05
грянулась,3.1482915037486606e-05
прогнали,3.1482915037486606e-05
плющом,3.1482423730808716e-05
трельяже,3.1482423730808716e-05
засветили,3.1482423730808716e-05
оборот,3.148093894738857e-05
бойким,3.147614957399749e-05
ежедневного,3.147515894031078e-05
арендатором,3.147292156805081e-05
задумчивое,3.147041846152159e-05
заметного,3.147014045352688e-05
простотой,3.146392578340996e-05
поскачет,3.1461014241332095e-05
озарилось,3.146096557312547e-05
преувеличенно,3.145554399060643e-05
женитьбу,3.145554399060643e-05
самостоятельно,3.145554399060643e-05
оригинально,3.145554399060643e-05
доставит,3.145544626276489e-05
изделия,3.145397431197381e-05
полотнами,3.145397431197381e-05
похвастается,3.145397431197381e-05
нитками,3.145397431197381e-05
окроме,3.145334017218726e-05
низкой,3.145334017218726e-05
диапазона,3.145334017218726e-05
резедой,3.1451226709841907e-05
ноготками,3.1451226709841907e-05
уставленных,3.1451226709841907e-05
засуетились,3.1451226709841907e-05
сибариты,3.144550491430495e-05
дополнения,3.144550491430495e-05
заметной,3.144513827582023e-05
собеседником,3.1436439574715225e-05
ежедневным,3.1436439574715225e-05
путеводителем,3.1436439574715225e-05
содрал,3.143477644656414e-05
мышку,3.1432670903735805e-05
линейку,3.1432670903735805e-05
звукам,3.143244693111674e-05
удушьем,3.142982960881269e-05
отошла,3.142982960881269e-05
курьер,3.1424886009360025e-05
созданном,3.141591918161959e-05
деловых,3.141591918161959e-05
освободясь,3.141591918161959e-05
наслаждаюсь,3.141522787025681e-05
случились,3.141522787025681e-05
наслаждались,3.141522787025681e-05
сладостной,3.1409143717593765e-05
отдыхать,3.140447392382571e-05
норовил,3.1380840959805774e-05
запускает,3.137818469581328e-05
помещичьи,3.137818469581328e-05
лапу,3.137818469581328e-05
присутствовала,3.1371931553360785e-05
побродив,3.136359233008939e-05
замер,3.135411537158338e-05
прекраснее,3.135411537158338e-05
ростом,3.1351656585868986e-05
раздев,3.134687177179121e-05
одев,3.134687177179121e-05
печальной,3.134352958592775e-05
опочиет,3.134352958592775e-05
проводит,3.134352958592775e-05
вступила,3.133902578121523e-05
увядая,3.1337000154116223e-05
внутрь,3.1337000154116223e-05
обращались,3.1337000154116223e-05
никли,3.1337000154116223e-05
ищущие,3.1337000154116223e-05
причесывает,3.133651072597375e-05
умывает,3.133651072597375e-05
божия,3.132998317705834e-05
извергнете,3.132998317705834e-05
лона,3.132998317705834e-05
хранил,3.132846556724465e-05
угрюмое,3.132846556724465e-05
осмотрительнее,3.1313491138116135e-05
колеи,3.1311004933889044e-05
маленькими,3.130656095025927e-05
стыжусь,3.1305366028856956e-05
сеном,3.1301488789284794e-05
повадки,3.129751194494575e-05
топать,3.1290816922944486e-05
шуметь,3.1290816922944486e-05
умилении,3.128520390075693e-05
фунта,3.128499435570192e-05
смолол,3.128499435570192e-05
наводить,3.128290741347199e-05
открыта,3.12817318681155e-05
разбирая,3.1272907374435416e-05
странному,3.1272907374435416e-05
доброе,3.126749919153209e-05
серьезная,3.126501757661239e-05
больным,3.125341728182872e-05
яме,3.125341728182872e-05
местом,3.125341728182872e-05
прирос,3.125341728182872e-05
дураку,3.125186667195334e-05
твоему,3.125186667195334e-05
отводят,3.124193439928531e-05
воров,3.124193439928531e-05
погодя,3.123787255117127e-05
неподвижна,3.123787255117127e-05
присмирела,3.123787255117127e-05
плеснул,3.123787255117127e-05
дурная,3.122939331298497e-05
скрывали,3.122939331298497e-05
зудят,3.122151232146112e-05
снимаешь,3.122151232146112e-05
задуматься,3.1221087705176175e-05
отворачивая,3.1216374809216176e-05
сводила,3.1216374809216176e-05
превозмогало,3.1216374809216176e-05
настали,3.121451716129568e-05
путешествиях,3.1212882800935305e-05
угадали,3.1212882800935305e-05
смеялось,3.1212882800935305e-05
жилах,3.120808618707588e-05
струилась,3.120808618707588e-05
забрались,3.120336007728313e-05
успокоения,3.1192837270282784e-05
благословит,3.11896493588493e-05
настойчивое,3.1182374481952535e-05
отчета,3.1182374481952535e-05
требование,3.1182374481952535e-05
задумчивыми,3.1175271078021763e-05
апатическим,3.1175271078021763e-05
жирные,3.1170477005645535e-05
обряды,3.1168693614383455e-05
смекнул,3.116048628357174e-05
занимались,3.115939749994095e-05
градусы,3.11576106733779e-05
разделить,3.11576106733779e-05
доходит,3.11576106733779e-05
неотвязчивую,3.1150982941672926e-05
несчастиях,3.1150982941672926e-05
осудят,3.114674271890056e-05
несравненном,3.1145576994461285e-05
неповоротливом,3.1145576994461285e-05
опрятность,3.114532591552012e-05
заправляет,3.114532591552012e-05
смущался,3.114121035616909e-05
повидимому,3.114121035616909e-05
циническим,3.114121035616909e-05
зерна,3.113928081861736e-05
мозгу,3.113928081861736e-05
приема,3.11368243455092e-05
отдельно,3.1136533778916603e-05
нуждаясь,3.1136533778916603e-05
независимо,3.1136533778916603e-05
опьяневший,3.113371688149125e-05
жалуйся,3.113371688149125e-05
займешь,3.1133490225852156e-05
печальным,3.1130111316961354e-05
шевельнулось,3.1130111316961354e-05
выразилось,3.1130111316961354e-05
помесячно,3.1115900713447874e-05
порылся,3.110407225241894e-05
десятирублевую,3.110407225241894e-05
красненькую,3.110407225241894e-05
тогдашнюю,3.110407225241894e-05
свинцовым,3.109917050426747e-05
безотрадным,3.109917050426747e-05
заживаются,3.109901614591141e-05
приспособились,3.109399747246394e-05
изворотиться,3.109399747246394e-05
мучнистой,3.109261918627327e-05
избегайте,3.109261918627327e-05
животной,3.109261918627327e-05
студенистой,3.109261918627327e-05
мясной,3.109261918627327e-05
переписал,3.108880666686676e-05
рассказываешь,3.108880666686676e-05
вдохновенными,3.1084632919537556e-05
окружающего,3.106591512650239e-05
откусила,3.1063800003409307e-05
дошила,3.1063800003409307e-05
отнесла,3.1063800003409307e-05
забывают,3.106011973335e-05
изобразить,3.106011973335e-05
задыхалась,3.105015536888586e-05
принуждений,3.104791000620715e-05
подозрительных,3.104791000620715e-05
денежной,3.104438158972562e-05
сергевну,3.1036203675184336e-05
радушия,3.1033004196459755e-05
влечения,3.1033004196459755e-05
снисхождением,3.1030714547517577e-05
находясь,3.1030714547517577e-05
пользуются,3.1030714547517577e-05
репетитором,3.1029619041204064e-05
разум,3.10289404902976e-05
слуха,3.102704954758394e-05
века,3.101676509233579e-05
толстая,3.10159791472601e-05
решений,3.100965803421727e-05
крыльцом,3.100868676095954e-05
наводнениями,3.100773628011797e-05
порогами,3.100773628011797e-05
прорывами,3.100773628011797e-05
плотин,3.100773628011797e-05
цветущие,3.1003285005098285e-05
долины,3.1003285005098285e-05
мины,3.0993313913593165e-05
представлялись,3.0993313913593165e-05
обрядах,3.0993313913593165e-05
безукоризненна,3.0990949512861715e-05
лады,3.0983755159969805e-05
мертво,3.0983755159969805e-05
разнообразное,3.0983755159969805e-05
тоны,3.0983755159969805e-05
растворились,3.0981013532465e-05
осенний,3.097607760685832e-05
тревожат,3.096981676912027e-05
поймешь,3.096981676912027e-05
сложив,3.096580215984393e-05
перевел,3.096580215984393e-05
пересиливал,3.096353321159618e-05
неимоверно,3.096353321159618e-05
демона,3.0962360127857405e-05
впустят,3.0962360127857405e-05
займут,3.0962360127857405e-05
стройно,3.0956424582278454e-05
значительной,3.095381728846606e-05
коснулось,3.095381728846606e-05
утрата,3.095381728846606e-05
проницательного,3.0950702314122033e-05
снисходительного,3.0950702314122033e-05
добывают,3.094979704783124e-05
поташ,3.094979704783124e-05
топят,3.094979704783124e-05
деготь,3.094979704783124e-05
отправятся,3.094979704783124e-05
медицинское,3.0948995712552356e-05
кары,3.0948995712552356e-05
заслуженной,3.0948995712552356e-05
обильное,3.093543639345372e-05
усаживая,3.092406982606915e-05
псу,3.092056428486883e-05
дочь,3.091488887486925e-05
племянница,3.091488887486925e-05
могил,3.091092452003063e-05
горячую,3.090245803306944e-05
ватрушку,3.090245803306944e-05
укажет,3.0893337173585564e-05
спровадить,3.089014394258162e-05
единственная,3.089014394258162e-05
присела,3.08879537453965e-05
добежав,3.08879537453965e-05
перекрестка,3.08879537453965e-05
величиной,3.088384628725136e-05
скончался,3.088352439177094e-05
толками,3.088193044002847e-05
серые,3.088116612106503e-05
взглядывали,3.088116612106503e-05
выманила,3.087037104182153e-05
взаимных,3.086645239816427e-05
выработанности,3.086645239816427e-05
выяснения,3.086645239816427e-05
честолюбие,3.0862465581409496e-05
расшевелили,3.0862465581409496e-05
пудрой,3.086191856225653e-05
голубые,3.086191856225653e-05
весну,3.086071343386297e-05
полуторы,3.085680277198597e-05
съедает,3.085619614706258e-05
пришедшего,3.085264157938513e-05
грубовато,3.085264157938513e-05
исказилось,3.0852431781519056e-05
жениху,3.0850948268345084e-05
политическая,3.084953154229887e-05
геометрия,3.084953154229887e-05
алгебра,3.084953154229887e-05
экономия,3.084953154229887e-05
недоброе,3.0847795546511864e-05
тридцатью,3.0845523010590295e-05
копейками,3.0845523010590295e-05
докладную,3.0845523010590295e-05
смутила,3.0845468414787366e-05
подъезжает,3.084442522317757e-05
съедаешь,3.083329744358473e-05
чистишь,3.083329744358473e-05
луг,3.083154245631526e-05
неподвижные,3.0829565029768015e-05
балующий,3.08251836775485e-05
насмешливый,3.08251836775485e-05
нетрезвом,3.08234332757121e-05
поспею,3.0822174690778835e-05
сдерут,3.0822174690778835e-05
повела,3.081298179218375e-05
ямайском,3.081079474899586e-05
скучной,3.080793880724586e-05
приливе,3.0803043467796145e-05
житейских,3.0803043467796145e-05
касавшийся,3.079202969488474e-05
положительной,3.079202969488474e-05
разбавлять,3.0784180852674344e-05
курятникам,3.077978569857445e-05
курами,3.077978569857445e-05
пожилыми,3.077978569857445e-05
пищали,3.077978569857445e-05
дач,3.077040565236686e-05
входят,3.0767966981825055e-05
утихал,3.076701941150003e-05
уступал,3.076701941150003e-05
сожалению,3.076701941150003e-05
жилету,3.076389891424573e-05
качествах,3.076389891424573e-05
основанная,3.076389891424573e-05
брелоков,3.076389891424573e-05
блистательных,3.076389891424573e-05
мельчайших,3.076389891424573e-05
множеством,3.076389891424573e-05
внимании,3.076389891424573e-05
засвидетельствовано,3.07611360155903e-05
допрашивайся,3.07611360155903e-05
приготовился,3.075977072104403e-05
определенный,3.0755498190055486e-05
переступал,3.0755498190055486e-05
измерит,3.075524528504435e-05
застучит,3.075255329095903e-05
статский,3.075088980837507e-05
папа,3.074405692638034e-05
кирбитьевна,3.074293110093862e-05
милитриса,3.074293110093862e-05
исчерпаешь,3.073901050321344e-05
возвратился,3.0737717947257825e-05
блаженствовал,3.073185567221492e-05
спиридоныча,3.073172585032967e-05
алексея,3.073172585032967e-05
студент,3.073172585032967e-05
выпачкаешь,3.071146005176334e-05
оправдывалась,3.071146005176334e-05
переменились,3.0710608949141995e-05
изучая,3.0710608949141995e-05
жилку,3.0710608949141995e-05
отскочило,3.0700672146877145e-05
бросилось,3.0700672146877145e-05
учение,3.0693265961196384e-05
навалили,3.069265697141694e-05
проезжавший,3.068826128907011e-05
притворным,3.068826128907011e-05
захворал,3.068826128907011e-05
шитье,3.0676712300888766e-05
ступал,3.0652108426358086e-05
тротуар,3.0652108426358086e-05
продавить,3.0652108426358086e-05
деревянный,3.0652108426358086e-05
наугад,3.064690505788827e-05
покраснев,3.064690505788827e-05
исчезает,3.06407107082214e-05
отбился,3.0640414061017486e-05
проклинал,3.063198639990207e-05
завтракают,3.0629626475625155e-05
замыкалась,3.0621447167865484e-05
отодвигалась,3.0621447167865484e-05
ругают,3.061664725275444e-05
нравоучения,3.061664725275444e-05
звонил,3.061664725275444e-05
щенка,3.061664725275444e-05
архитектору,3.0611628228940314e-05
боем,3.0607719224874034e-05
обнимаются,3.0607719224874034e-05
доверши,3.060313637217361e-05
благодеяния,3.060313637217361e-05
чернилах,3.059921886801004e-05
позаботься,3.059921886801004e-05
диву,3.059299615823455e-05
предостережение,3.0588981798306316e-05
щечки,3.057271315841889e-05
кругленькие,3.057271315841889e-05
престарелая,3.056466252845894e-05
приглашалась,3.056466252845894e-05
совещались,3.056466252845894e-05
пробиться,3.054607096865893e-05
бела,3.054607096865893e-05
почесывает,3.053881250796033e-05
разминается,3.053881250796033e-05
сопит,3.053881250796033e-05
охает,3.053881250796033e-05
откровенность,3.0535106120245964e-05
шуточное,3.0535106120245964e-05
баран,3.053388162850093e-05
длятся,3.0527422058773734e-05
тепел,3.0527422058773734e-05
душна,3.0527422058773734e-05
обнаружен,3.0522549584095006e-05
поэтических,3.0522549584095006e-05
механизм,3.0522549584095006e-05
общественного,3.0522549584095006e-05
отговорил,3.052155137122288e-05
продавать,3.0520165249344704e-05
затерял,3.0512780241462333e-05
пегашке,3.0512430995730335e-05
переделаешь,3.0507844816222066e-05
кончике,3.0505492831900395e-05
рану,3.0495198316224318e-05
зажал,3.0495198316224318e-05
раненого,3.0495198316224318e-05
веселее,3.0493989380269102e-05
сообщили,3.0493989380269102e-05
рябчиков,3.0491139250520474e-05
лоснилась,3.0485034180309587e-05
выточена,3.0485034180309587e-05
слоновой,3.0485034180309587e-05
лысина,3.0485034180309587e-05
кругла,3.0485034180309587e-05
почесал,3.0474991384606837e-05
переложил,3.0474991384606837e-05
полки,3.0474027525683172e-05
комической,3.046870989818113e-05
белыми,3.046728529871102e-05
влезть,3.0463092827253997e-05
расправила,3.0459683373793393e-05
закипела,3.0459683373793393e-05
вражды,3.0459121860958713e-05
мщения,3.0459121860958713e-05
бейся,3.0459121860958713e-05
видятся,3.0456339540156344e-05
околоток,3.0455995398921023e-05
изнеженному,3.0455797832009336e-05
чертам,3.0455797832009336e-05
костюм,3.0455797832009336e-05
земля,3.0453579948743934e-05
поставили,3.044628073560129e-05
бывалую,3.044628073560129e-05
выпучил,3.044628073560129e-05
обидеться,3.044628073560129e-05
внимание,3.0445297254759297e-05
путное,3.0443025433312652e-05
посоветовать,3.0443025433312652e-05
простодушие,3.0443025433312652e-05
немытый,3.0438022615447654e-05
обветшал,3.0438022615447654e-05
небритый,3.0438022615447654e-05
особенностей,3.0433752893402928e-05
оригинальности,3.0433752893402928e-05
остроумия,3.0433752893402928e-05
тьмы,3.043006449333351e-05
откинула,3.042902004239786e-05
вышиваньем,3.042902004239786e-05
прихрамывал,3.042618376344935e-05
красил,3.042618376344935e-05
свеж,3.042618376344935e-05
успеваем,3.0419938586681532e-05
ситцевых,3.0419938586681532e-05
престарелому,3.0418090514850914e-05
сражениях,3.0418090514850914e-05
воину,3.0418090514850914e-05
увечному,3.0418090514850914e-05
бедному,3.0418090514850914e-05
разведу,3.0416931305302236e-05
доверялась,3.041193928818989e-05
ровнее,3.0411620761341416e-05
примолкла,3.0411620761341416e-05
достойным,3.040562694699822e-05
сгореть,3.040562694699822e-05
довольства,3.0404567032398017e-05
безмятежной,3.0404567032398017e-05
томна,3.0401399256079318e-05
неподвижною,3.0401399256079318e-05
покойною,3.0401399256079318e-05
праздничный,3.0383657705151707e-05
приказывайте,3.038241961278907e-05
запомнят,3.0380841165099804e-05
полымем,3.0380841165099804e-05
ворующего,3.0376156687341343e-05
ростовщика,3.0376156687341343e-05
ханжу,3.0376156687341343e-05
тупоумного,3.0376156687341343e-05
разворчатся,3.0373327401978164e-05
доварит,3.0373327401978164e-05
уйдут,3.0373327401978164e-05
заветное,3.0372471622398033e-05
позволила,3.0372471622398033e-05
неважное,3.0370021946261115e-05
осеняя,3.0368734227656418e-05
знамением,3.0368734227656418e-05
крестным,3.0368734227656418e-05
призраку,3.036562064848064e-05
удовольствия,3.0364428123651462e-05
выдумай,3.0362923912492297e-05
напилась,3.036002747070386e-05
тетрадкой,3.035936901124487e-05
клочками,3.035936901124487e-05
исписанной,3.035936901124487e-05
замасленной,3.035936901124487e-05
посимпатичнее,3.0359140030747172e-05
приятном,3.0359140030747172e-05
сана,3.0342579764918486e-05
одеты,3.0342579764918486e-05
сообразно,3.0342579764918486e-05
должностей,3.0342579764918486e-05
приеду,3.0335412129162713e-05
тороплюсь,3.0335412129162713e-05
застегивать,3.0335412129162713e-05
поведу,3.0334614122927307e-05
шепнет,3.032270544928352e-05
манящие,3.031803735415955e-05
прохладные,3.031803735415955e-05
уголки,3.031803735415955e-05
подмести,3.0311001739757178e-05
дворне,3.0311001739757178e-05
служанкам,3.0310361358588644e-05
умолоте,3.0308985746064617e-05
пище,3.0301666510143924e-05
жизненная,3.0301666510143924e-05
столах,3.0299797161989765e-05
привяжутся,3.0299797161989765e-05
ужином,3.02979734466531e-05
безумный,3.0296629562438588e-05
приобретенной,3.0283592112374547e-05
говорилось,3.027303904128392e-05
гурьбой,3.026823826065185e-05
вооружились,3.026823826065185e-05
поудалее,3.026823826065185e-05
благословенном,3.0267140523283592e-05
рассуди,3.0266118709684316e-05
выгадаешь,3.0266118709684316e-05
чернорабочий,3.0265326108475465e-05
менял,3.0265326108475465e-05
любопытным,3.026505474129013e-05
плохая,3.026297994470224e-05
появляется,3.0261967035340528e-05
кроткого,3.0261967035340528e-05
буйного,3.0261967035340528e-05
испитое,3.0261967035340528e-05
безответного,3.0261967035340528e-05
тратилось,3.0256700583703897e-05
забирали,3.025314481122148e-05
задолжал,3.025314481122148e-05
глупца,3.0249359987132163e-05
изобрази,3.0249359987132163e-05
надутого,3.0249359987132163e-05
скот,3.0249074946645967e-05
вдобавок,3.0249074946645967e-05
грязными,3.0248864017352045e-05
входили,3.0245950633026907e-05
воплотился,3.024339441881174e-05
уверовала,3.024339441881174e-05
сознаньем,3.024339441881174e-05
мужского,3.024339441881174e-05
совершенства,3.024339441881174e-05
челки,3.0235965869373046e-05
родители,3.0234798090722475e-05
удерживать,3.0234798090722475e-05
предлоги,3.0234798090722475e-05
подавила,3.0231681869769157e-05
находчивости,3.0231387613655165e-05
гибнуть,3.0230870044251373e-05
ужасный,3.0230870044251373e-05
стоявшую,3.023060528282093e-05
погладил,3.023060528282093e-05
этажерке,3.023060528282093e-05
протестовал,3.022432695919783e-05
увлекаем,3.022432695919783e-05
сопутствовал,3.022432695919783e-05
шевели,3.02183857522316e-05
пошевеливаться,3.02183857522316e-05
оценить,3.0202881108357747e-05
подгорюнившись,3.019880064234563e-05
подобрав,3.019880064234563e-05
толкуют,3.019773283020379e-05
жадно,3.0185788869313328e-05
паспорте,3.0184699745560446e-05
семейного,3.0176204791191912e-05
мух,3.0176100655821342e-05
подгадить,3.017138029346378e-05
опередить,3.017138029346378e-05
выслужиться,3.017138029346378e-05
обязательный,3.017138029346378e-05
задрожит,3.016500730214872e-05
пролезть,3.015632797521001e-05
завяз,3.015632797521001e-05
увидать,3.01508481406574e-05
белой,3.014858506961403e-05
окажется,3.0148213083044444e-05
глупостью,3.0148213083044444e-05
прислонился,3.0147066207954613e-05
притворил,3.0147066207954613e-05
высвободился,3.0147066207954613e-05
увела,3.0144956570364305e-05
стащила,3.0144956570364305e-05
колебания,3.014084390835531e-05
различно,3.0127664259290017e-05
фамилию,3.0127664259290017e-05
модели,3.0127152977547677e-05
воздвигнутых,3.0127152977547677e-05
ужасают,3.0127152977547677e-05
версте,3.012621505831776e-05
деревень,3.012621505831776e-05
латынью,3.0121464162694454e-05
самоуверенности,3.0117767302605358e-05
отваги,3.0117767302605358e-05
бесенок,3.0112379925725228e-05
пугало,3.011222105692982e-05
крылись,3.011222105692982e-05
являлось,3.011222105692982e-05
противно,3.0106270710075663e-05
замечаю,3.0106270710075663e-05
кликами,3.0105076958517372e-05
стуком,3.0105076958517372e-05
наполняло,3.0105076958517372e-05
гамом,3.0105076958517372e-05
оперлась,3.0101309178341656e-05
платку,3.0101309178341656e-05
прижав,3.0101309178341656e-05
тяжести,3.009474001436708e-05
глупостях,3.0094256544390722e-05
сбирался,3.0085943461270318e-05
неизвестным,3.0085943461270318e-05
томной,3.008569182908686e-05
мускулов,3.008524244267177e-05
нервов,3.008524244267177e-05
кровная,3.008524244267177e-05
составлен,3.008524244267177e-05
сливалось,3.0082038537638756e-05
серую,3.0082038537638756e-05
дочитывали,3.007808359246987e-05
подавала,3.0067580255014036e-05
тупая,3.0064534370247242e-05
успокоилось,3.0064534370247242e-05
тряслась,3.0063620937134443e-05
трясся,3.0063620937134443e-05
толстый,3.0063620937134443e-05
подписи,3.0063620937134443e-05
постращать,3.0058988178939486e-05
стращал,3.0058988178939486e-05
пароходы,3.0052392429774263e-05
аппетитно,3.0050808119542125e-05
работал,3.0050808119542125e-05
охлаждение,3.0047611433161767e-05
покинутой,3.0047611433161767e-05
прощаются,3.0045804655067926e-05
отпуская,3.0045804655067926e-05
прощаясь,3.0045804655067926e-05
добрым,3.0045804655067926e-05
нестерпима,3.0041001713780982e-05
противен,3.0041001713780982e-05
невыносим,3.0041001713780982e-05
инкрустацией,3.0039035336385248e-05
эрара,3.0039035336385248e-05
блистал,3.0039035336385248e-05
флигель,3.0039035336385248e-05
практической,3.0037965014902786e-05
устроится,3.0027357418314386e-05
героев,3.0026634134478194e-05
подействовали,3.0007021849078694e-05
неизгладимо,3.000540352603468e-05
доверенности,3.000441835560279e-05
поют,2.9999383232605096e-05
девицы,2.9999383232605096e-05
настоящим,2.9997375367057662e-05
наказали,2.9997375367057662e-05
назвали,2.9997375367057662e-05
достойной,2.999720133854617e-05
палладиумом,2.999720133854617e-05
великой,2.999720133854617e-05
помощницы,2.999720133854617e-05
ездила,2.9995913062287494e-05
невы,2.9995913062287494e-05
покупками,2.9995913062287494e-05
понесли,2.9994225386368543e-05
казал,2.9994225386368543e-05
повезли,2.9994225386368543e-05
широкую,2.9993248700846686e-05
мутят,2.999306303298207e-05
ernestine,2.9992319699037246e-05
ящикам,2.9988679284811246e-05
выдает,2.9987943222986257e-05
нашествие,2.9985482070590588e-05
женскому,2.998297667387955e-05
заявить,2.998297667387955e-05
незнанию,2.998297667387955e-05
департамент,2.9980536247490586e-05
мучительном,2.9978931678567818e-05
тропе,2.99779993580441e-05
шалил,2.997606782848564e-05
отрочестве,2.997606782848564e-05
шаловлив,2.997606782848564e-05
поспевают,2.9974761001321378e-05
метаться,2.997165894928757e-05
беспокойства,2.997165894928757e-05
вижусь,2.9963104815191385e-05
закладываемое,2.9961477440996108e-05
выкупленное,2.9961477440996108e-05
разложено,2.9961477440996108e-05
засипел,2.9961004582794163e-05
портит,2.995787253436074e-05
мелка,2.995787253436074e-05
синими,2.9956371137408135e-05
салопы,2.995536910142734e-05
обновки,2.995536910142734e-05
уставши,2.995536910142734e-05
мимики,2.995501688719367e-05
действовал,2.995501688719367e-05
нарисованные,2.995216493978151e-05
извлекал,2.995216493978151e-05
отправления,2.9948925441804663e-05
отодвинуть,2.9948887230996915e-05
книжкой,2.994131820611484e-05
поневоле,2.994131820611484e-05
сниму,2.994131820611484e-05
оживлю,2.9940686993357243e-05
трещит,2.9938606606075673e-05
дробный,2.9938606606075673e-05
трагического,2.9932380923915702e-05
оборота,2.9932380923915702e-05
новыми,2.993112317389398e-05
нужным,2.9927468170780033e-05
поздравляем,2.992316274230795e-05
наживать,2.992316274230795e-05
деток,2.992316274230795e-05
прикосновения,2.992256124554216e-05
отворявшийся,2.992256124554216e-05
сиянии,2.9919478242884767e-05
подавленной,2.9918189917043172e-05
деревьях,2.9916515355156525e-05
облетели,2.9916515355156525e-05
ясна,2.9915944668517507e-05
перенестись,2.9912520905655085e-05
натура,2.9893126031306664e-05
продлить,2.9893126031306664e-05
помог,2.9893126031306664e-05
скорбная,2.988564400189333e-05
замахнется,2.9879421384237975e-05
разразится,2.9879421384237975e-05
роду,2.987376052577753e-05
дневном,2.9873075403808072e-05
свечей,2.9873075403808072e-05
застраховать,2.9871555332866832e-05
выторговать,2.9871555332866832e-05
отделываться,2.9871555332866832e-05
солгу,2.9860627733218815e-05
ищешь,2.9860627733218815e-05
битву,2.9856713901982635e-05
наемной,2.9855825680116067e-05
чайном,2.9855825680116067e-05
рассмешит,2.9852490363045777e-05
приведут,2.9852490363045777e-05
слышны,2.985128725391586e-05
видимый,2.985128725391586e-05
воротах,2.9849904668920775e-05
въехать,2.9849904668920775e-05
стыдитесь,2.9848168459402958e-05
пощадите,2.9848168459402958e-05
родине,2.984716618946424e-05
померанцы,2.984716618946424e-05
кипарисы,2.984716618946424e-05
мирты,2.984716618946424e-05
оранжереях,2.984716618946424e-05
ясное,2.9845954164225068e-05
мгновенным,2.9834668840407754e-05
действием,2.9834668840407754e-05
переговорил,2.9825299181638278e-05
немецкую,2.9812879932759918e-05
выслушал,2.9804987812376396e-05
лекцию,2.9804987812376396e-05
тайною,2.9794190740778593e-05
бескорыстное,2.9794190740778593e-05
дед,2.97848794076764e-05
пирогом,2.9773246674181435e-05
проходившего,2.9759463211052585e-05
ощетинился,2.9759463211052585e-05
заняла,2.9758881109024472e-05
изучила,2.975609003016757e-05
покидает,2.975477655080764e-05
незлобный,2.9744617165690174e-05
симпатию,2.9744617165690174e-05
шутке,2.9744617165690174e-05
проведу,2.9739494431686295e-05
уверительно,2.9739494431686295e-05
намереваясь,2.973876057730304e-05
уверяйте,2.973323959336007e-05
простота,2.9731517387776753e-05
добряк,2.9731517387776753e-05
померанцевой,2.9725842022678857e-05
алтарю,2.9725842022678857e-05
непроницаемы,2.9715928917937558e-05
средство,2.9715928917937558e-05
залежаться,2.9714196404815643e-05
крашеные,2.971219159598314e-05
пятнышко,2.971219159598314e-05
доктору,2.971047421774449e-05
возвратить,2.971047421774449e-05
славы,2.971047421774449e-05
безнадежного,2.971047421774449e-05
спасет,2.971047421774449e-05
данного,2.970807972584333e-05
худые,2.970683817198161e-05
разобрала,2.970683817198161e-05
арию,2.9700563948514095e-05
вверяет,2.9700563948514095e-05
прервано,2.969136066010246e-05
овца,2.9689582793923424e-05
честная,2.9689582793923424e-05
овцой,2.9689582793923424e-05
половому,2.9680644456736173e-05
откупорил,2.9680644456736173e-05
припадок,2.966424903033669e-05
случился,2.966424903033669e-05
душный,2.966424903033669e-05
дюжины,2.9662204492636462e-05
кактусами,2.9662204492636462e-05
плющами,2.9662204492636462e-05
особой,2.9660292973393166e-05
протяну,2.9658924076087598e-05
ножом,2.9658924076087598e-05
бархатных,2.9657367064742697e-05
порой,2.9654739648668862e-05
эпоха,2.9648803285558152e-05
кокетничала,2.9639846305316478e-05
несчастным,2.9639846305316478e-05
водила,2.9639846305316478e-05
принимаюсь,2.9639846305316478e-05
убедился,2.9637855955183584e-05
обид,2.963717019862846e-05
питомцы,2.9633718710060543e-05
исчезать,2.9633718710060543e-05
чада,2.9633718710060543e-05
служаки,2.9633718710060543e-05
мягкость,2.9624538425573708e-05
спрятала,2.9618060989828002e-05
крапинками,2.9618060989828002e-05
улыбнуться,2.9618010042554174e-05
взыскательна,2.9612726514080043e-05
заслуги,2.9612726514080043e-05
слепа,2.9612726514080043e-05
кидаются,2.961189074292105e-05
слегла,2.9605374544800026e-05
толков,2.9605374544800026e-05
распознавать,2.9603224063005445e-05
приторный,2.9598791832722743e-05
изобретатель,2.9596564092246373e-05
сгорел,2.9596564092246373e-05
достроился,2.9596564092246373e-05
твоими,2.9596564092246373e-05
влекло,2.9595851733212707e-05
постояннее,2.9595851733212707e-05
водворялся,2.9595851733212707e-05
рюмки,2.9593994057928046e-05
переворот,2.9593374556469688e-05
затруднении,2.95846434274366e-05
произошло,2.957989114999821e-05
ломаются,2.957912520643104e-05
молокососы,2.957912520643104e-05
перебили,2.957912520643104e-05
обрывы,2.957801095064472e-05
водопады,2.957801095064472e-05
растянулся,2.9577192117162e-05
конюшне,2.9577192117162e-05
кустом,2.9577192117162e-05
пешни,2.9577192117162e-05
обойдусь,2.9568255132195785e-05
трепанье,2.9568255132195785e-05
буфетчика,2.9566581857567242e-05
променял,2.9566581857567242e-05
обходя,2.9552191395613176e-05
стульях,2.9552191395613176e-05
выпрошу,2.9551971647828655e-05
бесплодного,2.9550746045532226e-05
неженского,2.9550746045532226e-05
созданного,2.9550746045532226e-05
попытался,2.954677849451017e-05
сжалиться,2.954677849451017e-05
кончили,2.954571769002021e-05
поясом,2.953731923105286e-05
прохладой,2.9525629782911445e-05
двинули,2.9522661580306827e-05
докончил,2.9522531565607652e-05
приветствует,2.9520187993127106e-05
вымочит,2.9520187993127106e-05
дождичек,2.9520187993127106e-05
высушит,2.9520187993127106e-05
защиты,2.9515232469201388e-05
неразрешимый,2.9508779241607604e-05
запуталось,2.9508779241607604e-05
вычищенный,2.950033282838123e-05
таз,2.950033282838123e-05
медный,2.950033282838123e-05
намотал,2.949836711088696e-05
валялось,2.9480088557715905e-05
версты,2.947105008912261e-05
отце,2.9470618887784076e-05
отцах,2.9470618887784076e-05
дедах,2.9470618887784076e-05
приют,2.946358596565695e-05
равнодушный,2.946358596565695e-05
скучал,2.9460582952017126e-05
кофейник,2.945770662687132e-05
столовой,2.945368526099107e-05
вылетело,2.9453326030812994e-05
безобразное,2.9453326030812994e-05
мелькавшие,2.9451719051552468e-05
бегу,2.9451478367741076e-05
поработать,2.945135696120318e-05
пьянея,2.945135696120318e-05
просители,2.945135696120318e-05
замечтал,2.945135696120318e-05
смеют,2.945135696120318e-05
полуоткрыты,2.9448747675730142e-05
додумался,2.9448747675730142e-05
замерли,2.9448747675730142e-05
выдавали,2.944053329811022e-05
лгали,2.944053329811022e-05
безотчетности,2.9439999405993957e-05
безотчетно,2.9439999405993957e-05
приобретается,2.9439999405993957e-05
заслуга,2.9439999405993957e-05
слепоте,2.9439999405993957e-05
карт,2.943630685756697e-05
достанут,2.9431522380184566e-05
воспитаешь,2.9431522380184566e-05
умей,2.9431522380184566e-05
внешнюю,2.9430079547430957e-05
простенке,2.9407769398460658e-05
скрывал,2.9407769398460658e-05
односторонний,2.940597778118518e-05
годен,2.940597778118518e-05
смету,2.939854587673514e-05
рассказав,2.939821831469508e-05
старикам,2.939821831469508e-05
рояля,2.939409331143357e-05
проезжавшей,2.93894310685682e-05
прищуря,2.93894310685682e-05
доставил,2.9383881316379365e-05
отворотил,2.9383881316379365e-05
рыло,2.9383881316379365e-05
суток,2.9381588756754418e-05
полушубком,2.9379189163422174e-05
каникулы,2.9379189163422174e-05
чашками,2.935907217366825e-05
спадать,2.9350518322293094e-05
подвинулось,2.9350518322293094e-05
мокка,2.9346601380665033e-05
дедов,2.9346601380665033e-05
гавана,2.9346601380665033e-05
рисуешь,2.9346601380665033e-05
запыленное,2.9342785138429916e-05
оглядеть,2.9342785138429916e-05
наперед,2.9338791169286632e-05
почерк,2.9325864386579083e-05
атласная,2.9325864386579083e-05
нашлась,2.9325864386579083e-05
английского,2.9325864386579083e-05
кликал,2.9321160958999434e-05
сойтись,2.9321160958999434e-05
обильно,2.9320663170789483e-05
девочку,2.932017633151986e-05
обижалась,2.932017633151986e-05
предсказания,2.932017633151986e-05
утраты,2.9308289047525872e-05
дикости,2.9295518903985078e-05
блеснувшим,2.9295518903985078e-05
нажил,2.9295435242716393e-05
стройка,2.9291692894827677e-05
погружались,2.9282798397971276e-05
проверил,2.9276980764615713e-05
вычитание,2.9276980764615713e-05
сложение,2.9276980764615713e-05
опекун,2.927649869790835e-05
небольшого,2.927649869790835e-05
подряде,2.927649869790835e-05
штату,2.927212347067363e-05
невинный,2.927063694826426e-05
простят,2.927063694826426e-05
неге,2.9269833238940794e-05
любовника,2.9269552147088332e-05
янтарная,2.9265050327172387e-05
управляющих,2.926368774446574e-05
праздных,2.926368774446574e-05
благоухающею,2.924672622783303e-05
чудесным,2.924672622783303e-05
созданием,2.924672622783303e-05
померанцевые,2.9235858543430604e-05
блистанье,2.9235858543430604e-05
обещай,2.9220220485974413e-05
освободить,2.9220220485974413e-05
кольца,2.9220220485974413e-05
искренние,2.9214786069659734e-05
вызвала,2.9214786069659734e-05
всунул,2.921010913271274e-05
пощелкав,2.921010913271274e-05
жильцам,2.9208806401789842e-05
визита,2.9208806401789842e-05
внося,2.9205647964458628e-05
противоположная,2.920326991334168e-05
формировалась,2.920326991334168e-05
признавал,2.919845335192537e-05
поклонялся,2.919845335192537e-05
пустяках,2.9197054659183523e-05
сквозить,2.9197054659183523e-05
будничных,2.9197054659183523e-05
вещах,2.9197054659183523e-05
нынешнюю,2.9193309634491044e-05
средам,2.9193309634491044e-05
набиралось,2.9193309634491044e-05
канавы,2.9190610046525496e-05
плетнем,2.9190610046525496e-05
жирок,2.9176487138111682e-05
больницы,2.9176487138111682e-05
жиденький,2.9176487138111682e-05
приличнее,2.917352298914485e-05
упрекаю,2.917352298914485e-05
сходятся,2.9166602873252566e-05
крышей,2.9160439123577827e-05
прокаркал,2.9160439123577827e-05
петухом,2.9160439123577827e-05
прокричала,2.9160439123577827e-05
ворон,2.9160439123577827e-05
подавался,2.9152989524179343e-05
вкусно,2.9152989524179343e-05
господину,2.9142792349478706e-05
соглашался,2.9142792349478706e-05
настасью,2.9140712681145248e-05
степаниду,2.9140712681145248e-05
ивановну,2.9140712681145248e-05
способнее,2.9140408241447516e-05
изменит,2.91389223130356e-05
закурив,2.9138042804799894e-05
пустив,2.9138042804799894e-05
втянув,2.9138042804799894e-05
шнурочек,2.913284180894147e-05
стягивает,2.913284180894147e-05
поручением,2.9130126229836148e-05
задок,2.9114740584933117e-05
отстало,2.9114740584933117e-05
наклеенное,2.9114740584933117e-05
оселся,2.9114740584933117e-05
блуждая,2.9113279676105212e-05
опрокидываясь,2.9113279676105212e-05
облаках,2.9113279676105212e-05
несущихся,2.9113279676105212e-05
проведенный,2.91129894652198e-05
поверенная,2.91129894652198e-05
разделенная,2.91129894652198e-05
теряло,2.91129894652198e-05
нетвердыми,2.910976199197125e-05
убеждены,2.9104111570204608e-05
повидавшись,2.9104111570204608e-05
проворством,2.9099659502952877e-05
дугой,2.9095790756922593e-05
прощипаны,2.9095790756922593e-05
превозносили,2.909077463118283e-05
обнимались,2.909077463118283e-05
чудовища,2.907994642872688e-05
снималась,2.9070603697536657e-05
завеса,2.9070603697536657e-05
развивалось,2.9070603697536657e-05
рыцари,2.9069823542207565e-05
оркестр,2.9069823542207565e-05
выходят,2.9069823542207565e-05
зазвучит,2.9056082708293777e-05
встрепенется,2.9056082708293777e-05
грянет,2.9056082708293777e-05
щиплет,2.9054851124428382e-05
возбудило,2.9051451336597392e-05
бароне,2.9051451336597392e-05
принесенные,2.902961812322339e-05
закопал,2.902961812322339e-05
петром,2.90292152141802e-05
называться,2.90292152141802e-05
петровичем,2.90292152141802e-05
сжимал,2.9028642631477533e-05
восторгом,2.9028642631477533e-05
соблюдаю,2.9027928710859828e-05
придвигая,2.9021378586229463e-05
сказаны,2.9021378586229463e-05
встретя,2.902071221937194e-05
дань,2.902071221937194e-05
приложить,2.9017318617518047e-05
пузырь,2.9017318617518047e-05
пали,2.9014629942424115e-05
приляжет,2.901443381382349e-05
дочитывать,2.901443381382349e-05
очистить,2.901175479286443e-05
отнимал,2.901175479286443e-05
умираю,2.9006519812897678e-05
понадобились,2.9006519812897678e-05
законов,2.9004378637321782e-05
врожденная,2.9004378637321782e-05
неспособность,2.9004378637321782e-05
недостаток,2.9004378637321782e-05
подготовки,2.9004378637321782e-05
доступны,2.8990532803707463e-05
урной,2.8990532803707463e-05
всеобщих,2.8990532803707463e-05
кустов,2.8990532803707463e-05
удушливая,2.8987420885735818e-05
тупоумия,2.8987420885735818e-05
фи,2.8987420885735818e-05
грязный,2.8987420885735818e-05
тетрадке,2.8986486224232243e-05
докучливого,2.8986486224232243e-05
обнаруживал,2.8986486224232243e-05
трепещущего,2.897904271154551e-05
задало,2.8969007629564352e-05
танцевать,2.8965524030061777e-05
савишна,2.8957791821548658e-05
неимоверным,2.895285752500402e-05
терпением,2.895285752500402e-05
сообразит,2.8946925250805992e-05
добьется,2.8946925250805992e-05
растеряется,2.8946925250805992e-05
умы,2.8946309476511946e-05
пролежало,2.8946309476511946e-05
взволновало,2.8946309476511946e-05
посещение,2.894391702665981e-05
скупы,2.8942984753983356e-05
покупкою,2.8942984753983356e-05
производился,2.8942984753983356e-05
приобретался,2.8942984753983356e-05
утреннего,2.893957801697039e-05
смыслу,2.893957801697039e-05
езжу,2.893835768496707e-05
ил,2.8936334387516437e-05
усмешки,2.893301598908792e-05
соседнего,2.8927091338808285e-05
строящегося,2.8927091338808285e-05
топоров,2.8927091338808285e-05
рабочих,2.8927091338808285e-05
пруд,2.8919540780025735e-05
струсил,2.8909030079990142e-05
сжались,2.8909030079990142e-05
вынесла,2.890782157275394e-05
ковер,2.890782157275394e-05
навалено,2.890782157275394e-05
нежна,2.8906373868849945e-05
ласкового,2.8906373868849945e-05
задеть,2.8892366826997692e-05
детство,2.8890731896324314e-05
занятие,2.8878924735138937e-05
кроткими,2.8876088839000636e-05
открытыми,2.8876088839000636e-05
отчаянных,2.886997786719605e-05
разлилось,2.8865989625484725e-05
томление,2.8862873364852016e-05
лилась,2.8844561298893358e-05
прохлада,2.8844561298893358e-05
ручьи,2.884454753133386e-05
понимание,2.884330882284417e-05
качанье,2.883933544593982e-05
лондон,2.8814271868729558e-05
предупредив,2.8814271868729558e-05
прилег,2.880958784603591e-05
стучит,2.880958784603591e-05
подтверждалось,2.8808863522089557e-05
трепетным,2.8808863522089557e-05
материя,2.880632343602069e-05
чулана,2.880632343602069e-05
кляла,2.8801347448531373e-05
победила,2.8801347448531373e-05
рвануться,2.8800976875784076e-05
разорванные,2.8800375824902725e-05
спаяешь,2.8800375824902725e-05
влечешь,2.8800375824902725e-05
составишь,2.8800375824902725e-05
распался,2.8800375824902725e-05
встретила,2.8797190582758145e-05
оппозицию,2.8797190582758145e-05
системе,2.8797190582758145e-05
четвертого,2.8789202156106496e-05
именинники,2.8789202156106496e-05
сознательнее,2.8787282797837272e-05
карьерой,2.878592591707052e-05
нахватает,2.878592591707052e-05
чинов,2.878592591707052e-05
дунул,2.8782500323589064e-05
поешь,2.8779806696838117e-05
просунется,2.8777624785508634e-05
забытую,2.8770621486727157e-05
ломтем,2.8770621486727157e-05
вишневого,2.8769776451747632e-05
сиропа,2.8769776451747632e-05
зале,2.8763801318874328e-05
странной,2.8763801318874328e-05
бессознательной,2.8763801318874328e-05
указали,2.8762795223914133e-05
благодарна,2.8762795223914133e-05
аллея,2.8762795223914133e-05
веселое,2.875602560542392e-05
нетерпеливым,2.875582021358603e-05
мается,2.875582021358603e-05
машет,2.875582021358603e-05
устранит,2.875582021358603e-05
неведомой,2.874665901606009e-05
пошарил,2.8745470308852118e-05
полицейские,2.8739277686448387e-05
экономические,2.8739277686448387e-05
уносила,2.8736133194178303e-05
повисшей,2.8736133194178303e-05
коленей,2.8736133194178303e-05
пробегая,2.873607905158127e-05
барабанил,2.873607905158127e-05
отступишься,2.8735765553237626e-05
испугается,2.8735367140745894e-05
вскрикнет,2.8735367140745894e-05
властвовала,2.8731132112398403e-05
покорных,2.8731132112398403e-05
волоски,2.8729444197010384e-05
беленький,2.8729444197010384e-05
ручки,2.8729444197010384e-05
шелк,2.8729444197010384e-05
наливной,2.8729444197010384e-05
засияла,2.872787833813371e-05
волшебная,2.872787833813371e-05
заиграла,2.872787833813371e-05
немудреный,2.87272469250072e-05
начертанный,2.87272469250072e-05
кидала,2.87272469250072e-05
пропастями,2.8724524984337444e-05
скалами,2.8724524984337444e-05
недосягаемым,2.8724524984337444e-05
отступилось,2.8724524984337444e-05
далеким,2.8724524984337444e-05
клонится,2.872080255070452e-05
трескотней,2.8719846020637868e-05
расстроен,2.8719846020637868e-05
предстоящим,2.8719846020637868e-05
повсюду,2.87149843046359e-05
всенаполняющего,2.87149843046359e-05
разлитого,2.87149843046359e-05
принятая,2.8714901718525297e-05
форма,2.8714901718525297e-05
прикрывалось,2.8714901718525297e-05
съем,2.87132178937637e-05
бисквиты,2.87132178937637e-05
таяли,2.87132178937637e-05
удалиться,2.8708533551637144e-05
обеспечить,2.8708533551637144e-05
бьешься,2.8708533551637144e-05
настойчивого,2.8707204552679863e-05
сигарой,2.8707204552679863e-05
скрыться,2.8707204552679863e-05
щегольской,2.870559859741688e-05
сшитом,2.870559859741688e-05
напевает,2.870559859741688e-05
полями,2.869579102984462e-05
пахнут,2.869579102984462e-05
рощей,2.869579102984462e-05
нарву,2.869579102984462e-05
девственность,2.8693990387734288e-05
растлелось,2.8693990387734288e-05
чистоту,2.8693990387734288e-05
берегла,2.8693990387734288e-05
скольких,2.8681676634219353e-05
упрашиванья,2.8681676634219353e-05
слышным,2.868051056530627e-05
ручей,2.868051056530627e-05
прячась,2.868051056530627e-05
пробираться,2.868051056530627e-05
журчаньем,2.868051056530627e-05
представление,2.867964840140258e-05
оправилась,2.867623629853805e-05
тревожило,2.867623629853805e-05
оправлялась,2.867623629853805e-05
восклицанию,2.8675074573557354e-05
патетическому,2.8675074573557354e-05
жесту,2.8675074573557354e-05
худ,2.8674786908225264e-05
свежих,2.8672306755938836e-05
бобов,2.8672306755938836e-05
возню,2.867209525936609e-05
прогнала,2.867209525936609e-05
назначенным,2.867137904192116e-05
радостного,2.867137904192116e-05
свыше,2.867137904192116e-05
гордого,2.867137904192116e-05
терзали,2.866882982544305e-05
пытка,2.866882982544305e-05
невыносимо,2.866882982544305e-05
позднейшее,2.8664069125961427e-05
факта,2.8664069125961427e-05
успокоительном,2.8664069125961427e-05
наступала,2.8664069125961427e-05
облегчалась,2.8657466540041443e-05
стесненная,2.8657466540041443e-05
терпится,2.865272154334648e-05
падшему,2.8642635888249877e-05
глумитесь,2.8642635888249877e-05
плачьте,2.8642635888249877e-05
протяните,2.8642635888249877e-05
дочерях,2.864065144910844e-05
поджимают,2.864065144910844e-05
платьишки,2.864065144910844e-05
гусыни,2.864065144910844e-05
всеобщей,2.8636908250627124e-05
поворачивался,2.8629902289789982e-05
широкого,2.8627128994707188e-05
напоминало,2.8627128994707188e-05
старику,2.8627128994707188e-05
духоты,2.8626715617931083e-05
охта,2.8626715617931083e-05
безбородкин,2.8626715617931083e-05
прокатиться,2.861313218784254e-05
успею,2.861313218784254e-05
отделаюсь,2.861313218784254e-05
лжете,2.8609353112119097e-05
обманываете,2.8609353112119097e-05
спешу,2.8609353112119097e-05
графский,2.8609284357210884e-05
алоэ,2.8609284357210884e-05
совершал,2.8605345363867528e-05
дорожка,2.8605345363867528e-05
продолжена,2.8605345363867528e-05
двухчасовое,2.8605345363867528e-05
женских,2.8599497796397228e-05
слепой,2.8599497796397228e-05
любезный,2.859879513450198e-05
незатейливой,2.8592404224374584e-05
перила,2.8592267134232913e-05
обрушившиеся,2.8592267134232913e-05
сараям,2.8592267134232913e-05
оттащить,2.8592267134232913e-05
купца,2.858519673098676e-05
живьем,2.858519673098676e-05
офицера,2.858519673098676e-05
отпечатают,2.858519673098676e-05
изображена,2.8567057839741893e-05
наварю,2.8565921573034826e-05
солонины,2.8565921573034826e-05
запасем,2.8565921573034826e-05
детскою,2.8562565524221262e-05
безукоризненно,2.8555975395308668e-05
ослеплял,2.8555975395308668e-05
причесан,2.8555975395308668e-05
заикаться,2.8548316822358572e-05
расстроивает,2.8548316822358572e-05
морщинами,2.854375049280204e-05
клеймила,2.854375049280204e-05
недугами,2.854375049280204e-05
преждевременными,2.854375049280204e-05
ударами,2.854375049280204e-05
обернул,2.853921418797894e-05
разлитый,2.853921418797894e-05
разбросанный,2.853921418797894e-05
старостой,2.8536814299325078e-05
заходить,2.8536814299325078e-05
упрашивали,2.8535959810435507e-05
ужасам,2.8535896446041985e-05
настроение,2.8535896446041985e-05
полежал,2.8535896446041985e-05
поужинал,2.8535896446041985e-05
уступило,2.8535896446041985e-05
поэтическое,2.8535896446041985e-05
пополам,2.8532261781908207e-05
несносно,2.8531685091766955e-05
растеряют,2.8531685091766955e-05
переездкой,2.8531685091766955e-05
перебьют,2.8531685091766955e-05
озадачила,2.8527674531447665e-05
гороскоп,2.852746396689208e-05
загорелось,2.8521245011971337e-05
отряд,2.8521245011971337e-05
роют,2.8521245011971337e-05
канал,2.8521245011971337e-05
войска,2.8521245011971337e-05
образования,2.851757305934587e-05
очевидную,2.851757305934587e-05
смекали,2.851757305934587e-05
неустающие,2.8514735025146957e-05
жадные,2.8514735025146957e-05
загораживая,2.851437374689529e-05
бодрствую,2.850773545581802e-05
оберегаю,2.850773545581802e-05
попыток,2.8506796641428176e-05
небывалым,2.8506796641428176e-05
уговаривай,2.8506796641428176e-05
напрасных,2.8506796641428176e-05
помешает,2.8495624449724657e-05
церковью,2.8490549377262002e-05
обедня,2.8490549377262002e-05
поравнялись,2.8490549377262002e-05
признаюсь,2.8489464193046758e-05
шелохнутся,2.848801493486347e-05
деревней,2.848801493486347e-05
полем,2.848801493486347e-05
вымерло,2.848801493486347e-05
парадному,2.8487725192447238e-05
старо,2.8487725192447238e-05
чепцу,2.8487725192447238e-05
поношено,2.8487725192447238e-05
сравнивать,2.8482373377485816e-05
ницце,2.8480335087907768e-05
заворотила,2.8477118627041643e-05
избегала,2.8477118627041643e-05
образование,2.8470584359014777e-05
пшеница,2.846596995017016e-05
цене,2.8457439697889832e-05
присмотрите,2.8457439697889832e-05
решительности,2.8450494239117765e-05
похудевшее,2.8450494239117765e-05
нахмуренные,2.8450494239117765e-05
жесток,2.8447663240923222e-05
прилив,2.8447663240923222e-05
бедным,2.8443460214768145e-05
беднее,2.8443460214768145e-05
богатым,2.8443460214768145e-05
назовешь,2.8443460214768145e-05
сложиться,2.8442405474956247e-05
характеру,2.8442405474956247e-05
смешанные,2.8442405474956247e-05
сложился,2.8442405474956247e-05
очутилось,2.8441089165363635e-05
собирались,2.8441089165363635e-05
проводимых,2.8436495507843975e-05
успокаивал,2.8421882519657983e-05
хозяйским,2.8421882519657983e-05
билетом,2.8415619439508498e-05
древних,2.841303677892574e-05
напутает,2.8408696540851154e-05
недоброжелателен,2.84060131742402e-05
бранчив,2.84060131742402e-05
бесполезной,2.84060131742402e-05
сонному,2.840518605669632e-05
скучающему,2.840518605669632e-05
небрежности,2.840518605669632e-05
пансионной,2.8401963573543528e-05
подруге,2.8401963573543528e-05
певица,2.8401963573543528e-05
нанести,2.8400757697894582e-05
курьеру,2.8393745733458387e-05
докладу,2.8393745733458387e-05
везу,2.8393745733458387e-05
напечет,2.8392689663043523e-05
холодок,2.8392689663043523e-05
болеть,2.8392689663043523e-05
уведи,2.8392689663043523e-05
оступаясь,2.838860833926891e-05
incognita,2.838860833926891e-05
terra,2.838860833926891e-05
отравлений,2.838860833926891e-05
коттедж,2.8387369053471466e-05
донизу,2.8387369053471466e-05
миртов,2.8387369053471466e-05
сверху,2.8387369053471466e-05
луком,2.8386431781968143e-05
морковью,2.8386431781968143e-05
лишний,2.8384183361465024e-05
продлятся,2.837640062644818e-05
прошлому,2.837491777488249e-05
свободны,2.837491777488249e-05
принадлежите,2.837491777488249e-05
дворней,2.837272734493527e-05
вправе,2.837272734493527e-05
подмышки,2.8371766075209663e-05
торчавший,2.8371766075209663e-05
выдернул,2.8371766075209663e-05
борьбой,2.8356138012990343e-05
измученный,2.8356138012990343e-05
победителем,2.8356138012990343e-05
проникнут,2.8354415575438502e-05
нижний,2.8351704759522093e-05
изгиба,2.834949483578741e-05
проповедовал,2.834949483578741e-05
основа,2.834949483578741e-05
дрянном,2.833686457440531e-05
ночевал,2.833686457440531e-05
булочную,2.833530444630091e-05
убеждаюсь,2.8334342721313355e-05
занимаюсь,2.833403138094724e-05
волнующуюся,2.8333363430579455e-05
распахнувшийся,2.8333363430579455e-05
вздули,2.8328466721329696e-05
пойманным,2.8328466721329696e-05
козе,2.8328466721329696e-05
коровам,2.8328466721329696e-05
окружили,2.8327901127226625e-05
чмокаться,2.8327901127226625e-05
здороваться,2.8327901127226625e-05
поумничала,2.832608277901161e-05
расстилаться,2.832608277901161e-05
прояснялось,2.83200455295797e-05
крошечную,2.8315276635275477e-05
подсмотреть,2.8311351877637133e-05
спрятались,2.8311351877637133e-05
мрачное,2.8299766454681797e-05
эгоизм,2.8299766454681797e-05
двойным,2.82974031105928e-05
кивает,2.8296954299143723e-05
указывает,2.8296954299143723e-05
разразилась,2.8296827444955816e-05
рыданием,2.8296827444955816e-05
подступило,2.8294735578166124e-05
сотый,2.8294735578166124e-05
поднимавшийся,2.8290328182765694e-05
влюбленными,2.8290328182765694e-05
записка,2.8282876692414202e-05
молодая,2.828285714858772e-05
кудахтал,2.8275223785033974e-05
ворвалась,2.8275223785033974e-05
доехать,2.827257048711112e-05
взаимные,2.8263160424166732e-05
превращаться,2.8263160424166732e-05
взыскательнее,2.8263160424166732e-05
острым,2.8255347705498474e-05
переимчивым,2.8255347705498474e-05
посвящают,2.8255347705498474e-05
городничий,2.8252941845080608e-05
зубам,2.8252941845080608e-05
усиленно,2.8245327677240107e-05
пересказать,2.8242761333341597e-05
навеянной,2.823804369693612e-05
верному,2.823804369693612e-05
нелицемерной,2.823804369693612e-05
истинной,2.823804369693612e-05
никем,2.823804369693612e-05
разборы,2.8231809860739324e-05
беллетристов,2.8231809860739324e-05
газету,2.8231809860739324e-05
улучшились,2.8228890440888665e-05
покупкой,2.8218243692258525e-05
пролетарий,2.8218243692258525e-05
посылается,2.8218243692258525e-05
ближайший,2.8218243692258525e-05
томными,2.8214180953114625e-05
указать,2.820929088258664e-05
равнодушию,2.8205695329910723e-05
оправляться,2.8205695329910723e-05
ласкаясь,2.820550824124634e-05
замечай,2.820550824124634e-05
корреджиевой,2.8204826572429673e-05
мадонн,2.8204826572429673e-05
рафаэлевских,2.8204826572429673e-05
бельведерского,2.8204826572429673e-05
аполлона,2.8204826572429673e-05
трепать,2.819118360406979e-05
тревожьте,2.8187182851932996e-05
тихим,2.8186807353596074e-05
богатой,2.8185914914639352e-05
литейной,2.8185914914639352e-05
времечко,2.8185914914639352e-05
выводить,2.8185914914639352e-05
свысока,2.8172593304131885e-05
приходивших,2.8172593304131885e-05
проч,2.8172593304131885e-05
перекрестный,2.8166794372198904e-05
подозвала,2.8166794372198904e-05
возвышались,2.8166248806869236e-05
стеганые,2.8166248806869236e-05
белели,2.8166248806869236e-05
замучила,2.815691161401513e-05
ложечкой,2.815691161401513e-05
дыханье,2.815691161401513e-05
обязанностях,2.8155698504054453e-05
прижималась,2.8155698504054453e-05
долге,2.8155698504054453e-05
слабое,2.8143152817095046e-05
сосредоточеннее,2.814242352858642e-05
таила,2.814242352858642e-05
падала,2.8121369429793262e-05
пудами,2.811495380940768e-05
замену,2.8114069314275733e-05
выгодную,2.8114069314275733e-05
завещанного,2.8114069314275733e-05
достигнутого,2.8114069314275733e-05
поприща,2.8114069314275733e-05
поскакать,2.8110665527308377e-05
отворились,2.8108965184270902e-05
внесенные,2.8108965184270902e-05
озарили,2.8108965184270902e-05
парнем,2.8099293539590126e-05
нянчил,2.8099293539590126e-05
проворным,2.8099293539590126e-05
прожорливым,2.8099293539590126e-05
вояж,2.8097820578662066e-05
обязаны,2.8097820578662066e-05
россия,2.8097820578662066e-05
заражал,2.8091707753021512e-05
юношеский,2.8091707753021512e-05
сгорал,2.8091707753021512e-05
раздаются,2.8091537899800984e-05
лунатизм,2.809142700935464e-05
впала,2.809142700935464e-05
цвета,2.807918019980031e-05
страшного,2.8077827078176538e-05
подкинуть,2.8069083058266623e-05
подметки,2.8069083058266623e-05
доказывал,2.8069083058266623e-05
зайди,2.806869254117487e-05
научит,2.806869254117487e-05
обманщика,2.8064272571577777e-05
мошенника,2.8064272571577777e-05
француз,2.8064272571577777e-05
хитреца,2.8064272571577777e-05
разбойника,2.8064272571577777e-05
мастеровому,2.8050578902951554e-05
расписываться,2.8050578902951554e-05
дипломат,2.8046470890385636e-05
опущенная,2.8034900630629895e-05
барышниной,2.8034900630629895e-05
повиновались,2.8033433909852043e-05
сойти,2.8033433909852043e-05
герасимычу,2.803252140601412e-05
встревожен,2.80265362778268e-05
сдерживались,2.80265362778268e-05
лишенною,2.80265362778268e-05
каватину,2.8024136836329144e-05
засвидетельствовал,2.80220961080479e-05
помышлял,2.80220961080479e-05
приберешь,2.801888302637784e-05
попотчевать,2.801888302637784e-05
теснила,2.8014115793130435e-05
обошел,2.8014115793130435e-05
пустым,2.8014115793130435e-05
дерзостей,2.801167060225428e-05
побагровел,2.801167060225428e-05
табак,2.7996864461452966e-05
сжался,2.7994124844964455e-05
пустили,2.7992895357108102e-05
опускалась,2.799102185726046e-05
сосульках,2.7986805295274247e-05
хрипеть,2.7986805295274247e-05
выгладит,2.7986805295274247e-05
ухватить,2.7986805295274247e-05
вселяется,2.7985842233738136e-05
девы,2.798476941525008e-05
стариками,2.7983666677505044e-05
молодыми,2.7983666677505044e-05
оставляет,2.7983223736627132e-05
бегло,2.796295845211514e-05
салопа,2.796295845211514e-05
шляпки,2.796295845211514e-05
сбежал,2.795503022670755e-05
окоченели,2.795503022670755e-05
картине,2.7949144757284592e-05
сломана,2.7949144757284592e-05
разбито,2.7949144757284592e-05
ножка,2.7949144757284592e-05
разбила,2.7945265894311662e-05
воск,2.794462277384578e-05
лить,2.794462277384578e-05
топить,2.794462277384578e-05
собьет,2.794462277384578e-05
олово,2.794462277384578e-05
дмитрий,2.7942143389784422e-05
сподряд,2.7942143389784422e-05
упомянули,2.7942143389784422e-05
трехстах,2.7931774602189988e-05
выгоню,2.7931774602189988e-05
являйся,2.7931774602189988e-05
зачахла,2.793067909919975e-05
казнь,2.793067909919975e-05
ежечасные,2.793067909919975e-05
хватило,2.7921151888143145e-05
цветущая,2.7921151888143145e-05
летняя,2.7921151888143145e-05
крошить,2.7921135561600403e-05
тереть,2.7921135561600403e-05
лук,2.7921135561600403e-05
пряности,2.7921135561600403e-05
сельтерскую,2.791762514054599e-05
устремились,2.790585250659976e-05
вытянулись,2.790585250659976e-05
обомлели,2.790585250659976e-05
направлению,2.790585250659976e-05
одуревшими,2.7903388901285497e-05
опомнясь,2.790112408140855e-05
нанесенной,2.790112408140855e-05
случится,2.7897729505668307e-05
купцу,2.7892531884018952e-05
буфету,2.7892531884018952e-05
стареемся,2.787366166034941e-05
согрешишь,2.786165054234594e-05
убогая,2.786165054234594e-05
далеких,2.7860127577154987e-05
жарких,2.7860127577154987e-05
чтений,2.7860127577154987e-05
прогулок,2.7860127577154987e-05
святые,2.7858653898189187e-05
иконы,2.7858653898189187e-05
растолкала,2.785300623416781e-05
истязаний,2.785277158425225e-05
рабочие,2.7845810331328658e-05
махать,2.7844625615988678e-05
отерла,2.7844625615988678e-05
непривычных,2.7844135006855298e-05
возвышался,2.7844135006855298e-05
выкричишься,2.7842731083398032e-05
заряжанье,2.7842731083398032e-05
новостями,2.7842731083398032e-05
обречь,2.7842731083398032e-05
всесветными,2.7842731083398032e-05
насильственною,2.7826678773011608e-05
естественною,2.7826678773011608e-05
сот,2.7826678773011608e-05
краснею,2.7822081435199762e-05
каюсь,2.7822081435199762e-05
потере,2.7814187800674156e-05
выплакав,2.7814187800674156e-05
веток,2.7804182084051314e-05
знаменательных,2.7804182084051314e-05
символических,2.7804182084051314e-05
сиреневых,2.7804182084051314e-05
невозвратно,2.7804182084051314e-05
застывая,2.7799622651440406e-05
умирали,2.7799622651440406e-05
дожив,2.7799622651440406e-05
холмы,2.779863200340977e-05
повисшими,2.7793365819869564e-05
кастрюлями,2.7793365819869564e-05
естественному,2.7791360897065673e-05
препятствию,2.7791360897065673e-05
внимал,2.7783902585138334e-05
поймала,2.7783902585138334e-05
запрещениям,2.7783902585138334e-05
направился,2.7783902585138334e-05
положат,2.7782965862830368e-05
уезжавшей,2.7771250689812566e-05
пятую,2.7760861010192846e-05
истощив,2.7752411004730925e-05
голо,2.7752189756317062e-05
полетит,2.7745164040893956e-05
бесполезное,2.7745164040893956e-05
помешать,2.7745164040893956e-05
полосы,2.7744441749674066e-05
лоснящиеся,2.7744441749674066e-05
припухлые,2.7744441749674066e-05
полезны,2.774251446139184e-05
вредны,2.774251446139184e-05
вычитал,2.774251446139184e-05
вечерние,2.774251446139184e-05
испарения,2.774251446139184e-05
утренние,2.774251446139184e-05
связывала,2.773767937844084e-05
общая,2.773767937844084e-05
швам,2.7730965729121977e-05
расползается,2.7730965729121977e-05
истаскался,2.7730965729121977e-05
зашивались,2.7730965729121977e-05
минутах,2.7729085856016583e-05
остановка,2.7729085856016583e-05
смущала,2.7729085856016583e-05
уловила,2.7729085856016583e-05
сарафане,2.772771638672507e-05
сморщенной,2.772771638672507e-05
старухой,2.772771638672507e-05
волнами,2.7726151751879043e-05
кипучими,2.7726151751879043e-05
воображать,2.7726151751879043e-05
несущейся,2.7726151751879043e-05
шумно,2.7726151751879043e-05
завыванье,2.772234832053678e-05
трубе,2.772234832053678e-05
снежки,2.7717272084851247e-05
закрываешь,2.7711058255829986e-05
отворяешь,2.7711058255829986e-05
настудишь,2.7711058255829986e-05
форточки,2.7711058255829986e-05
попав,2.7695724769022384e-05
грамотных,2.769358557328284e-05
набито,2.769358557328284e-05
битком,2.769358557328284e-05
знатных,2.769358557328284e-05
опытность,2.769302068711806e-05
нравились,2.769071686582446e-05
частые,2.7687712031371504e-05
основанием,2.7687712031371504e-05
окаянного,2.768698470018936e-05
разливе,2.7686522403488898e-05
широких,2.7686522403488898e-05
холмах,2.7686522403488898e-05
зеленых,2.7686522403488898e-05
маевские,2.7654980214464802e-05
абонируйся,2.7654980214464802e-05
засыпают,2.765130130836962e-05
возвращаются,2.765130130836962e-05
вьюги,2.765130130836962e-05
ломают,2.765130130836962e-05
канцелярию,2.7650213943798012e-05
дожил,2.7650213943798012e-05
писцом,2.7650213943798012e-05
уменьшения,2.7647838474400047e-05
разыскать,2.7647838474400047e-05
благодари,2.7645679210115523e-05
ваниль,2.7645231253160227e-05
ситцевое,2.7632424280767284e-05
загрубели,2.7632424280767284e-05
загорели,2.7632424280767284e-05
одета,2.7632424280767284e-05
смазные,2.7628226203653618e-05
бархатные,2.7628226203653618e-05
штаны,2.7628226203653618e-05
гармоники,2.7628226203653618e-05
кофеи,2.7628226203653618e-05
ухаживал,2.7626346805713856e-05
сапоге,2.7626346805713856e-05
выручит,2.7622874615920738e-05
яйцах,2.7622874615920738e-05
цыплятах,2.7622874615920738e-05
ребятишкам,2.7622874615920738e-05
положениях,2.7621676885376412e-05
посетители,2.7621676885376412e-05
сопят,2.7621676885376412e-05
бережете,2.7615998005349896e-05
эгоизме,2.7615998005349896e-05
оправдывают,2.7615998005349896e-05
лавочник,2.761490061521338e-05
провизию,2.761490061521338e-05
девические,2.7608209425402957e-05
внезапного,2.7608209425402957e-05
высказывались,2.7608209425402957e-05
растопалась,2.760690930719739e-05
раскричалась,2.760690930719739e-05
каморку,2.760690930719739e-05
разъезде,2.760252498705414e-05
подойдешь,2.760252498705414e-05
зайдешь,2.760252498705414e-05
видим,2.760252498705414e-05
маловажное,2.760206426537489e-05
кодексе,2.760206426537489e-05
посягал,2.760206426537489e-05
утомлялись,2.759864906373703e-05
отодвигалось,2.759864906373703e-05
сверкнула,2.7581928457136374e-05
звездочка,2.7581928457136374e-05
крыльях,2.75765099945087e-05
названия,2.7575084619456295e-05
сальная,2.757071192969526e-05
зимние,2.757071192969526e-05
тускло,2.757071192969526e-05
допускалось,2.757071192969526e-05
взялась,2.756777837753835e-05
кондитера,2.756777837753835e-05
выхлопотать,2.756777837753835e-05
достичь,2.7567438265115827e-05
третного,2.7549353390428337e-05
заходили,2.7545877521806133e-05
счастливее,2.754346539794401e-05
мертвец,2.7539709896087737e-05
чудится,2.7539709896087737e-05
ступит,2.7529305495999656e-05
дворянин,2.7528142967448757e-05
родом,2.7528142967448757e-05
разговеемся,2.752693976364053e-05
проскрежетал,2.7521193943635535e-05
калитке,2.7521193943635535e-05
порывом,2.752005123649157e-05
болтлива,2.752005123649157e-05
резва,2.752005123649157e-05
кусочек,2.7511926523240784e-05
думай,2.7511926523240784e-05
собаке,2.7511926523240784e-05
изображать,2.7510925042735258e-05
соловья,2.7510925042735258e-05
морозное,2.7510925042735258e-05
гербовая,2.750972015823664e-05
исписанная,2.750972015823664e-05
подписывают,2.7507025930640586e-05
олухи,2.7507025930640586e-05
перевелись,2.7507025930640586e-05
брату,2.7507025930640586e-05
русскую,2.748963947440351e-05
французским,2.748963947440351e-05
уедешь,2.7484542621437112e-05
предвидеть,2.7484542621437112e-05
хмель,2.7482555581689872e-05
выпучив,2.7482555581689872e-05
выпущу,2.7482555581689872e-05
влажный,2.748182126611462e-05
выселить,2.7471733165245557e-05
пустошь,2.7471733165245557e-05
подошвы,2.7471104218105773e-05
постороннему,2.747013198605653e-05
университета,2.746662436205166e-05
пройдут,2.7462733212567737e-05
ровны,2.7462733212567737e-05
пристрастно,2.746243324181185e-05
сужу,2.746243324181185e-05
рассказывай,2.746243324181185e-05
методически,2.746121047292083e-05
нагнул,2.746121047292083e-05
соперников,2.7456851484520654e-05
вышесказанными,2.7456851484520654e-05
уклонялись,2.7456851484520654e-05
заведовают,2.7450756787863702e-05
проведена,2.7449672907890773e-05
умничает,2.7449672907890773e-05
помешалась,2.7449397814162228e-05
светелке,2.7449397814162228e-05
непарадных,2.7449397814162228e-05
рецепт,2.743334702312913e-05
варили,2.743334702312913e-05
приударил,2.742743536991261e-05
плачем,2.742743536991261e-05
жуков,2.742743536991261e-05
зажужжали,2.742743536991261e-05
влетели,2.742743536991261e-05
умозрений,2.741466589932398e-05
могущее,2.741466589932398e-05
поступал,2.741466589932398e-05
укоризной,2.7414605409860832e-05
подманить,2.7414605409860832e-05
любо,2.7410645632052822e-05
настройщика,2.7410645632052822e-05
светилось,2.7410217306413312e-05
пропускающем,2.7410217306413312e-05
бодром,2.7410217306413312e-05
говорящей,2.7410217306413312e-05
зорком,2.7410217306413312e-05
темных,2.7410217306413312e-05
служившей,2.74091473469691e-05
кабинетом,2.74091473469691e-05
спальней,2.74091473469691e-05
шипящую,2.740717201885596e-05
неся,2.740717201885596e-05
яичницей,2.740717201885596e-05
старосту,2.739190073472457e-05
сменил,2.739190073472457e-05
посредство,2.739190073472457e-05
прожитой,2.7391260374548063e-05
краткие,2.7391260374548063e-05
переживает,2.7391260374548063e-05
нисходят,2.7391260374548063e-05
задумчивые,2.7391260374548063e-05
копаю,2.739009843847723e-05
оплакиваю,2.739009843847723e-05
мелочью,2.738101123892283e-05
фигуре,2.738101123892283e-05
нагибаться,2.738101123892283e-05
невестки,2.7361121601290924e-05
альянов,2.7360020027793313e-05
пхайло,2.7360020027793313e-05
севастьяныч,2.7360020027793313e-05
колымягин,2.7360020027793313e-05
альбертыч,2.7360020027793313e-05
казимир,2.7360020027793313e-05
почивали,2.7358024508702256e-05
тлеет,2.7354559873722483e-05
приглашены,2.7353681417141145e-05
графской,2.7353681417141145e-05
поварам,2.7353681417141145e-05
естественную,2.734502121344912e-05
встретишь,2.734502121344912e-05
простоту,2.734502121344912e-05
девице,2.734502121344912e-05
вареников,2.733813915792395e-05
сомневаетесь,2.7336799973861955e-05
выпустил,2.7336799973861955e-05
главный,2.733644228630194e-05
охватывал,2.733644228630194e-05
разгорался,2.733644228630194e-05
сковывал,2.733644228630194e-05
окончании,2.7328992931751712e-05
условию,2.7328992931751712e-05
суматохе,2.7325110148556166e-05
шляпку,2.7325110148556166e-05
влияние,2.732170916341963e-05
нравственную,2.732170916341963e-05
опеку,2.732170916341963e-05
получила,2.732170916341963e-05
уволь,2.7321405984868016e-05
сказок,2.7321405984868016e-05
лености,2.7321405984868016e-05
прощал,2.731697925953847e-05
насмешки,2.731697925953847e-05
добрее,2.731697925953847e-05
разный,2.7316074951947146e-05
украшение,2.7312841374167154e-05
министерства,2.7312841374167154e-05
выразился,2.7312841374167154e-05
министр,2.7312841374167154e-05
неизменяющейся,2.730627332809859e-05
неположенные,2.730627332809859e-05
некраснеющих,2.7296592553449624e-05
лоснятся,2.7296592553449624e-05
небледнеющих,2.7296592553449624e-05
секретарше,2.728519190787877e-05
коллежской,2.728519190787877e-05
позволили,2.728202698851913e-05
почтенный,2.7274154615386266e-05
швейцары,2.7274154615386266e-05
понравился,2.7274154615386266e-05
засучились,2.727076831103769e-05
вытянул,2.727076831103769e-05
эпизод,2.7268793328997232e-05
налюбуется,2.726747554586944e-05
семеновной,2.726747554586944e-05
марьей,2.726747554586944e-05
распространилось,2.7266705424479697e-05
затушить,2.7266705424479697e-05
привычными,2.726372819167284e-05
речке,2.725421079868382e-05
всевозможные,2.7253247755146986e-05
продукты,2.7253247755146986e-05
предлагали,2.7253247755146986e-05
лошадью,2.7250450568070282e-05
свалился,2.7250450568070282e-05
обмести,2.7248483794770467e-05
чищу,2.7248483794770467e-05
убираю,2.7248483794770467e-05
снимаю,2.7248483794770467e-05
соскочил,2.7245448088870415e-05
крестила,2.7245448088870415e-05
зреют,2.724056210462129e-05
совершающиеся,2.724056210462129e-05
западают,2.724056210462129e-05
прадедов,2.7240491557804264e-05
сатиру,2.7240491557804264e-05
сказку,2.7240491557804264e-05
коварную,2.7240491557804264e-05
редакция,2.7234254147051217e-05
полю,2.7230507928218882e-05
юбка,2.721859076689607e-05
выманивать,2.7216816708905096e-05
мелкопоместный,2.7216816708905096e-05
переводят,2.7216816708905096e-05
дворянина,2.7216816708905096e-05
монумент,2.720953074901341e-05
бродивших,2.720953074901341e-05
очнуться,2.7206102541977307e-05
больны,2.7206102541977307e-05
заперев,2.7203251871199272e-05
стойло,2.7194870274389402e-05
родилась,2.7194870274389402e-05
чердак,2.7194870274389402e-05
жертвует,2.7187126027506325e-05
молвой,2.7187126027506325e-05
заменяет,2.7187126027506325e-05
выплеснет,2.7183976728477297e-05
неприятель,2.7182132106962524e-05
выиграть,2.7182132106962524e-05
океан,2.7176652783036585e-05
запыленному,2.7174563905562095e-05
канула,2.7172643886184815e-05
постарела,2.7172643886184815e-05
нашептывал,2.7172253393585062e-05
развивал,2.7172253393585062e-05
посаженные,2.71694804716187e-05
полынь,2.71694804716187e-05
дремлют,2.71694804716187e-05
дружеской,2.71694804716187e-05
неприкосновенное,2.7165735340352294e-05
отталкивало,2.716011578182081e-05
купались,2.716011578182081e-05
слушался,2.7158242167733325e-05
молчаливая,2.7158242167733325e-05
скача,2.7140166953665283e-05
обаянию,2.7138856371181355e-05
собственную,2.7138856371181355e-05
барыни,2.7138856371181355e-05
наказов,2.7138856371181355e-05
рассказам,2.713832059407214e-05
живописно,2.713832059407214e-05
пылом,2.713832059407214e-05
надвяжу,2.712472513231029e-05
надвяжем,2.712472513231029e-05
бабушке,2.712472513231029e-05
скрестил,2.7118528919601185e-05
надеждах,2.7117853694331865e-05
просветлении,2.7117853694331865e-05
рассказала,2.7117853694331865e-05
поцелуе,2.7117853694331865e-05
крапиву,2.7113033215778038e-05
рябину,2.7113033215778038e-05
выглядывавшую,2.7113033215778038e-05
долгий,2.711245787360148e-05
порхнули,2.710719390234972e-05
левом,2.710719390234972e-05
гербовой,2.7106559698901884e-05
понурил,2.7095559213448084e-05
сознавая,2.7095559213448084e-05
улыбнусь,2.709487021032209e-05
запинкой,2.709487021032209e-05
выплакивает,2.7094489303820638e-05
каватины,2.7094489303820638e-05
пропев,2.7094489303820638e-05
золотить,2.708285844073975e-05
пилюлю,2.708285844073975e-05
вздыхая,2.708285844073975e-05
пробирались,2.7082294153950424e-05
непроницаемых,2.7082294153950424e-05
начертанных,2.7082179096657402e-05
средствами,2.7082179096657402e-05
покатости,2.7072287699094976e-05
склону,2.7072287699094976e-05
оглядки,2.7072287699094976e-05
разглаживается,2.7070531894174192e-05
заселилось,2.705849260689742e-05
засели,2.705849260689742e-05
странными,2.705849260689742e-05
корпусом,2.7055444769464495e-05
преобразований,2.7053713431931035e-05
отдавят,2.7052418994699153e-05
извинение,2.7052418994699153e-05
обмахивая,2.7052418994699153e-05
ставить,2.7042059858872277e-05
отложили,2.703503765407607e-05
синих,2.7033195759250478e-05
выступившими,2.7033195759250478e-05
узлами,2.7033195759250478e-05
рвался,2.7031454207114234e-05
легким,2.7031454207114234e-05
высоту,2.7031454207114234e-05
таблица,2.7031360210540922e-05
каменной,2.7031360210540922e-05
подразумевать,2.7031360210540922e-05
начертана,2.7031360210540922e-05
скрижали,2.7031360210540922e-05
утонченность,2.702678323930467e-05
позднейшей,2.702678323930467e-05
безграничная,2.702678323930467e-05
выработалась,2.7022020265075838e-05
убаюкивала,2.7022020265075838e-05
возов,2.7021070882012666e-05
тюков,2.7021070882012666e-05
присылали,2.7021070882012666e-05
отопление,2.7015091438928513e-05
освещение,2.7015091438928513e-05
мерцающий,2.7014527106358804e-05
закрывать,2.701290936971092e-05
бредить,2.701290936971092e-05
ускользнет,2.701290936971092e-05
дается,2.701270551979013e-05
чулочки,2.701270551979013e-05
шалит,2.701270551979013e-05
подымает,2.700623402662924e-05
нагнется,2.700623402662924e-05
грустного,2.6997174276069154e-05
отвратил,2.6997174276069154e-05
внушало,2.699478089633881e-05
личность,2.699478089633881e-05
изучение,2.699478089633881e-05
противоречии,2.699478089633881e-05
бездонную,2.6992558964094586e-05
самозабвением,2.6992558964094586e-05
вихрем,2.6992558964094586e-05
неописанна,2.6984554527955372e-05
отчаялись,2.6984554527955372e-05
погибшим,2.6984554527955372e-05
невредимого,2.6984554527955372e-05
изволят,2.6977379514329728e-05
убитую,2.6976747538163305e-05
подобную,2.6968649269090955e-05
сулит,2.6968649269090955e-05
долговременную,2.6968649269090955e-05
незаметную,2.6968649269090955e-05
желтизны,2.6968649269090955e-05
покойную,2.6968649269090955e-05
холста,2.6968229352419675e-05
онисимовны,2.6966964573171833e-05
изнеможении,2.696034466819025e-05
собирательным,2.6959701747731793e-05
покрывается,2.6959701747731793e-05
понятием,2.6959701747731793e-05
красивых,2.6957170346739633e-05
занавесы,2.6957170346739633e-05
бронза,2.6957170346739633e-05
планах,2.6945805950950418e-05
замечталась,2.6945805950950418e-05
передом,2.694538750061917e-05
упросит,2.694538750061917e-05
статистикой,2.6941127570473874e-05
называемую,2.6941127570473874e-05
историей,2.6941127570473874e-05
вялый,2.693993889199644e-05
окружающие,2.693993889199644e-05
дождливую,2.6931432626998835e-05
сырую,2.6931432626998835e-05
ползает,2.692625683298106e-05
осветит,2.692625683298106e-05
сжаты,2.692625683298106e-05
леденит,2.692497948613852e-05
гордый,2.692497948613852e-05
хозяевам,2.6916616735267478e-05
погорячатся,2.6916616735267478e-05
беде,2.6916616735267478e-05
неудобстве,2.6916616735267478e-05
рассердятся,2.6916616735267478e-05
обеспокоятся,2.6916616735267478e-05
увесистых,2.69158542352675e-05
розовых,2.69158542352675e-05
тамошние,2.69158542352675e-05
купидонов,2.69158542352675e-05
водят,2.69158542352675e-05
недоразумения,2.691571606914289e-05
положительным,2.691571606914289e-05
вспышку,2.6914996759717933e-05
смягчить,2.6914996759717933e-05
придумывала,2.6914996759717933e-05
издохнем,2.6907402977899038e-05
помилует,2.6907402977899038e-05
заботимся,2.6907402977899038e-05
твою,2.6907402977899038e-05
пожертвовала,2.690528090294451e-05
оскорбленная,2.6901279403475835e-05
богиня,2.6901279403475835e-05
сжатыми,2.6901279403475835e-05
оригиналы,2.689770985803087e-05
произведением,2.689770985803087e-05
онеметь,2.689770985803087e-05
попираешь,2.689770985803087e-05
аккуратного,2.6874208611449645e-05
назначаю,2.6874208611449645e-05
кончена,2.6869780794217424e-05
сдано,2.6869780794217424e-05
заговелись,2.6869780794217424e-05
статья,2.6869780794217424e-05
сдержанностью,2.686405121703593e-05
отличалось,2.686405121703593e-05
хмурится,2.6859903344767375e-05
просветлеет,2.6859903344767375e-05
вопьется,2.6852253451856846e-05
привяжусь,2.6852253451856846e-05
истолкования,2.684615674317932e-05
правом,2.684615674317932e-05
головную,2.684615674317932e-05
пересилил,2.68412226446218e-05
удивляетесь,2.68412226446218e-05
помещику,2.6840528930541642e-05
заведовал,2.6840528930541642e-05
богатому,2.6840528930541642e-05
принадлежало,2.6840528930541642e-05
показывался,2.6840528930541642e-05
уплатили,2.6838204523235427e-05
долги,2.6838204523235427e-05
прошлогодним,2.6838204523235427e-05
урожаем,2.6838204523235427e-05
светилась,2.682903459538906e-05
пробужденного,2.682252633222455e-05
наполненный,2.682252633222455e-05
восставшего,2.682252633222455e-05
закроется,2.6818151934936552e-05
нервический,2.6805768331466126e-05
нападал,2.6805768331466126e-05
колоритом,2.680295127655054e-05
продолжение,2.680295127655054e-05
цыпленка,2.680025004081675e-05
крупой,2.680025004081675e-05
жесткий,2.680025004081675e-05
вареного,2.680025004081675e-05
писанное,2.6798534838890762e-05
сургуча,2.6798534838890762e-05
бурого,2.6798534838890762e-05
звездной,2.6794190466528798e-05
сойдет,2.6788439464316783e-05
сошла,2.6788439464316783e-05
являться,2.678796714156207e-05
болезненные,2.678796714156207e-05
пело,2.6786672100356178e-05
опустя,2.6786672100356178e-05
приводили,2.6779391645059976e-05
употребление,2.6779391645059976e-05
простоте,2.6779391645059976e-05
абрикосы,2.6771970185417445e-05
громадный,2.6771970185417445e-05
посередине,2.6771970185417445e-05
вишни,2.6771970185417445e-05
красовался,2.6771970185417445e-05
пофилософствовать,2.676001200513433e-05
вздумавший,2.676001200513433e-05
длинной,2.6749984870084457e-05
натащил,2.67432509818995e-05
отрезать,2.674177004092056e-05
каретного,2.674177004092056e-05
осетр,2.674177004092056e-05
трактирам,2.6736357867928856e-05
безнравственный,2.6736357867928856e-05
гармоникой,2.6736357867928856e-05
грамотеи,2.6736357867928856e-05
исполнились,2.6732612138920283e-05
земскую,2.6729434929928706e-05
тупеет,2.672742827998911e-05
знакомом,2.6724228847449156e-05
заговаривала,2.6724228847449156e-05
дельное,2.6724228847449156e-05
принимало,2.6724228847449156e-05
тупость,2.6724228847449156e-05
богданыч,2.6722920991558316e-05
синего,2.6722920991558316e-05
намекавший,2.6717621242861433e-05
тянуло,2.6717621242861433e-05
наклонности,2.6717621242861433e-05
возникает,2.671594857070035e-05
виденный,2.671594857070035e-05
тешится,2.6712652798547742e-05
характеристике,2.6712652798547742e-05
вздремнула,2.6712019847770296e-05
протестом,2.6711878239322594e-05
вопиющим,2.6711878239322594e-05
болтались,2.6704695773457695e-05
зачастую,2.6704695773457695e-05
медью,2.6704695773457695e-05
виллу,2.6693605846292276e-05
юг,2.6693605846292276e-05
наймите,2.6693605846292276e-05
садике,2.669290091593479e-05
сестер,2.669290091593479e-05
кудрино,2.669290091593479e-05
сознательная,2.6684728107864613e-05
умеренная,2.6684728107864613e-05
занятого,2.6684728107864613e-05
водилось,2.668248664971014e-05
перепелов,2.668248664971014e-05
приютов,2.668248664971014e-05
тенистых,2.668248664971014e-05
обилие,2.668248664971014e-05
нервное,2.6680998370630185e-05
шаркнуло,2.6680998370630185e-05
шелковое,2.6680998370630185e-05
обдал,2.6669870660164037e-05
созерцательной,2.6663366052786124e-05
оцепенеет,2.6663366052786124e-05
подо,2.666318737796682e-05
салазки,2.666318737796682e-05
подсунул,2.666318737796682e-05
окнам,2.666188249680125e-05
разглядишь,2.666188249680125e-05
двукратного,2.666169508766118e-05
перегнувшись,2.666169508766118e-05
титулярным,2.6659170590298056e-05
диплом,2.6659170590298056e-05
разверзалась,2.6659170590298056e-05
асессором,2.6659170590298056e-05
коллежским,2.6659170590298056e-05
пышном,2.6657034542354233e-05
уедут,2.6657034542354233e-05
операции,2.665163387917415e-05
компанейские,2.665163387917415e-05
обломовскому,2.665163387917415e-05
усядусь,2.663611561602393e-05
софья,2.663611561602393e-05
скамеечка,2.663611561602393e-05
николаевна,2.663611561602393e-05
скамеечке,2.663611561602393e-05
колко,2.6629239556368136e-05
бездны,2.6629239556368136e-05
причесал,2.662560344103291e-05
помаду,2.662560344103291e-05
напомадил,2.662560344103291e-05
пробор,2.662560344103291e-05
повинуясь,2.6621344459006025e-05
догматы,2.6621344459006025e-05
исповедовать,2.6621344459006025e-05
угощением,2.661750063617395e-05
побрезгуй,2.661750063617395e-05
ямайский,2.661750063617395e-05
чистейший,2.661750063617395e-05
соглашались,2.661496764121169e-05
неудобства,2.661496764121169e-05
неудобствами,2.661496764121169e-05
привыкали,2.661496764121169e-05
губернию,2.661079126398719e-05
сентябре,2.661079126398719e-05
башмаках,2.661079126398719e-05
окончила,2.660975626544635e-05
влетела,2.660975626544635e-05
раскрасневшаяся,2.660975626544635e-05
скучает,2.660975626544635e-05
сеновале,2.6606138770987075e-05
чихнул,2.6606138770987075e-05
нарушалась,2.6606138770987075e-05
бегущего,2.6604407639654482e-05
кинулись,2.6604407639654482e-05
изменяется,2.6603841699849846e-05
страдаем,2.6603841699849846e-05
увлечь,2.660302608579466e-05
замужеству,2.660302608579466e-05
повторяться,2.6600993747631506e-05
залогом,2.6600993747631506e-05
наставало,2.660030909914361e-05
манил,2.660030909914361e-05
изменюсь,2.6600042173288563e-05
спектакля,2.6599088405520125e-05
избавляя,2.6599088405520125e-05
стыдись,2.659841514566245e-05
пространствовал,2.6592224368489166e-05
благословляет,2.6592224368489166e-05
австрии,2.6592224368489166e-05
срамится,2.6584196271926203e-05
олух,2.6584196271926203e-05
небрежной,2.6583919920373752e-05
комета,2.6583919920373752e-05
обольстительнее,2.658317387112656e-05
попадал,2.6578399248649673e-05
мягкие,2.6578399248649673e-05
опускал,2.6578399248649673e-05
удалявшиеся,2.6568840527332154e-05
знакомому,2.6568840527332154e-05
повернулась,2.6568840527332154e-05
беру,2.6568563941853912e-05
оправила,2.6559453527059638e-05
распустила,2.6559453527059638e-05
целковому,2.6555947782191897e-05
трехрублевому,2.6555947782191897e-05
плоха,2.6554632356440825e-05
примирительный,2.6551966348060454e-05
картами,2.6548598724139525e-05
налюбуешься,2.6548598724139525e-05
симметрически,2.6548598724139525e-05
рассажены,2.6548598724139525e-05
проезжающих,2.6542777657747816e-05
чугунный,2.6542777657747816e-05
проходящих,2.6542777657747816e-05
столбик,2.6542777657747816e-05
повеяло,2.653879267804701e-05
уязвило,2.653879267804701e-05
неудавшуюся,2.6538412355073063e-05
прибавьте,2.6538412355073063e-05
обманутое,2.6538412355073063e-05
спасительницы,2.6538412355073063e-05
приклонить,2.6533874932706087e-05
пообедать,2.6533874932706087e-05
дрожишь,2.653357945389224e-05
камнем,2.6532295085495545e-05
указательном,2.6532295085495545e-05
надет,2.6532295085495545e-05
массивный,2.6532295085495545e-05
перстень,2.6532295085495545e-05
пальце,2.6532295085495545e-05
суровости,2.6525942447697734e-05
шутила,2.6525942447697734e-05
задавлен,2.651753454395336e-05
всякою,2.651753454395336e-05
зарыт,2.651753454395336e-05
минутно,2.651528118542341e-05
возникал,2.651528118542341e-05
воплощенного,2.651528118542341e-05
простудишь,2.6513163229047583e-05
пытался,2.6504013693325125e-05
наукой,2.6504013693325125e-05
опозорить,2.6502980053974202e-05
презрительно,2.6502980053974202e-05
обратившись,2.6502980053974202e-05
развертывает,2.6501987764453217e-05
переломаны,2.650183631274701e-05
перебиты,2.650183631274701e-05
требующие,2.650183631274701e-05
осторожного,2.650183631274701e-05
вечерних,2.650177119295633e-05
обаятельное,2.650177119295633e-05
зорь,2.650177119295633e-05
настаивать,2.650092451801882e-05
педант,2.650092451801882e-05
начертать,2.650092451801882e-05
водворилось,2.6500448747072315e-05
шуме,2.6500448747072315e-05
явлениях,2.6492237232291056e-05
срама,2.6490960012662277e-05
неловкости,2.6490960012662277e-05
потеряешь,2.6489178574403826e-05
предупреждал,2.648589811199214e-05
раскаиваться,2.648589811199214e-05
простишь,2.648589811199214e-05
поникнув,2.648589811199214e-05
раскаиваюсь,2.648589811199214e-05
ошибалась,2.648589811199214e-05
камнях,2.6485887678121267e-05
почистить,2.6470614225376614e-05
подъезда,2.6465675212755948e-05
ливрейном,2.6465675212755948e-05
штиблетах,2.6465675212755948e-05
аксельбантами,2.6465675212755948e-05
нараспашку,2.6465675212755948e-05
апатичен,2.646538805130906e-05
содержать,2.646495132098706e-05
семьи,2.646495132098706e-05
одежке,2.646495132098706e-05
вступаю,2.646495132098706e-05
протягивайте,2.646495132098706e-05
яйцами,2.6459555838228504e-05
кадки,2.6459555838228504e-05
корзины,2.6459555838228504e-05
крытые,2.6459555838228504e-05
сметаной,2.6459555838228504e-05
лихорадочной,2.6455516820359837e-05
поспешностью,2.6455516820359837e-05
сдвинулся,2.645491738739825e-05
напился,2.6445830177881803e-05
скакнет,2.644544855917311e-05
вооружиться,2.644544855917311e-05
останавливаемся,2.6437749558739917e-05
кушетку,2.6437749558739917e-05
спорим,2.6437749558739917e-05
склоню,2.643737039446006e-05
обращайтесь,2.643737039446006e-05
улегшись,2.643737039446006e-05
постукиванье,2.6437082849504527e-05
речка,2.6432075376585674e-05
созданную,2.643167310200054e-05
слоем,2.6420808119745608e-05
покрывший,2.6420808119745608e-05
густым,2.6420808119745608e-05
попроситься,2.6415675998274197e-05
сходим,2.641451353910689e-05
ходатай,2.641451353910689e-05
опустел,2.640722418993132e-05
гулякой,2.6395043559381553e-05
сочинителя,2.6395043559381553e-05
потешником,2.6395043559381553e-05
плясуна,2.6395043559381553e-05
почитал,2.6395043559381553e-05
весельчаком,2.6395043559381553e-05
присутствовало,2.6391364258079414e-05
негодном,2.6391364258079414e-05
сосуде,2.6391364258079414e-05
испорченный,2.6391364258079414e-05
высшее,2.6391364258079414e-05
мелькающие,2.6388417008071383e-05
затворят,2.6388417008071383e-05
голую,2.6388417008071383e-05
движущиеся,2.6388417008071383e-05
умаялись,2.638566372956585e-05
доищусь,2.638566372956585e-05
расчеты,2.6384927294305256e-05
петербургом,2.6384927294305256e-05
разрушенное,2.638234838650121e-05
погребло,2.638234838650121e-05
уцелели,2.638234838650121e-05
ошибаются,2.638234838650121e-05
взвесил,2.638063597178268e-05
избрала,2.638063597178268e-05
осудит,2.638063597178268e-05
адвокатом,2.638063597178268e-05
безжалостно,2.638063597178268e-05
перекрестив,2.6378795955755757e-05
воцаряется,2.6378795955755757e-05
почмокавшись,2.6378795955755757e-05
беспечными,2.6378795955755757e-05
жилья,2.6377591760400723e-05
норы,2.6377591760400723e-05
способствовала,2.6377591760400723e-05
комнатка,2.6377591760400723e-05
темнота,2.6377591760400723e-05
жалуюсь,2.6374778860236355e-05
переешь,2.6374778860236355e-05
перепродай,2.6360009993124924e-05
любого,2.6360009993124924e-05
барышом,2.6360009993124924e-05
благосклонно,2.635794678113666e-05
съезжаете,2.634967197416676e-05
полиции,2.634967197416676e-05
обычаев,2.6342477406137574e-05
удивительною,2.6335931643805797e-05
клеветы,2.6335931643805797e-05
почерпнутые,2.6335931643805797e-05
прежних,2.6335931643805797e-05
замести,2.6309155058983145e-05
горделиво,2.630807662713784e-05
подает,2.630807662713784e-05
захрустел,2.629945751081278e-05
подбежал,2.629945751081278e-05
многостороннее,2.6297264405642484e-05
ставила,2.6294178549774354e-05
поминала,2.6294178549774354e-05
очарования,2.628563319310273e-05
отрезвляться,2.628563319310273e-05
вкралось,2.6275724884112125e-05
дорисовывать,2.62751567784738e-05
сыграет,2.6272980034362425e-05
сверхъестественное,2.6272980034362425e-05
косится,2.6272980034362425e-05
радовавшемуся,2.6261847884389884e-05
казачка,2.6261847884389884e-05
сочувствуя,2.6261847884389884e-05
хохотала,2.6261847884389884e-05
прибившему,2.6261847884389884e-05
лакею,2.6261847884389884e-05
светились,2.626104038567575e-05
довольством,2.626104038567575e-05
пьяным,2.62337936688201e-05
помещика,2.62337936688201e-05
родню,2.622759381661281e-05
облить,2.622759381661281e-05
кровать,2.622542477639325e-05
столы,2.622542477639325e-05
тюфяки,2.622542477639325e-05
наваленные,2.622542477639325e-05
грудой,2.622542477639325e-05
богатом,2.6212038640227115e-05
письменном,2.6210840801739418e-05
убирая,2.6210840801739418e-05
неразрешаемые,2.620660703459865e-05
узлы,2.620660703459865e-05
запутываясь,2.620660703459865e-05
параллельно,2.620660703459865e-05
перекрещиваясь,2.620660703459865e-05
перевиваясь,2.620660703459865e-05
поужинать,2.6205664360663197e-05
взяточника,2.620341340634684e-05
падшей,2.620341340634684e-05
великолепная,2.620341340634684e-05
подобрали,2.6195803700716807e-05
устраивать,2.6189922160764182e-05
отрастил,2.6189922160764182e-05
создан,2.6189922160764182e-05
сосредоточенный,2.6188756787302896e-05
сверхъестественный,2.6188756787302896e-05
сдержать,2.6188756787302896e-05
пораженное,2.6188756787302896e-05
изнеможение,2.6187929866646235e-05
заражаются,2.6178979464302605e-05
сломалась,2.617862568903346e-05
транспарант,2.617862568903346e-05
лампа,2.617862568903346e-05
иная,2.617862568903346e-05
подсвечник,2.617862568903346e-05
пыльную,2.6178090998558273e-05
предчувствовала,2.6170327597543445e-05
выиграет,2.6170327597543445e-05
напрасна,2.6170327597543445e-05
противоположные,2.6167149817488038e-05
решенный,2.6167149817488038e-05
поводом,2.6167149817488038e-05
препятствуют,2.6167149817488038e-05
выбивался,2.616531724597594e-05
побледнели,2.616531724597594e-05
жертвой,2.616531724597594e-05
обними,2.6161979966833507e-05
овес,2.6161979966833507e-05
ударь,2.6161979966833507e-05
сущая,2.6161979966833507e-05
ухмыляется,2.6161979966833507e-05
безотчетным,2.61601633207808e-05
капризным,2.61601633207808e-05
рождающимся,2.61601633207808e-05
изящной,2.6141582794683514e-05
советов,2.6140225042310562e-05
законом,2.6140225042310562e-05
опытной,2.6140225042310562e-05
путешествует,2.6138710380562076e-05
ученый,2.6138710380562076e-05
перевалился,2.6138710380562076e-05
надворного,2.6138710380562076e-05
капиталу,2.6138710380562076e-05
выпачкан,2.6126191124434465e-05
развязался,2.6126191124434465e-05
перебегал,2.612308055789218e-05
бульвару,2.612308055789218e-05
прохожим,2.612308055789218e-05
вывескам,2.612308055789218e-05
магазинов,2.612308055789218e-05
перебывает,2.6121223332791913e-05
птичек,2.6121223332791913e-05
ветках,2.6121223332791913e-05
испытаний,2.611727501155033e-05
блещущий,2.6117086746360807e-05
смеющимися,2.6117086746360807e-05
пространство,2.61059659110994e-05
опирается,2.609965342745881e-05
колеблется,2.609965342745881e-05
небеса,2.609965342745881e-05
арест,2.609891780647525e-05
попона,2.609605598002804e-05
квасы,2.609459901637355e-05
пеклись,2.609459901637355e-05
меды,2.609459901637355e-05
варились,2.609459901637355e-05
бродят,2.6091891171113295e-05
овцы,2.6091891171113295e-05
обилии,2.6091891171113295e-05
жующие,2.6091891171113295e-05
блеющие,2.6091891171113295e-05
кудахтающие,2.6091891171113295e-05
поэтической,2.6079553522314124e-05
согреваться,2.6069936483895948e-05
начинало,2.6069936483895948e-05
чепцов,2.606116335644986e-05
негодования,2.606116335644986e-05
видоизменяющаяся,2.6058925206227227e-05
шутовский,2.6058925206227227e-05
прелести,2.6058925206227227e-05
гаснущая,2.6058925206227227e-05
одевающаяся,2.6058925206227227e-05
естественной,2.6058925206227227e-05
теряющая,2.6058925206227227e-05
видимых,2.605620396093391e-05
наполнилась,2.605620396093391e-05
возбуждая,2.605620396093391e-05
грабежей,2.60555973602216e-05
волновали,2.60555973602216e-05
убийств,2.60555973602216e-05
удалились,2.605351231081627e-05
враждебное,2.605351231081627e-05
воровских,2.605351231081627e-05
долгов,2.605351231081627e-05
удалилось,2.605351231081627e-05
возле,2.6046988800535972e-05
запрещение,2.6046988800535972e-05
положительное,2.6046988800535972e-05
обдает,2.6044547895474788e-05
обнаженные,2.6036418148570568e-05
присылаемые,2.601833138878114e-05
данному,2.601833138878114e-05
праздное,2.6017846411972437e-05
пожара,2.6007089819904403e-05
теплому,2.6007089819904403e-05
вспышки,2.6007089819904403e-05
защищал,2.600450223583504e-05
обвинять,2.600450223583504e-05
посидеть,2.6003928806563783e-05
придумала,2.599943988886907e-05
магнетизер,2.5996339351453113e-05
имея,2.5996339351453113e-05
промедлить,2.598638812200595e-05
признайся,2.5979164191537485e-05
сгнил,2.5979164191537485e-05
тусклыми,2.5974367167061534e-05
дорожил,2.5971866642386184e-05
украшением,2.5971866642386184e-05
аристократическим,2.5971866642386184e-05
промолвил,2.5969386904146933e-05
перемене,2.5969386904146933e-05
кроватью,2.5963408102089593e-05
преспокойно,2.5963408102089593e-05
дроби,2.5963408102089593e-05
отпил,2.5962732874600294e-05
нескромности,2.5962732874600294e-05
табаком,2.5951128872958162e-05
круглую,2.5951128872958162e-05
скрипом,2.5951128872958162e-05
рассыпались,2.5946245084912843e-05
брошены,2.5946245084912843e-05
гигантской,2.5946245084912843e-05
собственном,2.59449645805255e-05
сталкивала,2.593403341407291e-05
женщиною,2.593403341407291e-05
вспыхнуть,2.593403341407291e-05
почесть,2.593403341407291e-05
пролетевших,2.593345034573758e-05
разлились,2.593345034573758e-05
умолот,2.5923082874749207e-05
взнос,2.5915883677703418e-05
подати,2.5915883677703418e-05
обходилось,2.5915883677703418e-05
бархат,2.5911712347898774e-05
сходили,2.590854521414187e-05
трубкой,2.589730884706252e-05
приписать,2.5891402434846488e-05
поправлял,2.5885371499019658e-05
вяжутся,2.5882648652406948e-05
грубого,2.587470695149762e-05
освобождался,2.587470695149762e-05
рамы,2.586456414119366e-05
жаворонков,2.586456414119366e-05
выставили,2.586456414119366e-05
вскрылась,2.586456414119366e-05
напекли,2.586456414119366e-05
войдем,2.5858219822309365e-05
дворню,2.5858219822309365e-05
благих,2.5856239240410547e-05
усилия,2.5856239240410547e-05
ворвавшись,2.5846579668414028e-05
неприятельский,2.5846579668414028e-05
убыткам,2.5846579668414028e-05
бедам,2.5846579668414028e-05
нанесет,2.5846579668414028e-05
свойствам,2.5845162898875857e-05
редким,2.5845162898875857e-05
цену,2.5845162898875857e-05
скупо,2.5845162898875857e-05
задаток,2.5843954385603454e-05
рожь,2.583710238294028e-05
занес,2.583710238294028e-05
ускользнуть,2.583710238294028e-05
разорванным,2.58357482963824e-05
платьем,2.58357482963824e-05
разбитым,2.58357482963824e-05
высокой,2.5829943606353982e-05
смородиновую,2.5815923103091544e-05
нарастающие,2.5815923103091544e-05
беспечнее,2.5815923103091544e-05
угрызать,2.5795060889330185e-05
задумчив,2.5795060889330185e-05
сомнительного,2.5795060889330185e-05
угрюм,2.5795060889330185e-05
выступившие,2.5793595528411427e-05
поглощенные,2.5793595528411427e-05
оспаривали,2.5792613654836553e-05
впадал,2.5792613654836553e-05
коснел,2.5792613654836553e-05
пуританский,2.5792613654836553e-05
фанатизм,2.5792613654836553e-05
спорах,2.5792613654836553e-05
упрямстве,2.5792613654836553e-05
корзиной,2.5781941326249315e-05
кульком,2.5781941326249315e-05
угорелый,2.5781941326249315e-05
городу,2.5781941326249315e-05
возрождалась,2.5774709696677247e-05
ставило,2.5774709696677247e-05
восстановляло,2.5774709696677247e-05
управлении,2.5772388465371646e-05
проснувшегося,2.5766926870821322e-05
подступившего,2.5766926870821322e-05
благоговейного,2.5766926870821322e-05
побледневшая,2.5755172719254866e-05
увядать,2.5755172719254866e-05
расцветание,2.5755172719254866e-05
счастия,2.575370123601688e-05
песне,2.575370123601688e-05
неясная,2.575370123601688e-05
зарубить,2.5748686476736558e-05
отзывов,2.5748686476736558e-05
сентенцию,2.5748686476736558e-05
скользит,2.5748686476736558e-05
подобным,2.5748686476736558e-05
томлюсь,2.5742914535137712e-05
надоело,2.5742914535137712e-05
удобнее,2.574136112864043e-05
почтовом,2.574136112864043e-05
пароходе,2.574136112864043e-05
любека,2.574136112864043e-05
меньшие,2.5740087419796914e-05
подрастают,2.5740087419796914e-05
выдавай,2.5740087419796914e-05
дочерей,2.5740087419796914e-05
проскучает,2.5737329636106535e-05
похвалила,2.5737329636106535e-05
советовала,2.5737329636106535e-05
поберегся,2.5737329636106535e-05
голландская,2.5726911713298838e-05
бархатный,2.5726911713298838e-05
отступало,2.572070643390779e-05
прежнюю,2.572070643390779e-05
нормальную,2.572070643390779e-05
приливало,2.572070643390779e-05
осыпалась,2.572070643390779e-05
облаками,2.5716775096376526e-05
шумел,2.5716775096376526e-05
заволакивало,2.5716775096376526e-05
куколку,2.5705712060849366e-05
накуплю,2.5705712060849366e-05
одену,2.5705712060849366e-05
погодой,2.5705558995609728e-05
печалями,2.5705558995609728e-05
дневного,2.5701509088865492e-05
повиновался,2.5701509088865492e-05
отзвучие,2.5699334375249605e-05
отблеск,2.5699334375249605e-05
глухое,2.5699334375249605e-05
неполный,2.5699334375249605e-05
безличный,2.5699334375249605e-05
круглый,2.5699123401540257e-05
спелое,2.5698190685585608e-05
сорвать,2.5698190685585608e-05
отталкивающим,2.5688587692298186e-05
звания,2.5688587692298186e-05
проклинать,2.568222121286066e-05
ласковы,2.568197324001585e-05
мурлычут,2.568197324001585e-05
коты,2.568197324001585e-05
заведу,2.568197324001585e-05
подведешь,2.565555964438122e-05
недоглядишь,2.565555964438122e-05
записке,2.565555964438122e-05
напутаешь,2.565555964438122e-05
повеселее,2.5652887559249693e-05
проходить,2.5652887559249693e-05
святок,2.5652887559249693e-05
опасением,2.5650522171613295e-05
навлечь,2.5650522171613295e-05
заплатами,2.5635316454804047e-05
истасканное,2.5635316454804047e-05
полиняли,2.5635316454804047e-05
вымыты,2.5635316454804047e-05
артели,2.5635297825872706e-05
околицей,2.5635297825872706e-05
проходившей,2.5635297825872706e-05
найден,2.5635297825872706e-05
отставший,2.5635297825872706e-05
тонкостью,2.5633038048542866e-05
блеснуть,2.5633038048542866e-05
матвеевичу,2.5633038048542866e-05
уступить,2.5633038048542866e-05
неизвестными,2.5633038048542866e-05
угощения,2.5633038048542866e-05
угадает,2.5628432031682743e-05
андрюшку,2.5628432031682743e-05
повеселиться,2.5628432031682743e-05
отбросил,2.5612804230272487e-05
наложил,2.5612804230272487e-05
сметливая,2.561117833456848e-05
поит,2.561117833456848e-05
графскому,2.561117833456848e-05
напой,2.561117833456848e-05
вкривь,2.560948331457378e-05
рассуждают,2.560948331457378e-05
непробудный,2.560948331457378e-05
вкось,2.560948331457378e-05
соображают,2.560948331457378e-05
товару,2.560769017903777e-05
угодливости,2.560769017903777e-05
холодною,2.5604257671141037e-05
небрежною,2.5604257671141037e-05
просыпалась,2.5604257671141037e-05
застучат,2.5600764304000306e-05
накинет,2.5600764304000306e-05
юбку,2.5600764304000306e-05
расталкивает,2.5600764304000306e-05
выходкой,2.5594058748769368e-05
беседу,2.5594058748769368e-05
поражен,2.5594058748769368e-05
переложит,2.5580259141673417e-05
настроено,2.5580259141673417e-05
клавиш,2.5580259141673417e-05
приобретение,2.557593469468789e-05
благосостояние,2.557593469468789e-05
гражданина,2.557593469468789e-05
честными,2.557593469468789e-05
общее,2.557593469468789e-05
трудами,2.557593469468789e-05
гимназическом,2.5547987043517915e-05
подлаживаясь,2.5547987043517915e-05
юноша,2.5547987043517915e-05
походку,2.5547987043517915e-05
распускается,2.5543326675988966e-05
физиология,2.554330210793514e-05
давайте,2.554330210793514e-05
песен,2.554330210793514e-05
располагается,2.553865329615308e-05
философ,2.5534818120826987e-05
благодати,2.5534818120826987e-05
осужден,2.5534818120826987e-05
закрывшись,2.5530066046755245e-05
удовлетворительные,2.552968983528894e-05
получены,2.552968983528894e-05
успокоен,2.552968983528894e-05
ласковым,2.5525061863232236e-05
обманщица,2.5525061863232236e-05
обманщицы,2.5525061863232236e-05
скорбями,2.5525033175761143e-05
лелеет,2.5521341147843192e-05
ухаживает,2.5521341147843192e-05
растение,2.5521341147843192e-05
очках,2.551905610215157e-05
депутата,2.551905610215157e-05
желтый,2.551905610215157e-05
вскочившую,2.5512459247713008e-05
блузу,2.5512459247713008e-05
крошечные,2.5512459247713008e-05
пододвинула,2.5512459247713008e-05
глупейшею,2.5509568162297926e-05
хвастливостей,2.5509568162297926e-05
техники,2.5509568162297926e-05
окликать,2.5508541160650983e-05
двинулись,2.5508541160650983e-05
холодке,2.5500910128974972e-05
погреба,2.5500910128974972e-05
усаживалась,2.5500910128974972e-05
травке,2.5500910128974972e-05
вздохнет,2.5499539985908534e-05
оглянется,2.5499539985908534e-05
публике,2.5497691669775908e-05
внушить,2.5497691669775908e-05
интереса,2.5497691669775908e-05
слушающей,2.5497691669775908e-05
небывальщину,2.5497691669775908e-05
материала,2.5497691669775908e-05
таинствам,2.549657368566249e-05
кольцо,2.5492235827663742e-05
приказывать,2.548834947202111e-05
значением,2.547072294622829e-05
уразумела,2.547072294622829e-05
трупом,2.547072294622829e-05
потерею,2.547072294622829e-05
побледнела,2.5467379094082242e-05
избытке,2.5467379094082242e-05
заключения,2.5467379094082242e-05
мечтанья,2.5467379094082242e-05
терзало,2.5453628797027957e-05
спасалась,2.5453628797027957e-05
отрезвлялась,2.5453628797027957e-05
тщательнее,2.5453628797027957e-05
идей,2.545356828501597e-05
творец,2.545356828501597e-05
готовой,2.545356828501597e-05
алеши,2.5453038167964217e-05
поповича,2.5453038167964217e-05
незнакомую,2.5452627423133908e-05
вырывалась,2.5452627423133908e-05
изучать,2.5452627423133908e-05
исчезала,2.544705711142242e-05
появлялась,2.544705711142242e-05
нарушение,2.544135421777278e-05
предпочтение,2.544135421777278e-05
исключительное,2.544135421777278e-05
низведении,2.544135421777278e-05
праздные,2.5441244591578954e-05
рынкам,2.5441244591578954e-05
появлении,2.5437512783668548e-05
беседку,2.5437512783668548e-05
переправился,2.5437512783668548e-05
деятельною,2.543608062854637e-05
торжественном,2.543608062854637e-05
мечтателям,2.543450959074641e-05
соблазнителям,2.543450959074641e-05
фразами,2.543450959074641e-05
завязнет,2.5427312840149486e-05
сомнителен,2.5427312840149486e-05
оборвется,2.5427312840149486e-05
спицей,2.5424871471098358e-05
обливает,2.5424311559923723e-05
развивает,2.5424311559923723e-05
обнажает,2.5424311559923723e-05
состояла,2.5421944332033444e-05
разделялась,2.5421944332033444e-05
сшиб,2.542153022341581e-05
воротник,2.542153022341581e-05
высказываться,2.5420896528089547e-05
вызов,2.5420896528089547e-05
соболезнованием,2.541790297253279e-05
незначительна,2.541790297253279e-05
выдавались,2.541790297253279e-05
издержка,2.541790297253279e-05
необходима,2.541790297253279e-05
безвестный,2.5416923172628943e-05
сердечный,2.5408370229025115e-05
приличия,2.5408370229025115e-05
выглядывали,2.5394342796322454e-05
затворялась,2.5394342796322454e-05
образует,2.5378837754817934e-05
несчастие,2.5371487662563714e-05
кружатся,2.536732861733938e-05
чайки,2.536732861733938e-05
носятся,2.536732861733938e-05
осужденные,2.536732861733938e-05
прибрежья,2.536732861733938e-05
крепким,2.5366419275282303e-05
поверив,2.536284414454832e-05
положением,2.5362541098300337e-05
ехали,2.5360987053357842e-05
употребит,2.5360444536522757e-05
развернул,2.5350602199439802e-05
неразрезанною,2.5350602199439802e-05
перевернуть,2.5350602199439802e-05
восторгам,2.534409817397453e-05
возвышать,2.534409817397453e-05
неумеренно,2.534409817397453e-05
снов,2.53391254811333e-05
присутствии,2.533377989458408e-05
робели,2.533377989458408e-05
флигелям,2.532882351122015e-05
ружьем,2.532882351122015e-05
павильонам,2.532882351122015e-05
удить,2.532882351122015e-05
великих,2.5326257486193982e-05
громадной,2.5325335322671738e-05
ожидающий,2.5314644810927196e-05
бдительного,2.5314644810927196e-05
встретите,2.5314644810927196e-05
врасплох,2.5314644810927196e-05
неприготовленную,2.5314644810927196e-05
подкараульте,2.5314644810927196e-05
обяжете,2.5310729781016562e-05
контора,2.530490432626889e-05
тележка,2.530490432626889e-05
заслонилось,2.530490432626889e-05
деловая,2.530490432626889e-05
придумать,2.5304239854730628e-05
витое,2.5304239854730628e-05
скопившейся,2.5304239854730628e-05
испугу,2.5302221220054895e-05
недоуменьем,2.5299011958454327e-05
погрузясь,2.5299011958454327e-05
разгадать,2.5298504009111777e-05
опомниться,2.529692901521109e-05
заросший,2.5288621965112418e-05
эспаньолкой,2.5288621965112418e-05
черненький,2.5288621965112418e-05
философствовал,2.5288621965112418e-05
худощавый,2.5288621965112418e-05
морская,2.5288616967533712e-05
провалятся,2.5288616967533712e-05
утечет,2.5288616967533712e-05
разлюбишь,2.5288616967533712e-05
лодка,2.5288616967533712e-05
подонкихотствовать,2.527711439402623e-05
чудесного,2.527711439402623e-05
порыскать,2.527711439402623e-05
дилетантизма,2.527711439402623e-05
хода,2.52730352199027e-05
рождающейся,2.52730352199027e-05
небесам,2.5272084302435565e-05
равнодушен,2.5272084302435565e-05
буря,2.5272084302435565e-05
сдав,2.5272084302435565e-05
ладонью,2.5271881073974927e-05
выслушав,2.5271881073974927e-05
трепля,2.5271881073974927e-05
развалине,2.5269440565572114e-05
кроткие,2.5265341761690145e-05
слетели,2.5265341761690145e-05
подалась,2.5265341761690145e-05
грозой,2.5265341761690145e-05
торжественное,2.5265341761690145e-05
издалека,2.5264028404875295e-05
родственные,2.5264028404875295e-05
чуют,2.5264028404875295e-05
доказывалось,2.5264028404875295e-05
неслыханных,2.526156077013941e-05
проклинает,2.525802570374524e-05
неутешными,2.525802570374524e-05
ловушку,2.5253938159349387e-05
близорука,2.5253938159349387e-05
попадается,2.5253938159349387e-05
расставила,2.5253938159349387e-05
одолевают,2.5253061385468435e-05
толст,2.5253061385468435e-05
летаешь,2.5253061385468435e-05
дарования,2.5253061385468435e-05
наползают,2.5248927833163696e-05
щелей,2.5248927833163696e-05
нищим,2.5248927833163696e-05
геройски,2.524551157723875e-05
помочь,2.524551157723875e-05
разъяснить,2.524551157723875e-05
рассечь,2.524551157723875e-05
изворачивался,2.524551157723875e-05
торжественные,2.5240342948537467e-05
дорогою,2.5240342948537467e-05
волновались,2.5240342948537467e-05
разумною,2.5240342948537467e-05
обещания,2.5240342948537467e-05
живости,2.5236137776688716e-05
точку,2.5236137776688716e-05
устремляется,2.5236137776688716e-05
сбоку,2.5227620311803375e-05
надень,2.5225920890563393e-05
просиди,2.5225920890563393e-05
перехода,2.522329946081253e-05
томления,2.522329946081253e-05
бешеного,2.522329946081253e-05
цинизме,2.5220434305069653e-05
бездушном,2.5220434305069653e-05
холодном,2.5220434305069653e-05
выносились,2.5217030103385353e-05
умолкала,2.5217030103385353e-05
кривизны,2.5217030103385353e-05
улеглись,2.5217030103385353e-05
понятны,2.5217030103385353e-05
кличет,2.5202253394368846e-05
притихнет,2.5202253394368846e-05
почудится,2.5202253394368846e-05
могилке,2.5202253394368846e-05
провождение,2.520064269392083e-05
нарушится,2.520064269392083e-05
угорят,2.520064269392083e-05
необыкновенному,2.5197779840712977e-05
вечным,2.5197779840712977e-05
застарелой,2.5197779840712977e-05
почил,2.5197779840712977e-05
покажите,2.519651376600109e-05
француженке,2.519651376600109e-05
искажение,2.5184285080072587e-05
идеала,2.5184285080072587e-05
встречах,2.5178505712930264e-05
платью,2.5175923152453225e-05
просидев,2.5175923152453225e-05
клетке,2.5159342386854936e-05
нитяной,2.5159342386854936e-05
услаждает,2.5159342386854936e-05
обсасывая,2.515766202589992e-05
нештопанного,2.515766202589992e-05
косточку,2.515766202589992e-05
уксусу,2.5154613620486396e-05
хватишься,2.5154613620486396e-05
перцу,2.5154613620486396e-05
мерзость,2.5154613620486396e-05
непокойна,2.5149157675865714e-05
волнуюсь,2.5149157675865714e-05
грызет,2.5149157675865714e-05
остаемся,2.5149157675865714e-05
отдернула,2.5142134935227604e-05
коснулся,2.5142134935227604e-05
лысая,2.5131882515738236e-05
смятые,2.5131882515738236e-05
перепутанные,2.5131882515738236e-05
комку,2.5131882515738236e-05
добился,2.5125662429653883e-05
запирался,2.5125662429653883e-05
математики,2.5125662429653883e-05
квадраты,2.5125662429653883e-05
ленивые,2.512390555793306e-05
любовницей,2.5123620005228422e-05
стакнулся,2.5123620005228422e-05
раздалась,2.5123620005228422e-05
громкая,2.5123620005228422e-05
оплеуха,2.5123620005228422e-05
обдует,2.5123620005228422e-05
устроенный,2.5121598237392057e-05
усидел,2.5121598237392057e-05
усидишь,2.5121598237392057e-05
заглянув,2.5109288483678392e-05
пробегал,2.510547775268703e-05
противником,2.5099001351828888e-05
проницательности,2.5099001351828888e-05
помину,2.509600320318896e-05
подробностью,2.5081226113596745e-05
исчислить,2.5081226113596745e-05
углах,2.5081226113596745e-05
ковчега,2.5081226113596745e-05
полках,2.5081226113596745e-05
скоплено,2.5081226113596745e-05
землянке,2.508024594059486e-05
удивительно,2.508024594059486e-05
запарился,2.508024594059486e-05
кузнец,2.508024594059486e-05
нисколько,2.508024594059486e-05
отливать,2.508024594059486e-05
служишь,2.5079505780496557e-05
заливались,2.5073054383692708e-05
оживали,2.5073054383692708e-05
приступить,2.5069213099047285e-05
затрепещет,2.5069213099047285e-05
сваливается,2.5069213099047285e-05
рытвину,2.506693197047726e-05
светла,2.506693197047726e-05
прозрачной,2.506693197047726e-05
оглядывайся,2.5059085196382137e-05
наседка,2.5057815448403152e-05
кудахтает,2.5057815448403152e-05
чижи,2.5057815448403152e-05
изливавшейся,2.503752821339577e-05
излив,2.503752821339577e-05
продолжительно,2.503752821339577e-05
таившейся,2.503752821339577e-05
жаркого,2.5023430199427426e-05
разъешься,2.5023430199427426e-05
супу,2.5023430199427426e-05
картофелю,2.5023430199427426e-05
морген,2.5023430199427426e-05
фри,2.5023430199427426e-05
выучивал,2.5022444702810717e-05
классе,2.5022444702810717e-05
задаваемые,2.5022444702810717e-05
теряюсь,2.500271913397674e-05
перестанем,2.500271913397674e-05
гаснут,2.500271913397674e-05
соображениях,2.500271913397674e-05
досказано,2.4995538084774814e-05
объяснений,2.4995538084774814e-05
вылезая,2.4993448333521152e-05
арапка,2.4993448333521152e-05
скачет,2.4993448333521152e-05
обтирал,2.4991599550481573e-05
уловив,2.497183686975741e-05
испытаю,2.4970047967870303e-05
говор,2.4966190919029824e-05
избавить,2.4963332332115648e-05
продовольствии,2.4963332332115648e-05
сдернет,2.495116652337818e-05
улыбками,2.4951161640148558e-05
завесу,2.4951161640148558e-05
прикрытой,2.4951161640148558e-05
обольстительной,2.4951161640148558e-05
приподняла,2.4951161640148558e-05
поспеть,2.4948720513355084e-05
дышали,2.4948720513355084e-05
тактика,2.4948720513355084e-05
проникнута,2.4948720513355084e-05
голубая,2.4946352277395488e-05
отлогих,2.4945793389193775e-05
заходящее,2.4945793389193775e-05
резвясь,2.4945793389193775e-05
отдыхом,2.4944909027522357e-05
службой,2.4944909027522357e-05
бездействии,2.4944909027522357e-05
заслуженным,2.4944909027522357e-05
неокрепших,2.4943272505251893e-05
пробуждавшимися,2.4943272505251893e-05
повторит,2.4943272505251893e-05
выдерживая,2.4943272505251893e-05
пересиливая,2.4943272505251893e-05
припасами,2.4942349296630007e-05
телега,2.4942349296630007e-05
хрустальные,2.493977505451398e-05
банки,2.493977505451398e-05
садки,2.493977505451398e-05
ванилью,2.493977505451398e-05
уксусом,2.493977505451398e-05
стеклянные,2.493977505451398e-05
чайницы,2.493977505451398e-05
празднику,2.493300842402711e-05
моде,2.493061112290152e-05
азиатской,2.493061112290152e-05
глупый,2.4920289357225994e-05
удариться,2.4916910948132563e-05
дотянул,2.491178890451429e-05
покинуть,2.491178890451429e-05
прослужил,2.491178890451429e-05
чина,2.491178890451429e-05
мишуры,2.4909857397155012e-05
жеманства,2.4909857397155012e-05
выставлю,2.4909857397155012e-05
шаткими,2.4905594915933166e-05
утонченный,2.4905594915933166e-05
неграциозными,2.4905594915933166e-05
этажерками,2.4905594915933166e-05
дойдя,2.4898801457824133e-05
обход,2.4898801457824133e-05
оковы,2.489324529811614e-05
закрыт,2.489324529811614e-05
порочного,2.488121659887427e-05
лукавого,2.488121659887427e-05
мелочную,2.488121659887427e-05
прозирать,2.488121659887427e-05
осмелится,2.488121659887427e-05
комедию,2.488121659887427e-05
пропастей,2.487448516166172e-05
грандиозного,2.487448516166172e-05
дремучих,2.487448516166172e-05
угрюмого,2.487448516166172e-05
скал,2.487448516166172e-05
моря,2.487448516166172e-05
приезжих,2.487151691584971e-05
приятельница,2.487151691584971e-05
напора,2.48702417794058e-05
возвращение,2.48702417794058e-05
скопившегося,2.48702417794058e-05
правильным,2.48702417794058e-05
течению,2.48702417794058e-05
жизненных,2.48702417794058e-05
совершалось,2.48702417794058e-05
порядку,2.48702417794058e-05
навели,2.4864446434069648e-05
заботилось,2.485892408171783e-05
полною,2.485892408171783e-05
муравьиною,2.485892408171783e-05
перебившего,2.4856260203848154e-05
зажила,2.4856260203848154e-05
доселева,2.4856260203848154e-05
мазью,2.4856260203848154e-05
дочитав,2.4855212175690535e-05
выпила,2.4838294371117168e-05
поела,2.4838294371117168e-05
каши,2.4838294371117168e-05
щей,2.4838294371117168e-05
разрядится,2.483434631429954e-05
пава,2.483434631429954e-05
порывается,2.4821830803379382e-05
назовете,2.4821830803379382e-05
русского,2.4820287307061313e-05
бродягу,2.4820287307061313e-05
норму,2.480946232338132e-05
путешествий,2.480946232338132e-05
пел,2.4804407264187677e-05
роковое,2.4797802252095962e-05
засвидетельствование,2.4787722528282266e-05
трепещущим,2.4787722528282266e-05
михайловна,2.4763878618189834e-05
подождал,2.4763878618189834e-05
разнообразна,2.4760657775342214e-05
задавала,2.4748230912029627e-05
простуды,2.4748230912029627e-05
здоровенького,2.4748230912029627e-05
враждебных,2.4748230912029627e-05
утонул,2.473821018618255e-05
шаге,2.4717534940386923e-05
вес,2.4717534940386923e-05
неоспоримый,2.4717534940386923e-05
тонкими,2.4700248556564996e-05
отправлениях,2.4700248556564996e-05
равновесия,2.4700248556564996e-05
бубновый,2.4693268298602416e-05
верит,2.469312652205312e-05
подтверждала,2.469312652205312e-05
предлагаемого,2.4688448992222997e-05
заключает,2.4688448992222997e-05
потчеванье,2.4688448992222997e-05
отказаться,2.4688448992222997e-05
однократное,2.4688448992222997e-05
отведать,2.4688448992222997e-05
сюртука,2.468785336125737e-05
тротуарам,2.4684383465321738e-05
деревянным,2.4684383465321738e-05
делаюсь,2.4678736603793826e-05
недовольна,2.4678736603793826e-05
дном,2.4678181690504896e-05
полное,2.466682974733289e-05
невозможное,2.466682974733289e-05
высказывало,2.466682974733289e-05
удовлетворенное,2.466682974733289e-05
потеряв,2.4666758112539316e-05
разочарованный,2.4666758112539316e-05
охлаждался,2.4666758112539316e-05
толчков,2.4666758112539316e-05
верности,2.4666758112539316e-05
убитый,2.4666758112539316e-05
уходишь,2.4659376974262054e-05
обманываешь,2.4659376974262054e-05
смеющееся,2.4658215584061176e-05
нерешительном,2.4657694012464252e-05
запертых,2.4657694012464252e-05
страннее,2.4657101198722685e-05
неразлучна,2.4657101198722685e-05
холодной,2.465505185590903e-05
испугал,2.465505185590903e-05
молниеносных,2.465505185590903e-05
верхние,2.4653907205648812e-05
дезертировать,2.4653907205648812e-05
бреется,2.4648264344737508e-05
отмоешь,2.4648264344737508e-05
воспринятию,2.4647846138967333e-05
ждало,2.4647846138967333e-05
нарушали,2.4647528731604597e-05
обдуман,2.4647528731604597e-05
побуждали,2.4647528731604597e-05
повторялись,2.4647528731604597e-05
основная,2.4645014277440384e-05
сметы,2.4645014277440384e-05
цифры,2.4645014277440384e-05
копию,2.4643579206541972e-05
результатов,2.4640253836407573e-05
оправдает,2.4640253836407573e-05
формируется,2.4640253836407573e-05
живописных,2.463682689612747e-05
этюдов,2.463682689612747e-05
пейзажей,2.463682689612747e-05
улыбающихся,2.463682689612747e-05
гуманного,2.4633632570385395e-05
свидетельствовать,2.4633632570385395e-05
способностях,2.4633632570385395e-05
подробно,2.4633632570385395e-05
пылкой,2.4633632570385395e-05
светопреставление,2.4632304864757073e-05
восстанет,2.4632304864757073e-05
логиныч,2.4631077224481033e-05
семнадцати,2.4631077224481033e-05
помашет,2.4627854789789776e-05
указывать,2.4623132441442065e-05
метешь,2.4623132441442065e-05
сметаешь,2.4623132441442065e-05
насядет,2.4623132441442065e-05
дуют,2.462128283752908e-05
нахватают,2.462128283752908e-05
наберут,2.462128283752908e-05
ус,2.462128283752908e-05
зависит,2.4617241787041657e-05
увлекусь,2.4617241787041657e-05
увлекся,2.4617241787041657e-05
немощеного,2.460949886685483e-05
выехала,2.460949886685483e-05
засохшим,2.460949886685483e-05
колыхаться,2.460949886685483e-05
переулка,2.460949886685483e-05
определенные,2.460726166293034e-05
примету,2.4605108305548878e-05
малейшей,2.4605108305548878e-05
мучительное,2.4599888345469735e-05
выработывалось,2.4599888345469735e-05
разработана,2.4599888345469735e-05
выговаривала,2.459253953250074e-05
умный,2.4586558892060248e-05
взаимном,2.457265775298391e-05
плавает,2.4571860428393176e-05
неторопливо,2.4571860428393176e-05
отдает,2.4571860428393176e-05
домашнее,2.456036473971266e-05
прикрыла,2.456036473971266e-05
чепцом,2.456036473971266e-05
будничное,2.456036473971266e-05
воскресную,2.456036473971266e-05
заплывали,2.4544689526146996e-05
чистого,2.4544689526146996e-05
обнаружилось,2.4544067475797662e-05
проявилось,2.4544067475797662e-05
столкновений,2.4544067475797662e-05
посещал,2.4544067475797662e-05
предлагать,2.4539782970431678e-05
уловка,2.4539782970431678e-05
случаям,2.453333579524559e-05
домашним,2.453333579524559e-05
ссылаясь,2.453333579524559e-05
вникая,2.4522263558833564e-05
влюбляются,2.4522263558833564e-05
столовая,2.452029627125569e-05
удвоенным,2.4519149744091686e-05
переносила,2.4519149744091686e-05
выздоровления,2.451524748708776e-05
поберечься,2.451524748708776e-05
предложению,2.451524748708776e-05
опасное,2.451015261349437e-05
апатия,2.4509701800230883e-05
наглости,2.4509701800230883e-05
заменились,2.4509701800230883e-05
форменной,2.4503707086811668e-05
очарование,2.4503707086811668e-05
нескрываемым,2.4503707086811668e-05
разрушено,2.4503707086811668e-05
похвалой,2.4503707086811668e-05
скаканья,2.449801739750871e-05
лая,2.449801739750871e-05
стучал,2.449801739750871e-05
переставали,2.449316625922321e-05
переезд,2.449316625922321e-05
зловещее,2.449316625922321e-05
гасли,2.4492437106886675e-05
ветвей,2.4492437106886675e-05
потух,2.4492437106886675e-05
вонзился,2.4492437106886675e-05
метал,2.44696063135851e-05
ища,2.44696063135851e-05
отдавался,2.44674776954638e-05
поклонником,2.44674776954638e-05
прилежным,2.44674776954638e-05
красавицам,2.44674776954638e-05
плен,2.44674776954638e-05
задатку,2.446517441082152e-05
получено,2.446517441082152e-05
мысленный,2.4452333443286456e-05
тихую,2.4452333443286456e-05
забытье,2.4452333443286456e-05
сиянием,2.4452333443286456e-05
теплом,2.4452333443286456e-05
опухоли,2.4448099621660744e-05
застегивание,2.4442424035289016e-05
сапогом,2.4442424035289016e-05
нечищенным,2.4442424035289016e-05
блюдом,2.4442424035289016e-05
колене,2.4442424035289016e-05
установить,2.4441071517671446e-05
воспламенился,2.4441071517671446e-05
убрать,2.4441071517671446e-05
выведения,2.4439771082662555e-05
порок,2.4438694088343165e-05
кипучая,2.4438694088343165e-05
желчное,2.4438694088343165e-05
падшим,2.4438694088343165e-05
гонение,2.4438694088343165e-05
верную,2.4436429870597378e-05
святынею,2.4436429870597378e-05
хранили,2.4436429870597378e-05
поседевшие,2.4436429870597378e-05
дорожа,2.4436429870597378e-05
стукнет,2.443437046580042e-05
копытом,2.443437046580042e-05
береглась,2.442968573356969e-05
покупалась,2.442968573356969e-05
покупные,2.442968573356969e-05
смыкая,2.4423106239345053e-05
зависело,2.4423106239345053e-05
лицах,2.4422957080000143e-05
видов,2.4415355590190427e-05
предположить,2.4415355590190427e-05
заплакали,2.441000835509089e-05
ахнул,2.441000835509089e-05
подадите,2.441000835509089e-05
улыбнетесь,2.441000835509089e-05
уйдете,2.441000835509089e-05
приглашать,2.4407159999163988e-05
втягивать,2.4407159999163988e-05
всячески,2.4407159999163988e-05
шевелить,2.4407159999163988e-05
почаще,2.4407159999163988e-05
убеждений,2.440636509168587e-05
бесполезности,2.440636509168587e-05
приказывали,2.440636509168587e-05
оком,2.4401841246631687e-05
успехи,2.4399075676070206e-05
душевный,2.4399075676070206e-05
антонов,2.4399075676070206e-05
неимоверные,2.4399075676070206e-05
обманувшие,2.4393617995487726e-05
обманутые,2.4393617995487726e-05
проглотить,2.438120185107597e-05
зевал,2.438120185107597e-05
перекладывал,2.438120185107597e-05
чесал,2.438120185107597e-05
поддавался,2.4376012682625327e-05
замедленного,2.4376012682625327e-05
раздумью,2.4376012682625327e-05
налетело,2.4376012682625327e-05
соснул,2.4376012682625327e-05
окутали,2.4371285359517602e-05
отцовскую,2.4371285359517602e-05
овладели,2.4371285359517602e-05
барчонком,2.4371285359517602e-05
шубу,2.4371285359517602e-05
захваченный,2.4371285359517602e-05
тулуп,2.4371285359517602e-05
княгиня,2.436905763828475e-05
очнулись,2.4366999984750075e-05
именами,2.4366999984750075e-05
русскими,2.4366999984750075e-05
брит,2.435438533991645e-05
пообедаем,2.435438533991645e-05
завезу,2.435438533991645e-05
обреешься,2.435438533991645e-05
чесать,2.435438533991645e-05
удовлетворен,2.435272461307883e-05
вознаграждением,2.435272461307883e-05
суточными,2.435272461307883e-05
прогонами,2.435272461307883e-05
вырученные,2.435272461307883e-05
огороду,2.4352639466510993e-05
садику,2.4352639466510993e-05
обращены,2.4352639466510993e-05
зала,2.4352639466510993e-05
развозимыми,2.4349183998766195e-05
пословица,2.4349183998766195e-05
букинистами,2.4349183998766195e-05
неученых,2.4349183998766195e-05
тьма,2.4349183998766195e-05
бродила,2.4349183998766195e-05
беззаботной,2.4343588622416224e-05
конфетами,2.4334176826840765e-05
мороженым,2.4334176826840765e-05
пеленой,2.4326645154967898e-05
бесконечной,2.4326645154967898e-05
однообразием,2.4326645154967898e-05
необозримой,2.4326645154967898e-05
измученному,2.4326645154967898e-05
будущим,2.432465728904316e-05
увереннее,2.432465728904316e-05
развернулись,2.432465728904316e-05
значительные,2.4316079512261405e-05
мужественно,2.4316079512261405e-05
действующие,2.431208822824855e-05
домашних,2.430766463687729e-05
вытер,2.430312613075902e-05
сжавшись,2.430312613075902e-05
вертеть,2.4288826196130904e-05
рябило,2.4288826196130904e-05
описывал,2.4288826196130904e-05
отложат,2.4268908198143506e-05
постарается,2.4268908198143506e-05
отменят,2.4268908198143506e-05
перестройку,2.4268908198143506e-05
обойдутся,2.4268908198143506e-05
просвирне,2.426331010949716e-05
кладбищенской,2.426331010949716e-05
безутешная,2.426331010949716e-05
чищенье,2.426058184540071e-05
мерный,2.426058184540071e-05
подозревали,2.4253504152774943e-05
мучениях,2.4253504152774943e-05
отчаиваться,2.4253504152774943e-05
жалеть,2.4253504152774943e-05
сообщить,2.4245172197630235e-05
трофимова,2.4245172197630235e-05
известясь,2.4245172197630235e-05
крепостного,2.4245172197630235e-05
занимаемая,2.4245172197630235e-05
благородная,2.4240352673994556e-05
заткнет,2.4240352673994556e-05
гаму,2.4231149982080492e-05
опрятно,2.4231149982080492e-05
подоткнул,2.4217340361008243e-05
закупоривать,2.4217340361008243e-05
добьюсь,2.420824979109151e-05
обманут,2.420824979109151e-05
растравлять,2.420420172864972e-05
драпируюсь,2.420420172864972e-05
рисуюсь,2.420420172864972e-05
обливаюсь,2.420420172864972e-05
понедельника,2.4204047585701144e-05
ребячества,2.4201129570366627e-05
доверчивость,2.4201129570366627e-05
навесом,2.42005242820801e-05
быстрого,2.4196515638116556e-05
усиленной,2.4196515638116556e-05
мене,2.4196515638116556e-05
глухи,2.4196515638116556e-05
тиски,2.4195549648661778e-05
небольшое,2.4195549648661778e-05
поступать,2.4195549648661778e-05
мерещилось,2.418611674681081e-05
ступеньки,2.41834162796202e-05
исправить,2.41834162796202e-05
пролезают,2.41834162796202e-05
подвал,2.41834162796202e-05
отвернулись,2.418049871603325e-05
однообразия,2.418049871603325e-05
смогли,2.418049871603325e-05
нарушало,2.418049871603325e-05
тяготились,2.418049871603325e-05
процветала,2.4176587619783494e-05
образцовая,2.4176587619783494e-05
эпикуреец,2.4176587619783494e-05
великий,2.4176587619783494e-05
гастрономическом,2.4176587619783494e-05
призванием,2.4176587619783494e-05
нежного,2.4164172192076408e-05
отличить,2.4164172192076408e-05
безмолвный,2.4159858363126213e-05
решает,2.4153043635875035e-05
замиранием,2.4145462766665357e-05
перспективой,2.4145462766665357e-05
раскат,2.4139361313168492e-05
кафтана,2.4139361313168492e-05
магического,2.4136125674370583e-05
отрицательная,2.4136125674370583e-05
выходили,2.4136125674370583e-05
подумывает,2.4136125674370583e-05
дворянскими,2.413240381822842e-05
знаменит,2.413240381822842e-05
домами,2.413240381822842e-05
мельчал,2.413240381822842e-05
беднел,2.413240381822842e-05
неизменную,2.4114429942068147e-05
скотнице,2.4113042030572742e-05
девкам,2.4113042030572742e-05
сплетни,2.4108051248611166e-05
шалить,2.4106141074145552e-05
уроками,2.4106141074145552e-05
взыскания,2.4106141074145552e-05
томленье,2.4106141074145552e-05
запрет,2.4106141074145552e-05
затворничества,2.4106141074145552e-05
подставит,2.4093717025323916e-05
грация,2.4093717025323916e-05
подглядели,2.4093484374245386e-05
свидетели,2.4093484374245386e-05
пощелкивал,2.40708150324257e-05
дышится,2.4070256951386246e-05
девственного,2.4070256951386246e-05
бодрых,2.4070256951386246e-05
здравого,2.4070256951386246e-05
разрушающими,2.4067918055181425e-05
выражать,2.4067918055181425e-05
выпадало,2.4067918055181425e-05
тревожные,2.4067918055181425e-05
двигать,2.4067918055181425e-05
создающими,2.4067918055181425e-05
поднимали,2.4067401037928342e-05
записок,2.4067401037928342e-05
добывали,2.4067401037928342e-05
курьера,2.4067401037928342e-05
гуляющей,2.4067156171896675e-05
груза,2.4067156171896675e-05
прокатитесь,2.4065174483514003e-05
морским,2.4065174483514003e-05
пароход,2.4065174483514003e-05
англии,2.4065174483514003e-05
попользоваться,2.4065174483514003e-05
америки,2.4065174483514003e-05
тронется,2.406288158253781e-05
устанешь,2.406288158253781e-05
мертвого,2.406288158253781e-05
убитого,2.406288158253781e-05
вальсе,2.405247191040312e-05
вертясь,2.405247191040312e-05
стволов,2.405247191040312e-05
бабочки,2.405247191040312e-05
древесных,2.405247191040312e-05
высокие,2.404706066195731e-05
летать,2.404266959419869e-05
вогнать,2.404172673460956e-05
рассудите,2.404172673460956e-05
горькая,2.404172673460956e-05
расцвело,2.4038536890894115e-05
удерживали,2.4030006642723835e-05
отставал,2.4026750831537186e-05
учившийся,2.4026750831537186e-05
поучить,2.4026750831537186e-05
встречу,2.40253665801459e-05
напомни,2.40253665801459e-05
присев,2.4019587747900877e-05
рассчитывает,2.4018747021295163e-05
лукавыми,2.401834167396672e-05
обороняется,2.401834167396672e-05
понятным,2.401117781414841e-05
мудрить,2.401117781414841e-05
настойчивые,2.4008334538115198e-05
одеколону,2.4008334538115198e-05
головною,2.4008334538115198e-05
вылить,2.4008334538115198e-05
бокам,2.4008131668688293e-05
дворняжки,2.4008131668688293e-05
вдогонку,2.4008131668688293e-05
добровольную,2.4003174455136894e-05
сделку,2.4003174455136894e-05
должником,2.4003174455136894e-05
окончить,2.4003174455136894e-05
затруднительное,2.4003174455136894e-05
равняла,2.4003114062914987e-05
равное,2.4003114062914987e-05
смешивала,2.4003114062914987e-05
удостовериться,2.399191047212681e-05
приказал,2.399191047212681e-05
личности,2.399191047212681e-05
ехавшему,2.399191047212681e-05
лестного,2.399168131499968e-05
ослепления,2.399168131499968e-05
ошибиться,2.399168131499968e-05
обаятельного,2.399168131499968e-05
входило,2.399168131499968e-05
тоненькая,2.3990240167799133e-05
заметная,2.3990240167799133e-05
поднявшись,2.3990240167799133e-05
гнездится,2.3990240167799133e-05
складке,2.3990240167799133e-05
климате,2.398473998944714e-05
выговора,2.3979886203675542e-05
ограничится,2.3979886203675542e-05
перепугался,2.3979886203675542e-05
поваром,2.3973333792629993e-05
похвастать,2.3973333792629993e-05
осмеять,2.3973333792629993e-05
салоном,2.3973333792629993e-05
доводить,2.3968874687866457e-05
согласиться,2.3968874687866457e-05
патетических,2.3968874687866457e-05
неподвижного,2.396248438079227e-05
восхищенного,2.396248438079227e-05
удивленного,2.396248438079227e-05
простудился,2.3961969947164006e-05
приказании,2.3960421588615866e-05
упреке,2.3960421588615866e-05
подливку,2.395722454581145e-05
рубцы,2.395722454581145e-05
красную,2.395722454581145e-05
невыносимое,2.3946957740616168e-05
небольшие,2.3946892650660448e-05
трясутся,2.3946892650660448e-05
красноватое,2.3946892650660448e-05
красные,2.3946892650660448e-05
нежное,2.3946892650660448e-05
странице,2.3943191122630544e-05
обернув,2.3943191122630544e-05
присланных,2.3943191122630544e-05
пятой,2.3943191122630544e-05
распахнулись,2.3932846831935982e-05
задел,2.3932846831935982e-05
грохотом,2.3932846831935982e-05
скрипу,2.3932846831935982e-05
смущал,2.3930822496245177e-05
громадного,2.3930822496245177e-05
заслушивался,2.391883007400077e-05
равнодушного,2.391883007400077e-05
знаменательного,2.391883007400077e-05
повинуются,2.3918506300080606e-05
переполнено,2.3918506300080606e-05
сладкая,2.3908893668294547e-05
нраве,2.3907627525228896e-05
залегла,2.3907627525228896e-05
жесткость,2.3907627525228896e-05
проявилась,2.3907627525228896e-05
лампой,2.3905334148446128e-05
поодаль,2.3905334148446128e-05
искренен,2.3903855137274927e-05
заразителен,2.3903855137274927e-05
накрепко,2.388838473773263e-05
недоумевали,2.3885669775045476e-05
вздрогнули,2.387880113078247e-05
мешкать,2.387880113078247e-05
постоянного,2.3875608145732802e-05
периодически,2.3875195448466172e-05
закрывали,2.3875195448466172e-05
заберут,2.3874771721999613e-05
напирают,2.3874771721999613e-05
пробить,2.3874771721999613e-05
невежи,2.3874771721999613e-05
заботливым,2.3872356121293426e-05
первым,2.3872356121293426e-05
безнравственно,2.3867396877662452e-05
встречала,2.3867396877662452e-05
училась,2.3867396877662452e-05
слезой,2.3867396877662452e-05
картежник,2.3865088877163393e-05
производил,2.3865088877163393e-05
напролет,2.3865088877163393e-05
озарит,2.3861733027574472e-05
семена,2.385896848576841e-05
драпировка,2.385896848576841e-05
истребить,2.385896848576841e-05
умысел,2.385896848576841e-05
стиле,2.3850512491498146e-05
грозном,2.3850512491498146e-05
клике,2.3850512491498146e-05
обломовском,2.3850512491498146e-05
нельки,2.38476154391018e-05
долгое,2.38476154391018e-05
приискания,2.384053398387461e-05
отобедал,2.384053398387461e-05
просидел,2.384053398387461e-05
обидной,2.383975972344731e-05
дураками,2.383975972344731e-05
снисходительностью,2.383975972344731e-05
доказала,2.383975972344731e-05
совершенными,2.383975972344731e-05
беловатой,2.3822146197063695e-05
змеились,2.3822146197063695e-05
смешались,2.3822146197063695e-05
избавлялись,2.381935777738162e-05
наложенное,2.381935777738162e-05
сносили,2.381935777738162e-05
праотцев,2.381935777738162e-05
итога,2.381614438364373e-05
суммам,2.381614438364373e-05
лишком,2.381614438364373e-05
тамошнего,2.3808350394451924e-05
хандрить,2.3805551897167283e-05
похудеешь,2.3805551897167283e-05
отвергался,2.378397886641885e-05
окончательному,2.378397886641885e-05
обсуживался,2.378397886641885e-05
соображение,2.378397886641885e-05
лежанье,2.3777340430654406e-05
случайностью,2.3777340430654406e-05
состоянием,2.3777340430654406e-05
нормальным,2.3777340430654406e-05
просторную,2.3773210589475736e-05
ввела,2.3773210589475736e-05
уронила,2.3770940381923066e-05
почт,2.3770079331423088e-05
разъехавшись,2.3770079331423088e-05
погибшими,2.3770079331423088e-05
обнаруживая,2.3769412837519272e-05
появления,2.3769412837519272e-05
фата,2.3769412837519272e-05
закона,2.3769412837519272e-05
рассчитывай,2.3765040947461554e-05
барине,2.376170004111546e-05
щенком,2.376170004111546e-05
драл,2.376170004111546e-05
незнакомое,2.37510062716573e-05
измученное,2.37510062716573e-05
просится,2.37510062716573e-05
третьей,2.374875705643299e-05
молочнице,2.374875705643299e-05
заплатили,2.374875705643299e-05
полтиной,2.374875705643299e-05
пошты,2.374732303875117e-05
косятся,2.3736808404590415e-05
досадуя,2.3736808404590415e-05
глупость,2.3736808404590415e-05
жен,2.3736808404590415e-05
дурачила,2.3726619864511848e-05
корнета,2.3726619864511848e-05
заставляла,2.3726619864511848e-05
подгибая,2.3726580138507457e-05
щелкать,2.3726580138507457e-05
кулак,2.3726580138507457e-05
уступают,2.3725261105527957e-05
посланника,2.3723257125603852e-05
гуся,2.3723257125603852e-05
колымаге,2.3723257125603852e-05
знание,2.372198960486396e-05
разделит,2.372198960486396e-05
мирилась,2.372198960486396e-05
ину,2.3721143402250366e-05
забыто,2.3721143402250366e-05
сбегаешь,2.3721143402250366e-05
любящие,2.3702510807548706e-05
согласились,2.3702510807548706e-05
появляться,2.3700578439365952e-05
белоснежная,2.3700578439365952e-05
приостановились,2.3700578439365952e-05
девичью,2.369904433683051e-05
опытная,2.3693864837681715e-05
умозрительная,2.3693864837681715e-05
навешаны,2.3686141279369734e-05
пригорок,2.3686141279369734e-05
лаптей,2.3686141279369734e-05
проследил,2.3678088805794765e-05
сравнила,2.3672844326194165e-05
поверка,2.3672844326194165e-05
удовлетворительною,2.3672844326194165e-05
прячешь,2.367142512879853e-05
кроток,2.367142512879853e-05
голубь,2.367142512879853e-05
крыло,2.367142512879853e-05
проворковать,2.367142512879853e-05
честен,2.367142512879853e-05
зевотой,2.3667778938982843e-05
вещицы,2.3667778938982843e-05
прокофий,2.3662775983119525e-05
изъявления,2.3662775983119525e-05
вытягушкин,2.3662775983119525e-05
всенижайший,2.3662775983119525e-05
следовали,2.3662775983119525e-05
перепелки,2.3657365868802472e-05
фаршированные,2.3657365868802472e-05
форель,2.3657365868802472e-05
огромная,2.3657365868802472e-05
годичный,2.3657365868802472e-05
ознаменовало,2.3657365868802472e-05
отличное,2.3657365868802472e-05
огорчения,2.3646123940382748e-05
устраняйте,2.3646123940382748e-05
избегать,2.3646123940382748e-05
получаете,2.3646123940382748e-05
нужная,2.364438911263087e-05
сему,2.364438911263087e-05
неисправной,2.3633466654598914e-05
постороннего,2.3633466654598914e-05
совестится,2.3633466654598914e-05
сосредоточивалось,2.3633466654598914e-05
сблизил,2.3622155214754605e-05
сносный,2.3622155214754605e-05
свел,2.3622155214754605e-05
субъект,2.3622155214754605e-05
опыт,2.3622155214754605e-05
приготовление,2.3622155214754605e-05
подвернулся,2.3622155214754605e-05
спавший,2.360563574230031e-05
выглянуло,2.360563574230031e-05
пятить,2.360563574230031e-05
ошибусь,2.3605494675481826e-05
условный,2.360026528508859e-05
городская,2.360026528508859e-05
расспросит,2.3600263750451978e-05
мутные,2.3600263750451978e-05
почивал,2.3600263750451978e-05
жемчугом,2.3589160774288485e-05
караулить,2.3579726091396524e-05
выйдут,2.3579726091396524e-05
заперто,2.3579726091396524e-05
нежною,2.3564147648800884e-05
суеверным,2.3564147648800884e-05
внушенным,2.3564147648800884e-05
подслушала,2.3564147648800884e-05
предусмотрительностью,2.3564147648800884e-05
вымыслом,2.3563636063355928e-05
рабстве,2.3563636063355928e-05
существует,2.3563636063355928e-05
избегали,2.3563636063355928e-05
проникшись,2.3563636063355928e-05
крутого,2.356310929748061e-05
кидается,2.356310929748061e-05
колебалась,2.356310929748061e-05
выговорила,2.356310929748061e-05
часик,2.3552843833853674e-05
опусти,2.3552843833853674e-05
разбуди,2.3552843833853674e-05
поплотнее,2.3552843833853674e-05
унижал,2.3551261689826356e-05
ослеплялся,2.3551261689826356e-05
зарастает,2.3549144867855245e-05
напрасная,2.35396318486718e-05
ломаю,2.35396318486718e-05
предупредить,2.35396318486718e-05
огласку,2.35396318486718e-05
напугать,2.35396318486718e-05
блестящие,2.3536944244006155e-05
преимущества,2.3536944244006155e-05
поражает,2.3533907145524313e-05
стукнут,2.3533907145524313e-05
сомкнет,2.3533907145524313e-05
зевнуть,2.3533907145524313e-05
обшлагом,2.3531757696973074e-05
зарабатывал,2.3530705625209098e-05
голода,2.3530705625209098e-05
черным,2.3530705625209098e-05
распределить,2.352315101009011e-05
плутоват,2.352315101009011e-05
аккуратнее,2.352315101009011e-05
барщину,2.352315101009011e-05
избалованы,2.352315101009011e-05
теряет,2.3518806568930264e-05
позу,2.35173382218386e-05
заботливую,2.35173382218386e-05
удобную,2.35173382218386e-05
строгую,2.35173382218386e-05
мечтаний,2.35173382218386e-05
лимон,2.3502020086245302e-05
полке,2.3502020086245302e-05
ласточкино,2.3491914388158424e-05
очутились,2.3491914388158424e-05
пригорку,2.3491914388158424e-05
прилепилась,2.3491914388158424e-05
щипала,2.3480574657304298e-05
токмо,2.3480574657304298e-05
лучину,2.3480574657304298e-05
трещала,2.3480574657304298e-05
миндаль,2.348050407997356e-05
нынешней,2.347999196313292e-05
заговаривать,2.347999196313292e-05
замолкнуть,2.347999196313292e-05
заходил,2.347988561942542e-05
переходили,2.347928275452077e-05
умеренности,2.347928275452077e-05
ложилось,2.347928275452077e-05
расплылось,2.347560611267734e-05
охватила,2.347560611267734e-05
соблазнительная,2.3466651554358662e-05
фруктах,2.3466651554358662e-05
проникся,2.3465439367138778e-05
крестьянам,2.3465439367138778e-05
благодеяний,2.3465439367138778e-05
увещевая,2.3465439367138778e-05
оказанных,2.3465439367138778e-05
откровенный,2.3455764848318765e-05
наградой,2.3455764848318765e-05
невидимой,2.3450065564593577e-05
наполнено,2.3450065564593577e-05
беседой,2.3450065564593577e-05
несносное,2.3450065564593577e-05
почувствовать,2.343865959930145e-05
задело,2.343865959930145e-05
разумел,2.343865959930145e-05
гнусность,2.343865959930145e-05
разницу,2.343865959930145e-05
удержу,2.3433796907265052e-05
ежеминутно,2.3433796907265052e-05
торопливыми,2.3429577434307857e-05
неправильный,2.3429577434307857e-05
нить,2.3429577434307857e-05
шнурка,2.3429577434307857e-05
завертываться,2.3429577434307857e-05
строгого,2.3425895483820346e-05
страстям,2.3425895483820346e-05
гармония,2.3425895483820346e-05
диким,2.3425895483820346e-05
довоспиталась,2.3425895483820346e-05
русло,2.3425895483820346e-05
прожужжит,2.3412814100500045e-05
густой,2.3412814100500045e-05
храпит,2.3412814100500045e-05
сладким,2.3412814100500045e-05
выдумку,2.341172521543429e-05
обругал,2.341172521543429e-05
желаниям,2.340724705507872e-05
последовать,2.340724705507872e-05
противоречило,2.340724705507872e-05
беспокойны,2.340103482934753e-05
поворачивайся,2.340103482934753e-05
торгуй,2.340103482934753e-05
выдастся,2.3400768454157965e-05
комкая,2.339302333815085e-05
приливом,2.339302333815085e-05
мучимый,2.339302333815085e-05
упер,2.339302333815085e-05
подпер,2.339302333815085e-05
отделялась,2.3384866413965998e-05
коридором,2.3384866413965998e-05
небольшим,2.3384866413965998e-05
спрыгнувших,2.3384866413965998e-05
верой,2.337016878714947e-05
добре,2.3367507170600857e-05
небесном,2.3367507170600857e-05
заплатила,2.3362665033756218e-05
выкупила,2.3362665033756218e-05
готовила,2.3362665033756218e-05
проценты,2.3362665033756218e-05
спаржу,2.3362665033756218e-05
голодно,2.335125619592725e-05
заплаты,2.335125619592725e-05
неуклюжее,2.335125619592725e-05
неопрятнее,2.335125619592725e-05
прочтения,2.334716124795654e-05
посылалось,2.334716124795654e-05
аршин,2.3345828427888115e-05
заводе,2.3345828427888115e-05
отрада,2.3345828427888115e-05
выкуривает,2.3345828427888115e-05
передумать,2.3344400271397918e-05
вытащил,2.3344400271397918e-05
незначительное,2.3341646485505302e-05
установились,2.3341646485505302e-05
порядков,2.3320896110915503e-05
трусоват,2.3320896110915503e-05
виню,2.3319653323173672e-05
признав,2.330649015579182e-05
избранном,2.330649015579182e-05
шторами,2.330018007358462e-05
сыпал,2.330018007358462e-05
запыленной,2.330018007358462e-05
тяжелым,2.330018007358462e-05
придумывает,2.3284569579279388e-05
предпринималась,2.3284569579279388e-05
замнется,2.3284569579279388e-05
наверное,2.3284569579279388e-05
перевез,2.3278541025144037e-05
дожила,2.3270483865734093e-05
нашло,2.3270483865734093e-05
монеты,2.3263653426129096e-05
знатока,2.3263653426129096e-05
спрятана,2.3260604684795465e-05
шоссе,2.3260502835982187e-05
предположено,2.3260502835982187e-05
учреждают,2.3260502835982187e-05
обдать,2.3257610595423497e-05
изумить,2.3257610595423497e-05
быстротою,2.3257610595423497e-05
львицей,2.3257610595423497e-05
порумянее,2.3249883232613105e-05
поздоровее,2.3249883232613105e-05
закрадывается,2.3249883232613105e-05
поставят,2.3249883232613105e-05
тайное,2.3249883232613105e-05
вредна,2.3248983764302115e-05
мужику,2.3248983764302115e-05
грамотность,2.3248983764302115e-05
движутся,2.324729109005791e-05
наклоненная,2.324729109005791e-05
переступают,2.324729109005791e-05
походка,2.324729109005791e-05
шея,2.324729109005791e-05
пустят,2.324137082365358e-05
мнении,2.324137082365358e-05
разврата,2.324137082365358e-05
сорванец,2.324137082365358e-05
общем,2.324137082365358e-05
погибший,2.324137082365358e-05
выспится,2.324016377412687e-05
необразованный,2.324016377412687e-05
войлоке,2.324016377412687e-05
разумеешь,2.324016377412687e-05
окаянная,2.324016377412687e-05
крещенье,2.3237820090081565e-05
домового,2.3237820090081565e-05
измучились,2.3236235861660022e-05
мученья,2.3236235861660022e-05
опускают,2.323580837980884e-05
счастливых,2.323580837980884e-05
удобном,2.3234076809541144e-05
доставшейся,2.3234076809541144e-05
выписываю,2.323062654950466e-05
журнала,2.323062654950466e-05
цены,2.3206451792970813e-05
мыкается,2.3193318790779066e-05
сохраняя,2.3193318790779066e-05
человеческое,2.3193318790779066e-05
мосту,2.3192970224983065e-05
размашисты,2.3192970224983065e-05
пустые,2.3192970224983065e-05
смелы,2.3192970224983065e-05
телеги,2.3192970224983065e-05
решетчатым,2.3189971127321426e-05
арбузы,2.3189971127321426e-05
астраханские,2.3189971127321426e-05
яблоки,2.3189971127321426e-05
крестится,2.3188527035096106e-05
засидится,2.3188527035096106e-05
закрывает,2.3188527035096106e-05
ворочается,2.3188527035096106e-05
обнаженная,2.318778562593538e-05
разбранил,2.3180345140101064e-05
возвращения,2.3171979344190832e-05
отвезти,2.3171979344190832e-05
запереть,2.3171979344190832e-05
хранить,2.3171979344190832e-05
поручено,2.3171979344190832e-05
советуйте,2.3167834056607566e-05
прибьет,2.315977371028412e-05
нарушая,2.3152815404106853e-05
здоровой,2.3152815404106853e-05
скульптору,2.3152815404106853e-05
закрытый,2.3152815404106853e-05
бюст,2.3152815404106853e-05
живописцу,2.3152815404106853e-05
моделью,2.3152815404106853e-05
послужить,2.3152815404106853e-05
скромности,2.3152815404106853e-05
вытаскивала,2.3145471338138247e-05
продевала,2.3145471338138247e-05
профиля,2.3145471338138247e-05
созерцание,2.3145471338138247e-05
возврата,2.3144859319140616e-05
рубикон,2.3144859319140616e-05
поищу,2.313772361607164e-05
рассудил,2.3130531731556647e-05
мучась,2.3130531731556647e-05
кидает,2.3129598768394064e-05
обидно,2.3129598768394064e-05
свободной,2.312618972932287e-05
откидываясь,2.312153101685379e-05
достижении,2.3114457964941163e-05
неважны,2.3114457964941163e-05
настойчивостью,2.3114457964941163e-05
прозреть,2.311055797433562e-05
истомилась,2.3108786819070743e-05
питалась,2.3108786819070743e-05
смыкала,2.3108786819070743e-05
проторила,2.3108786819070743e-05
старички,2.3106880233407246e-05
пожилые,2.3106880233407246e-05
гостивший,2.3106880233407246e-05
дальние,2.3106880233407246e-05
деверь,2.3106880233407246e-05
помешанный,2.3106880233407246e-05
испытав,2.3106716653143576e-05
наслаждений,2.3106716653143576e-05
чуждом,2.3106716653143576e-05
отказался,2.3106716653143576e-05
добываемых,2.3106716653143576e-05
забытом,2.3106716653143576e-05
изворотливости,2.3106608217963636e-05
жаждал,2.3106608217963636e-05
вопрошающий,2.3106608217963636e-05
единственно,2.3106608217963636e-05
желали,2.3106427277600947e-05
приятного,2.3106427277600947e-05
застегнут,2.3097027435469054e-05
узлом,2.3097027435469054e-05
завязан,2.3097027435469054e-05
вицмундир,2.3097027435469054e-05
спрятаны,2.3097027435469054e-05
вскочишь,2.3091976670192945e-05
заспишься,2.3091976670192945e-05
водяную,2.3091976670192945e-05
наживешь,2.3091976670192945e-05
жечь,2.3085202443839267e-05
фабрик,2.30842100047096e-05
мельнице,2.30842100047096e-05
сале,2.30842100047096e-05
загрубевшими,2.30842100047096e-05
навозе,2.30842100047096e-05
волчьим,2.30842100047096e-05
синюю,2.3083244591848005e-05
мундир,2.3083244591848005e-05
сошью,2.3083244591848005e-05
переводом,2.307316397161624e-05
французской,2.307316397161624e-05
показывайся,2.307316397161624e-05
глав,2.307316397161624e-05
воздержнее,2.3064204797409613e-05
прошлогоднего,2.304375300948744e-05
благословением,2.304375300948744e-05
божиим,2.304375300948744e-05
называл,2.304375300948744e-05
цена,2.304375300948744e-05
возвышенная,2.304375300948744e-05
урожай,2.304375300948744e-05
происходят,2.3043649722963594e-05
вознамерился,2.3041770541957943e-05
записать,2.3041770541957943e-05
понижая,2.3037777306523492e-05
говорящих,2.3037777306523492e-05
пятнице,2.3034459696057062e-05
прогулке,2.3034459696057062e-05
совершаемой,2.3034459696057062e-05
смоленском,2.3034459696057062e-05
четырнадцатилетний,2.303344763649816e-05
подставляет,2.303344763649816e-05
поддаст,2.303344763649816e-05
сиплая,2.3033237073104726e-05
проходила,2.3033237073104726e-05
вмешалась,2.3033237073104726e-05
шарманка,2.3033237073104726e-05
di,2.3030670395716758e-05
передаваемая,2.3030670395716758e-05
зазвучала,2.3030670395716758e-05
правильное,2.3025907856957665e-05
различать,2.3025907856957665e-05
случайного,2.3025907856957665e-05
научило,2.3025907856957665e-05
патетическая,2.301537281941065e-05
сцена,2.301537281941065e-05
гремела,2.301537281941065e-05
вздулись,2.301537281941065e-05
фомича,2.3012077962289635e-05
чужому,2.3012077962289635e-05
поручу,2.3012077962289635e-05
исая,2.3012077962289635e-05
незнакомому,2.3012077962289635e-05
советовался,2.3012077962289635e-05
обделать,2.3012077962289635e-05
рекомендует,2.3012077962289635e-05
покоились,2.3003834928294183e-05
вцепится,2.2999046756717992e-05
подзатыльника,2.2993417932557056e-05
чинить,2.2993417932557056e-05
правосудие,2.2993417932557056e-05
отцам,2.2993417932557056e-05
иному,2.2993417932557056e-05
набежали,2.2993417932557056e-05
пригрозили,2.2993417932557056e-05
представленный,2.2991208201118025e-05
холодность,2.2991208201118025e-05
заменялась,2.2991208201118025e-05
незнакомого,2.2991208201118025e-05
перейдя,2.29886495436714e-05
облокотясь,2.29886495436714e-05
балконом,2.2988578734215523e-05
обращена,2.2988578734215523e-05
прекрасная,2.2988578734215523e-05
вывела,2.298792007725776e-05
лунный,2.298792007725776e-05
обернуться,2.298792007725776e-05
проявляется,2.2979792390166108e-05
поэтически,2.2979792390166108e-05
взобьет,2.2950331067019806e-05
смахнет,2.2950331067019806e-05
изгадит,2.294830343050621e-05
доглядит,2.294830343050621e-05
поговорила,2.2940468983803544e-05
огородницы,2.2940468983803544e-05
кухарок,2.2940468983803544e-05
перетаскано,2.2940468983803544e-05
разжалована,2.2940468983803544e-05
птичницы,2.2940468983803544e-05
поправит,2.2939546125444033e-05
экземпляра,2.2931072516915664e-05
представлять,2.2931072516915664e-05
списков,2.2931072516915664e-05
уверение,2.2931072516915664e-05
покорнейший,2.2931072516915664e-05
формулярных,2.2931072516915664e-05
письмах,2.2931072516915664e-05
отменили,2.2931072516915664e-05
студенческих,2.292364329382444e-05
эрлангене,2.292364329382444e-05
скамьях,2.292364329382444e-05
бонне,2.292364329382444e-05
иене,2.292364329382444e-05
открылось,2.2909031967136587e-05
проделка,2.2909031967136587e-05
открывалось,2.2909031967136587e-05
заклады,2.2909031967136587e-05
мошенническая,2.2909031967136587e-05
возложил,2.290800100917751e-05
тучами,2.290794334835476e-05
летают,2.290794334835476e-05
духоте,2.290794334835476e-05
настежь,2.290794334835476e-05
жужжат,2.290794334835476e-05
отворены,2.290794334835476e-05
повышение,2.290618884515499e-05
представят,2.290618884515499e-05
корону,2.290618884515499e-05
расспросов,2.2906068662599793e-05
пояснений,2.2906068662599793e-05
задавая,2.2906068662599793e-05
уловимого,2.290047607208777e-05
поверстный,2.290047607208777e-05
трепетного,2.290047607208777e-05
прошумевшего,2.290047607208777e-05
столб,2.290047607208777e-05
сотрясения,2.290047607208777e-05
квартале,2.2896398567286535e-05
колеями,2.2896398567286535e-05
травой,2.2896398567286535e-05
засохшими,2.2896398567286535e-05
переворачивается,2.2883106116454976e-05
садящееся,2.2883106116454976e-05
элементом,2.2870555449025055e-05
бурша,2.2870555449025055e-05
раздольем,2.2870555449025055e-05
филистера,2.2870555449025055e-05
широким,2.2870555449025055e-05
косынка,2.2867390530088438e-05
выпущены,2.2867390530088438e-05
солидный,2.2858690512811142e-05
уставится,2.2858690512811142e-05
онисим,2.2858690512811142e-05
суслов,2.2858690512811142e-05
жилище,2.2858690512811142e-05
скудный,2.2841932830659577e-05
разума,2.2841932830659577e-05
остатке,2.2841932830659577e-05
остаток,2.2841932830659577e-05
взвешивал,2.2841932830659577e-05
педантизма,2.2835891660876727e-05
специальный,2.2835891660876727e-05
профессора,2.2835891660876727e-05
удовлетворения,2.2835891660876727e-05
прибавляла,2.2833521105704767e-05
барчонок,2.2833521105704767e-05
замарашки,2.2833521105704767e-05
продолжать,2.2823418126547622e-05
обратилось,2.2823418126547622e-05
подрядчиками,2.2823418126547622e-05
писалось,2.2823418126547622e-05
агафьей,2.2812988157706215e-05
матвеевной,2.2812988157706215e-05
сближался,2.2812988157706215e-05
сипенье,2.2808968352110838e-05
китайского,2.2808968352110838e-05
невозможную,2.2808968352110838e-05
инструмента,2.2808968352110838e-05
индийского,2.2808968352110838e-05
гонга,2.2808968352110838e-05
хрипенье,2.2808968352110838e-05
обритый,2.280890397963116e-05
застегивая,2.280890397963116e-05
причесанный,2.280890397963116e-05
меланхолически,2.280890397963116e-05
отвесной,2.279703023059918e-05
нижнему,2.279703023059918e-05
бледные,2.279703023059918e-05
тянулись,2.279703023059918e-05
буквы,2.279703023059918e-05
светил,2.2792408192730056e-05
телеграфировать,2.2792408192730056e-05
провидения,2.2792408192730056e-05
настоится,2.2776235930943066e-05
посадит,2.2776235930943066e-05
графа,2.2776235930943066e-05
раздвинул,2.2773634113060783e-05
кустам,2.2763646668006563e-05
поводил,2.2763646668006563e-05
пролетела,2.2763646668006563e-05
вдумывался,2.276213422928679e-05
изменив,2.276213422928679e-05
сумм,2.2760151130396974e-05
измерял,2.2760151130396974e-05
гривенниками,2.2760151130396974e-05
гривнами,2.2760151130396974e-05
замеченным,2.2760151130396974e-05
крал,2.2760151130396974e-05
особом,2.275887629587245e-05
умывальном,2.275887629587245e-05
рухнут,2.275702372339176e-05
отстали,2.275702372339176e-05
алгебру,2.2756202379492925e-05
политическую,2.2756202379492925e-05
экономию,2.2756202379492925e-05
прилагает,2.275234363056514e-05
способе,2.275234363056514e-05
вещью,2.275234363056514e-05
обступило,2.2748687884355322e-05
призраков,2.2748687884355322e-05
кашлял,2.274246750644305e-05
плевал,2.274246750644305e-05
затихать,2.274246750644305e-05
выговаривая,2.274246750644305e-05
сморкался,2.274246750644305e-05
смеялись,2.274246750644305e-05
утирал,2.274246750644305e-05
пояса,2.2740334363711048e-05
бедрам,2.2740334363711048e-05
выдернула,2.2740334363711048e-05
ладонями,2.2740334363711048e-05
указательным,2.2740334363711048e-05
передала,2.2740334363711048e-05
утерев,2.2740334363711048e-05
ударила,2.2740334363711048e-05
подол,2.2740334363711048e-05
пружин,2.2733077750068503e-05
салом,2.2733077750068503e-05
фабрикам,2.2733077750068503e-05
намазанных,2.2733077750068503e-05
лукавые,2.2720216309120412e-05
зажглись,2.2718890307630806e-05
запылали,2.2718890307630806e-05
этажа,2.2710426704955266e-05
набережную,2.2710426704955266e-05
двухэтажном,2.2710426704955266e-05
выходившем,2.2710426704955266e-05
почерпнуть,2.271019161704359e-05
решительного,2.271019161704359e-05
разделив,2.271019161704359e-05
охоте,2.2701270377034477e-05
дунуло,2.2701270377034477e-05
виси,2.2676214500681405e-05
чистил,2.2676214500681405e-05
германские,2.267570458370937e-05
университеты,2.267570458370937e-05
нюхая,2.2672858994468318e-05
румяный,2.2662740751175447e-05
безразличный,2.2662740751175447e-05
смуглый,2.2662740751175447e-05
казался,2.2662740751175447e-05
мелькали,2.2659317518238662e-05
азы,2.2659317518238662e-05
тетрадь,2.2659317518238662e-05
налиновал,2.2659317518238662e-05
присматривать,2.265094002033482e-05
накопилось,2.265094002033482e-05
правым,2.2649776159525126e-05
противоречие,2.2649776159525126e-05
аргументом,2.2649776159525126e-05
вооружался,2.2649776159525126e-05
затруднялись,2.2638178544265177e-05
лангвагену,2.2638178544265177e-05
проживем,2.262791927194475e-05
сыты,2.262791927194475e-05
деды,2.262791927194475e-05
вредные,2.262791927194475e-05
отцы,2.262791927194475e-05
дохнет,2.2621377613333552e-05
повиснет,2.2621377613333552e-05
любящимися,2.2621377613333552e-05
неблагодарности,2.261966459351393e-05
героя,2.261966459351393e-05
холодную,2.2612864785855166e-05
поддержать,2.260928363737323e-05
народе,2.260928363737323e-05
благотворны,2.260928363737323e-05
установленное,2.260928363737323e-05
приличий,2.2606736378029846e-05
decorum,2.2606736378029846e-05
гаги,2.260283125128907e-05
кратковременного,2.260283125128907e-05
дворец,2.260283125128907e-05
возвратиться,2.260283125128907e-05
величество,2.260283125128907e-05
крыши,2.2602205334457416e-05
свернется,2.2602205334457416e-05
напорется,2.2602205334457416e-05
свалится,2.2602205334457416e-05
болезней,2.2602205334457416e-05
прояснел,2.258102707200504e-05
дряблыми,2.258102707200504e-05
отдаленной,2.2580288365600645e-05
повороте,2.2580288365600645e-05
счастие,2.2580288365600645e-05
юности,2.2580288365600645e-05
зрелым,2.2580288365600645e-05
мелькало,2.2580288365600645e-05
будничной,2.257658420370961e-05
бюргерскими,2.257658420370961e-05
рогами,2.257658420370961e-05
коровьими,2.257658420370961e-05
ворочающими,2.257658420370961e-05
полуденными,2.2574964441606734e-05
группами,2.2574964441606734e-05
холстинными,2.2574964441606734e-05
навесами,2.2574964441606734e-05
перекладывала,2.2562090033418687e-05
умилялась,2.2562090033418687e-05
краснела,2.2562090033418687e-05
дружился,2.2546314380004262e-05
содрогался,2.2546314380004262e-05
корь,2.2546314380004262e-05
образован,2.2542350444623043e-05
охоты,2.2542350444623043e-05
карьеры,2.2542350444623043e-05
изберешь,2.2542350444623043e-05
сочинять,2.2542350444623043e-05
пальца,2.253763020584176e-05
скромную,2.251678575289925e-05
всезнание,2.251678575289925e-05
прорывать,2.251678575289925e-05
пасхи,2.2516417314247645e-05
надевают,2.2516417314247645e-05
доживем,2.2516417314247645e-05
робея,2.2516417314247645e-05
поцелуемся,2.2516417314247645e-05
хомут,2.2516417314247645e-05
смущаясь,2.2516417314247645e-05
выпали,2.2511670706474702e-05
апрельских,2.2511670706474702e-05
прекрасных,2.2511670706474702e-05
изобретенном,2.2511670706474702e-05
эмансипации,2.2511670706474702e-05
составе,2.2511670706474702e-05
окрестность,2.2508850646515722e-05
вернется,2.2508850646515722e-05
сношение,2.2508850646515722e-05
политики,2.2504207343034252e-05
рая,2.2504207343034252e-05
войн,2.2504207343034252e-05
утраченного,2.2504207343034252e-05
выделка,2.2504207343034252e-05
торговли,2.2504207343034252e-05
дыши,2.2496948053420866e-05
обычаи,2.2496948053420866e-05
нормально,2.249608760537862e-05
внутренний,2.249608760537862e-05
обращающийся,2.249608760537862e-05
подробнее,2.249608760537862e-05
алексеевичем,2.24950457657445e-05
заодно,2.24950457657445e-05
целовать,2.2493647489527204e-05
обрыв,2.2492292187504363e-05
подпираясь,2.2492292187504363e-05
половиной,2.2492292187504363e-05
жердями,2.2492292187504363e-05
дармоедом,2.248820716339484e-05
холеру,2.248820716339484e-05
барынин,2.248820716339484e-05
захотели,2.248820716339484e-05
померла,2.248820716339484e-05
шатался,2.248820716339484e-05
прозвучит,2.248593692219852e-05
увеличить,2.2477022869614804e-05
обтяжку,2.2477022869614804e-05
бедр,2.2477022869614804e-05
сидело,2.2477022869614804e-05
объем,2.2477022869614804e-05
величайшая,2.2476151506230623e-05
жгучая,2.2476151506230623e-05
живом,2.2476151506230623e-05
засохших,2.2476151506230623e-05
касаются,2.2476151506230623e-05
ран,2.2476151506230623e-05
радовались,2.2462421589465926e-05
пророческий,2.2462421589465926e-05
печалились,2.2462421589465926e-05
страшный,2.2462421589465926e-05
утешительное,2.2462421589465926e-05
задумывались,2.2462421589465926e-05
непритворно,2.2462421589465926e-05
горестное,2.2462421589465926e-05
окаменелая,2.2454826444011613e-05
дыша,2.2454826444011613e-05
вкопанная,2.2454826444011613e-05
сложнее,2.244223642519805e-05
признательный,2.244223642519805e-05
сердечнее,2.244223642519805e-05
бисквитов,2.2426465525360016e-05
сидевшая,2.2426465525360016e-05
развязности,2.2426465525360016e-05
развязным,2.2426465525360016e-05
подавить,2.2426465525360016e-05
медали,2.2423610395594697e-05
переворачивался,2.2423610395594697e-05
копытами,2.2422863259550503e-05
опрокинутое,2.2422863259550503e-05
вечную,2.2415278009278086e-05
миновало,2.2415278009278086e-05
возвращалось,2.2415278009278086e-05
луку,2.2415009520246053e-05
савича,2.2415009520246053e-05
расшиб,2.2415009520246053e-05
встрепенулись,2.2415009520246053e-05
разразились,2.2415009520246053e-05
скрестив,2.2407821540190454e-05
посматривал,2.2407821540190454e-05
сонною,2.2407821540190454e-05
суров,2.2405542843751263e-05
разливалась,2.2405542843751263e-05
небрежное,2.2405542843751263e-05
сух,2.2405542843751263e-05
тревожился,2.2405542843751263e-05
сжимались,2.2405542843751263e-05
вексель,2.240092966838047e-05
кричите,2.240092966838047e-05
глагол,2.239295697092967e-05
сипеть,2.239295697092967e-05
забегая,2.2392013922847553e-05
тучу,2.2392013922847553e-05
пятясь,2.2392013922847553e-05
неизлечимую,2.2392013922847553e-05
простудилась,2.2392013922847553e-05
разгадке,2.2391329616440566e-05
пренебрежения,2.2391329616440566e-05
сменился,2.2391329616440566e-05
окраску,2.2382273590588224e-05
переделку,2.2382273590588224e-05
пробои,2.2382273590588224e-05
нехороши,2.2367371428308315e-05
ботвинью,2.2367371428308315e-05
лососина,2.2367371428308315e-05
шагала,2.23671619384004e-05
соразмеряла,2.23671619384004e-05
уверенно,2.23671619384004e-05
убирании,2.2360237129966134e-05
женаты,2.2360237129966134e-05
мыли,2.2360237129966134e-05
добываю,2.234699858107486e-05
зыблется,2.234699858107486e-05
милостыню,2.234142292669861e-05
нищему,2.234142292669861e-05
грош,2.234142292669861e-05
прогонят,2.234142292669861e-05
посмеется,2.234142292669861e-05
обругают,2.234142292669861e-05
посмеются,2.234142292669861e-05
закусывал,2.2336633825700998e-05
рябчика,2.2336633825700998e-05
семгой,2.2336633825700998e-05
белого,2.2336633825700998e-05
смородинную,2.2336633825700998e-05
отличной,2.2336633825700998e-05
чудесный,2.2327628525261857e-05
басом,2.2327628525261857e-05
деревянная,2.232070426065678e-05
беседка,2.232070426065678e-05
зеленая,2.232070426065678e-05
нерешительность,2.2314938150671274e-05
помолиться,2.2314938150671274e-05
неизвестность,2.2314938150671274e-05
возвестили,2.230534101052657e-05
вторичный,2.230534101052657e-05
мостки,2.230534101052657e-05
продлил,2.229525762515237e-05
божию,2.229525762515237e-05
молила,2.229525762515237e-05
предавала,2.229525762515237e-05
загромождена,2.2293801234145662e-05
столами,2.2293801234145662e-05
приставленными,2.2293801234145662e-05
ломберными,2.2293801234145662e-05
раскинутыми,2.2293801234145662e-05
несколькими,2.2293801234145662e-05
расстилались,2.2293801234145662e-05
грубой,2.228611132582003e-05
узоре,2.2281129979876287e-05
годом,2.2281129979876287e-05
отбрасывать,2.2281129979876287e-05
мелькавшим,2.2281129979876287e-05
покушает,2.2271255301108796e-05
ухи,2.2271255301108796e-05
стерляжьей,2.2271255301108796e-05
освещал,2.2271207439808702e-05
сглаживался,2.2271207439808702e-05
творимый,2.2271207439808702e-05
космос,2.2271207439808702e-05
восприимчивом,2.2271207439808702e-05
рисунок,2.2271207439808702e-05
бровях,2.2267812057963837e-05
суровость,2.2267812057963837e-05
ползала,2.2267812057963837e-05
пренебрежение,2.2267812057963837e-05
сдвинутых,2.2267812057963837e-05
таилась,2.2267812057963837e-05
посещавших,2.22610792006628e-05
беседах,2.22610792006628e-05
характеристику,2.22610792006628e-05
доходила,2.22610792006628e-05
разную,2.22610792006628e-05
неосторожность,2.2237627398443596e-05
двойных,2.2237627398443596e-05
сослаться,2.2237627398443596e-05
удовлетворилась,2.2237627398443596e-05
приступила,2.2237627398443596e-05
непрерывно,2.22334183548911e-05
выпуклую,2.22334183548911e-05
грациозную,2.22334183548911e-05
устремленной,2.22334183548911e-05
образовал,2.22334183548911e-05
неловок,2.2232050613569376e-05
належал,2.2230720510201228e-05
возиться,2.2227675655359026e-05
деревушку,2.2227675655359026e-05
садить,2.2227675655359026e-05
награждать,2.222355658341316e-05
заботиться,2.222355658341316e-05
нуждах,2.222355658341316e-05
сплошь,2.222355658341316e-05
упрекать,2.220756493745024e-05
ахнули,2.220756493745024e-05
третьему,2.220756493745024e-05
масленице,2.2202701531541942e-05
балаганы,2.2202701531541942e-05
посещали,2.2202701531541942e-05
тончайший,2.2202448593146135e-05
востока,2.2202448593146135e-05
ароматы,2.2202448593146135e-05
батистовый,2.2202448593146135e-05
глянцевитой,2.2202448593146135e-05
вдохнул,2.2202448593146135e-05
справят,2.216923110513683e-05
сватовство,2.216923110513683e-05
щекотливое,2.216923110513683e-05
упущения,2.216923110513683e-05
торжественную,2.216923110513683e-05
убеждением,2.2167499745349937e-05
преграда,2.2167499745349937e-05
совпадать,2.2167499745349937e-05
проникнуты,2.2167499745349937e-05
неодолимая,2.2167499745349937e-05
ученью,2.2167499745349937e-05
мыкать,2.2164714263892308e-05
слыхано,2.2142089560724057e-05
заводил,2.2138330348498757e-05
сметания,2.2138330348498757e-05
тяжбу,2.2138330348498757e-05
уничтожило,2.2137942312787656e-05
изнемог,2.2137942312787656e-05
несущиеся,2.2137942312787656e-05
восторги,2.2137942312787656e-05
пробегающий,2.2137942312787656e-05
отказывался,2.213435381476989e-05
отверзалась,2.213435381476989e-05
возникала,2.213435381476989e-05
непроходимая,2.213435381476989e-05
задачи,2.213435381476989e-05
брачные,2.2129520282797342e-05
забьется,2.2129520282797342e-05
почуя,2.2129520282797342e-05
тяготился,2.2129520282797342e-05
близость,2.2129520282797342e-05
холостою,2.2129520282797342e-05
тревожили,2.2129520282797342e-05
отчаялась,2.2124863681131252e-05
девственна,2.2124863681131252e-05
догнала,2.212291201457916e-05
созерцания,2.2122720651897355e-05
одностороннего,2.2122720651897355e-05
менялась,2.2116363837819637e-05
робел,2.2113243654043844e-05
гадкий,2.2113243654043844e-05
гордом,2.21112195100507e-05
провожать,2.210953318879593e-05
выпроводил,2.210953318879593e-05
россияда,2.210880619254117e-05
новейший,2.210880619254117e-05
третьегодичные,2.210880619254117e-05
приговаривая,2.210880619254117e-05
равным,2.210880619254117e-05
хераскова,2.210880619254117e-05
сумарокова,2.210880619254117e-05
казны,2.2102763819875292e-05
известная,2.2102763819875292e-05
электричества,2.2102763819875292e-05
мера,2.2102763819875292e-05
отпускалась,2.2102763819875292e-05
чепца,2.2097296539993138e-05
полную,2.2097296539993138e-05
обнес,2.2094153740500425e-05
берегли,2.2094153740500425e-05
ухаживали,2.2094153740500425e-05
начальством,2.2094153740500425e-05
крепостные,2.2094153740500425e-05
уходящего,2.209353356998554e-05
обрушила,2.209107553514944e-05
накипевшую,2.209107553514944e-05
едкого,2.209107553514944e-05
желчь,2.209107553514944e-05
заглавие,2.209042682384106e-05
возвратила,2.209042682384106e-05
обаятельный,2.208654165485119e-05
веровал,2.208654165485119e-05
всеоружии,2.208654165485119e-05
пожирал,2.208654165485119e-05
предстать,2.208654165485119e-05
волшебные,2.208654165485119e-05
замыслов,2.206481876801982e-05
успехом,2.206481876801982e-05
крючкотворец,2.206481876801982e-05
увенчались,2.206481876801982e-05
делец,2.206481876801982e-05
разрушила,2.206481876801982e-05
клонились,2.206481876801982e-05
называемое,2.2062850684063302e-05
извозчики,2.2062850684063302e-05
нижнем,2.2062850684063302e-05
дрожек,2.2062850684063302e-05
блюдечками,2.2062850684063302e-05
повертит,2.2055319773648673e-05
туфлей,2.2055319773648673e-05
подхватывает,2.2055319773648673e-05
фаддеевны,2.2051988392210995e-05
кометы,2.2051988392210995e-05
заключению,2.2051988392210995e-05
старух,2.2051988392210995e-05
восставал,2.2051988392210995e-05
предчувствия,2.2051988392210995e-05
натальи,2.2051988392210995e-05
наполненной,2.2039850894606965e-05
цвела,2.2039850894606965e-05
лелеял,2.2039850894606965e-05
ревниво,2.2039850894606965e-05
неувядаемая,2.2039850894606965e-05
деятельно,2.2039850894606965e-05
возделывал,2.2039850894606965e-05
разбивалась,2.2032898964256075e-05
вздремнет,2.2032898964256075e-05
соседней,2.2032898964256075e-05
зашумят,2.2032898964256075e-05
негодная,2.2032898964256075e-05
снесла,2.2031423208287523e-05
признанных,2.2031423208287523e-05
понижения,2.2031423208287523e-05
фальшивая,2.2031423208287523e-05
нота,2.2031423208287523e-05
потрясающий,2.2031423208287523e-05
возненавидела,2.2028566371965715e-05
атрибуты,2.2028566371965715e-05
грубые,2.2028566371965715e-05
облаком,2.202231857187167e-05
окружила,2.202231857187167e-05
прелесть,2.202231857187167e-05
сосредоточенность,2.202231857187167e-05
завивала,2.2015325481426047e-05
начертил,2.2009691990671506e-05
выражению,2.2009691990671506e-05
умершую,2.2004667405853908e-05
теплые,2.2004667405853908e-05
ресниц,2.2004667405853908e-05
затрепетал,2.2004667405853908e-05
увидев,2.2004667405853908e-05
жаркой,2.2004667405853908e-05
выплыли,2.2004667405853908e-05
блистать,2.2002476234272172e-05
согревать,2.2002476234272172e-05
поглотит,2.2002476234272172e-05
розовый,2.2002476234272172e-05
сильною,2.2002476234272172e-05
пружиной,2.2002476234272172e-05
скрытою,2.2002476234272172e-05
предостережения,2.1995103647223706e-05
советоваться,2.1995103647223706e-05
непроезжий,2.199503250280679e-05
почерпать,2.199503250280679e-05
новейших,2.199503250280679e-05
неоткуда,2.199503250280679e-05
обозники,2.199503250280679e-05
особую,2.1991573048167868e-05
присвататься,2.1991573048167868e-05
дочери,2.1991573048167868e-05
лабазника,2.1991573048167868e-05
извлечь,2.198674783828356e-05
угасающего,2.198674783828356e-05
кокетству,2.198674783828356e-05
дружескому,2.198674783828356e-05
оживить,2.198674783828356e-05
благовиднее,2.198674783828356e-05
позицию,2.1961722353021635e-05
штуки,2.1961722353021635e-05
выделывать,2.1961722353021635e-05
драка,2.1961722353021635e-05
удивительные,2.1961722353021635e-05
ворчаньем,2.196071423455479e-05
задушевный,2.1960482571481486e-05
береги,2.1956761706432484e-05
познавала,2.1956761706432484e-05
осыпать,2.1954871999139176e-05
утирать,2.1954871999139176e-05
ласками,2.1954871999139176e-05
непрошеных,2.1954871999139176e-05
штат,2.1954871999139176e-05
успевал,2.1954871999139176e-05
баловство,2.1949547289597992e-05
законности,2.1949547289597992e-05
придать,2.1949547289597992e-05
доннерветтеров,2.1949547289597992e-05
предлогам,2.1949547289597992e-05
выхлопочет,2.19461960806631e-05
представляет,2.19461960806631e-05
кресту,2.19461960806631e-05
чину,2.19461960806631e-05
заиграть,2.1939051883841225e-05
подвластной,2.1939051883841225e-05
летучим,2.1939051883841225e-05
намекам,2.1939051883841225e-05
временным,2.1939051883841225e-05
вспышкам,2.1939051883841225e-05
перелистывал,2.1933154158268102e-05
хмурился,2.1933154158268102e-05
французские,2.1933154158268102e-05
брился,2.1933154158268102e-05
подвигается,2.1933154158268102e-05
одевался,2.1933154158268102e-05
невестой,2.193033725203671e-05
замолкнут,2.193033725203671e-05
объявлены,2.193033725203671e-05
посторонние,2.193033725203671e-05
посещающие,2.193033725203671e-05
подводах,2.191841613594554e-05
обокрасть,2.191841613594554e-05
свезти,2.191841613594554e-05
водились,2.191841613594554e-05
неизбежность,2.191015469094643e-05
отдалял,2.191015469094643e-05
выиграна,2.191015469094643e-05
киссинген,2.1900722895649144e-05
июнь,2.1900722895649144e-05
эмс,2.1900722895649144e-05
лечиться,2.1900722895649144e-05
виноградом,2.1900722895649144e-05
отправляйтесь,2.1900722895649144e-05
лужи,2.1897271105208382e-05
брошена,2.1897271105208382e-05
узенькая,2.1897271105208382e-05
изломались,2.1897271105208382e-05
дождевые,2.1897271105208382e-05
высокими,2.1895502099109593e-05
качествами,2.1895502099109593e-05
светлее,2.1895502099109593e-05
михайлычем,2.1895498182010377e-05
иванычем,2.1895498182010377e-05
васильичем,2.1895498182010377e-05
бах,2.18947366909922e-05
посещайте,2.18947366909922e-05
искусствах,2.18947366909922e-05
венецианская,2.18947366909922e-05
винчи,2.18947366909922e-05
бетховен,2.18947366909922e-05
леонардо,2.18947366909922e-05
загорелась,2.1892601697241087e-05
посылались,2.1890902499395717e-05
кушанья,2.1890902499395717e-05
отпущено,2.1890902499395717e-05
отменить,2.1890902499395717e-05
играю,2.1889728604785073e-05
играете,2.1889728604785073e-05
примешивал,2.188875582888004e-05
встретиться,2.188875582888004e-05
изобретал,2.188875582888004e-05
открытия,2.188875582888004e-05
торговое,2.1886862975789533e-05
проложить,2.1886862975789533e-05
упирая,2.1883002897191107e-05
отделявший,2.1883002897191107e-05
объявлен,2.186907574889263e-05
легавая,2.186331365566631e-05
лучшую,2.186331365566631e-05
милютины,2.186331365566631e-05
полой,2.186331365566631e-05
пулярку,2.186331365566631e-05
обнюхает,2.186331365566631e-05
обходит,2.186331365566631e-05
задымились,2.1859646401962554e-05
опустели,2.1859646401962554e-05
подвязанными,2.1859646401962554e-05
августа,2.1859646401962554e-05
дачах,2.1859646401962554e-05
жители,2.1859646401962554e-05
идолов,2.1850590079238553e-05
сохранил,2.1850590079238553e-05
крепость,2.1850590079238553e-05
незастенчивые,2.1850590079238553e-05
холера,2.184677421638802e-05
берегитесь,2.184677421638802e-05
ужаснулись,2.1834512942302367e-05
прохаживаться,2.1834512942302367e-05
представив,2.1834512942302367e-05
наслаждалась,2.1828774714579596e-05
мрачить,2.1828774714579596e-05
встречаться,2.1828774714579596e-05
незаконною,2.1828774714579596e-05
разумного,2.1828774714579596e-05
желала,2.1828774714579596e-05
погнался,2.1826174572500137e-05
вестью,2.1826174572500137e-05
оборотне,2.1826174572500137e-05
змее,2.1826174572500137e-05
стряхнуть,2.180868800855375e-05
положению,2.180868800855375e-05
впечатлительное,2.180868800855375e-05
самолюбивая,2.180868800855375e-05
пауке,2.1791847294894513e-05
нерадению,2.1791847294894513e-05
бахрому,2.1791847294894513e-05
дерев,2.1791281538083416e-05
наряжалась,2.1791281538083416e-05
серебряных,2.1791281538083416e-05
таинственно,2.1791281538083416e-05
снопы,2.1791281538083416e-05
сыпала,2.1791281538083416e-05
поклонникам,2.1791281538083416e-05
черноте,2.1787434415467045e-05
детками,2.1787434415467045e-05
беспрекословно,2.1787434415467045e-05
племянниками,2.1787434415467045e-05
рдеет,2.1779841012704454e-05
ярче,2.1779841012704454e-05
намерениями,2.1779841012704454e-05
выставляется,2.1779841012704454e-05
глубок,2.177599520563631e-05
впадешь,2.177599520563631e-05
строптивый,2.177599520563631e-05
дерзок,2.177599520563631e-05
распутает,2.177599520563631e-05
противоречий,2.177599520563631e-05
наседке,2.1775943436429237e-05
настрого,2.1775943436429237e-05
пожалели,2.1775943436429237e-05
подводить,2.1775943436429237e-05
запретив,2.1775943436429237e-05
полпивной,2.177353993098787e-05
окинул,2.177353993098787e-05
нотами,2.1772257950672708e-05
беготне,2.1767884902263312e-05
еженочной,2.1767884902263312e-05
невысыхаемым,2.1767884902263312e-05
несмыкаемости,2.1767884902263312e-05
слезам,2.1767884902263312e-05
предстанет,2.1767884902263312e-05
удовлетворительным,2.1766290996550818e-05
поспешить,2.1766290996550818e-05
соседу,2.1766290996550818e-05
решении,2.1766290996550818e-05
возможности,2.1766290996550818e-05
озябшими,2.1760819103436823e-05
моцион,2.1760819103436823e-05
синевы,2.1760819103436823e-05
супружеского,2.1760807775691844e-05
алтаря,2.1760807775691844e-05
группы,2.1760807775691844e-05
задвижкой,2.1753865959137107e-05
усаживался,2.1753865959137107e-05
лизавета,2.1750845624919883e-05
вставши,2.174023828393893e-05
напоминает,2.174023828393893e-05
продевая,2.174023828393893e-05
беспокоить,2.174023828393893e-05
чешет,2.174023828393893e-05
стоячим,2.1735601489296187e-05
нравилась,2.1735601489296187e-05
отразится,2.1735601489296187e-05
мигом,2.1735601489296187e-05
разольет,2.1735601489296187e-05
озером,2.1735601489296187e-05
путеводной,2.1735601489296187e-05
нечувствительно,2.1732122983579895e-05
сближались,2.1732122983579895e-05
истолкователя,2.1732122983579895e-05
руководителя,2.1732122983579895e-05
оживленнее,2.1732122983579895e-05
пожимала,2.1727631274731033e-05
украденным,2.1727631274731033e-05
настроения,2.1727631274731033e-05
разделяет,2.1727631274731033e-05
мгновением,2.1727631274731033e-05
полученному,2.171554875276722e-05
неприятному,2.171554875276722e-05
создавать,2.171554875276722e-05
ознакомиться,2.1708926210913026e-05
зажмуренные,2.1708926210913026e-05
карать,2.169754316775326e-05
носило,2.1697431155967268e-05
стиль,2.1697431155967268e-05
наружная,2.1697431155967268e-05
архитектура,2.1697431155967268e-05
личного,2.1697431155967268e-05
хозяев,2.1697431155967268e-05
устройство,2.1697431155967268e-05
вкуса,2.1697431155967268e-05
запущенную,2.169577935243702e-05
постройкой,2.169577935243702e-05
хитрый,2.1686680434461937e-05
уязвит,2.1686680434461937e-05
идеей,2.1686680434461937e-05
сидишь,2.1686680434461937e-05
немудрый,2.1686680434461937e-05
поменяться,2.1686680434461937e-05
побожиться,2.1674862368806867e-05
лестным,2.163900694996895e-05
любезностью,2.163900694996895e-05
приношением,2.163900694996895e-05
одолжением,2.163900694996895e-05
обязанностью,2.163900694996895e-05
бывала,2.1638849655432303e-05
отирать,2.1638849655432303e-05
рассудком,2.1638849655432303e-05
ворочаешься,2.1638569566175445e-05
оскорбленного,2.1638569566175445e-05
оцененного,2.1638569566175445e-05
забочусь,2.1638569566175445e-05
крышку,2.163414878685355e-05
отведает,2.163414878685355e-05
вражеским,2.16247845565485e-05
спутника,2.16247845565485e-05
уснешь,2.16247845565485e-05
двуличного,2.16247845565485e-05
сладкий,2.16247845565485e-05
дружеским,2.16247845565485e-05
хождении,2.1618726083213772e-05
задвигались,2.1616500761170978e-05
открылись,2.1616500761170978e-05
сверкнули,2.1616500761170978e-05
туманное,2.1616500761170978e-05
преобразилось,2.1616500761170978e-05
сонное,2.1616500761170978e-05
заиграли,2.1616500761170978e-05
княжны,2.1615774277727964e-05
кланявшиеся,2.1615774277727964e-05
одетые,2.1615774277727964e-05
говорившие,2.1615774277727964e-05
боявшиеся,2.1615774277727964e-05
одиннадцати,2.1615774277727964e-05
нарядно,2.1615774277727964e-05
высокенькие,2.1615774277727964e-05
сумма,2.161003496277684e-05
выручена,2.161003496277684e-05
знаем,2.1606707648377568e-05
отучит,2.1605488912837194e-05
головке,2.1605488912837194e-05
умненькой,2.1605488912837194e-05
хорошенькой,2.1605488912837194e-05
скуден,2.1593890601924322e-05
потухший,2.1593890601924322e-05
ослабевший,2.1593890601924322e-05
нищ,2.1593890601924322e-05
бессилия,2.1593890601924322e-05
важном,2.1575167184349636e-05
докладывает,2.1575167184349636e-05
министру,2.1575167184349636e-05
администратор,2.1575167184349636e-05
гримасой,2.1575167184349636e-05
изложил,2.1573144021186058e-05
изложить,2.1573144021186058e-05
выдал,2.1573144021186058e-05
сдержанной,2.157180014539816e-05
прежнею,2.157180014539816e-05
серебряным,2.157180014539816e-05
приятельницею,2.157180014539816e-05
громким,2.157180014539816e-05
рассеянностью,2.1571001757189884e-05
предлагала,2.1571001757189884e-05
внушению,2.1571001757189884e-05
продолжительным,2.1571001757189884e-05
женскою,2.1571001757189884e-05
каприза,2.1571001757189884e-05
искренности,2.1570640299228418e-05
возвратится,2.1570640299228418e-05
заронился,2.15577166612987e-05
шарманку,2.15577166612987e-05
песня,2.15577166612987e-05
зашевелит,2.15577166612987e-05
сиплую,2.15577166612987e-05
поныне,2.1553382370234476e-05
отрешиться,2.1553382370234476e-05
вымысла,2.1553382370234476e-05
сказаниям,2.1553382370234476e-05
лишенной,2.1553382370234476e-05
бегавшими,2.1545056517645562e-05
устающими,2.1545056517645562e-05
цепкими,2.1545056517645562e-05
гасил,2.1540610367130333e-05
интересно,2.1540610367130333e-05
свечу,2.1540610367130333e-05
аккуратно,2.1534431305095843e-05
процветал,2.1534431305095843e-05
поставленный,2.1534431305095843e-05
привозили,2.1534431305095843e-05
порядочный,2.1534431305095843e-05
живности,2.1534431305095843e-05
громче,2.153315317647435e-05
дымящимся,2.153315317647435e-05
сурдиной,2.153315317647435e-05
ямской,2.153315317647435e-05
кофейником,2.153315317647435e-05
питейной,2.1527887896139268e-05
конторе,2.1527887896139268e-05
понаведаться,2.1527887896139268e-05
наймешь,2.1527887896139268e-05
сделанное,2.152715211934086e-05
неизвестности,2.1524760949330876e-05
предвидений,2.1524760949330876e-05
отражалось,2.1524760949330876e-05
ежеминутных,2.1524760949330876e-05
древности,2.1515888558722684e-05
альбом,2.1515888558722684e-05
рисовать,2.1515888558722684e-05
азию,2.1515888558722684e-05
стрелять,2.1515888558722684e-05
арий,2.1509654017615276e-05
страдание,2.1509654017615276e-05
таился,2.1509654017615276e-05
романсов,2.1509654017615276e-05
неясным,2.1509654017615276e-05
предчувствием,2.1509654017615276e-05
несессер,2.149729546621457e-05
возят,2.149729546621457e-05
шерстяную,2.149729546621457e-05
флигеля,2.149716300547418e-05
намеревался,2.149716300547418e-05
расположил,2.149716300547418e-05
конюшен,2.149716300547418e-05
служб,2.149716300547418e-05
сараев,2.149716300547418e-05
сообразив,2.149716300547418e-05
крестьянская,2.149472992817503e-05
марина,2.149472992817503e-05
кулькова,2.149472992817503e-05
умолчать,2.149472992817503e-05
напечатано,2.149472992817503e-05
младенцев,2.149472992817503e-05
встрепанный,2.1493447651203343e-05
встряхнул,2.1493447651203343e-05
потрясающие,2.147295792570082e-05
взрывы,2.147295792570082e-05
причуд,2.147295792570082e-05
потекло,2.147114815915365e-05
источника,2.147114815915365e-05
ровной,2.147114815915365e-05
черпнуть,2.147114815915365e-05
вскипев,2.147114815915365e-05
набитая,2.1460939817421207e-05
дует,2.1454984738672934e-05
плывет,2.1454984738672934e-05
синем,2.1454984738672934e-05
индейский,2.1454984738672934e-05
облачко,2.1454984738672934e-05
ветерок,2.1454984738672934e-05
таится,2.145339559718989e-05
окованная,2.145339559718989e-05
замкнутых,2.145339559718989e-05
насильственным,2.145339559718989e-05
напряженная,2.145339559718989e-05
прочитанное,2.143644500455347e-05
живописи,2.143644500455347e-05
эрмитаж,2.143644500455347e-05
подтверждать,2.143644500455347e-05
неосторожности,2.143644500455347e-05
школах,2.143644500455347e-05
гибок,2.1434775906165217e-05
неоцененных,2.1434775906165217e-05
самомалейшему,2.1434775906165217e-05
мягок,2.1434775906165217e-05
послушный,2.1434775906165217e-05
коры,2.141823140707492e-05
яблокам,2.141823140707492e-05
корешки,2.141823140707492e-05
отыскивает,2.141823140707492e-05
роется,2.141823140707492e-05
всласть,2.141823140707492e-05
варенью,2.141823140707492e-05
предпочитая,2.141823140707492e-05
очищает,2.141823140707492e-05
мыслителей,2.140981984452917e-05
умниц,2.140981984452917e-05
писателей,2.140981984452917e-05
шевелит,2.1407357654034742e-05
жевал,2.1407357654034742e-05
пытку,2.1407357654034742e-05
ярмо,2.140613566119408e-05
потрясений,2.140613566119408e-05
терял,2.140613566119408e-05
никакое,2.140613566119408e-05
бельгию,2.1399539569738098e-05
выбирают,2.1399539569738098e-05
агента,2.1399539569738098e-05
приспособить,2.1399539569738098e-05
закончить,2.1389486374832016e-05
соткать,2.1389486374832016e-05
мельчайшие,2.1389486374832016e-05
тончайшее,2.1389486374832016e-05
смешанный,2.138664276581296e-05
кочующих,2.138664276581296e-05
пенье,2.138664276581296e-05
нечеловеческих,2.138664276581296e-05
сопровождаемое,2.138664276581296e-05
выведи,2.1384178202838923e-05
сделаешь,2.1384178202838923e-05
отбросив,2.137993204719286e-05
высидел,2.137405312192053e-05
скамеечку,2.137405312192053e-05
разговаривая,2.137405312192053e-05
подвинул,2.137405312192053e-05
чинно,2.137405312192053e-05
прилично,2.137405312192053e-05
пригодятся,2.136841486804575e-05
бросаетесь,2.1366876195456195e-05
становитесь,2.1366876195456195e-05
бессонная,2.1366876195456195e-05
заботливы,2.1366876195456195e-05
отдаете,2.1366876195456195e-05
нежны,2.1366876195456195e-05
преданностью,2.1347607569153775e-05
жемчуга,2.1347607569153775e-05
чистою,2.1347607569153775e-05
закладе,2.1347607569153775e-05
приносились,2.1347607569153775e-05
возвысился,2.134759782868847e-05
явственнее,2.134759782868847e-05
полных,2.134759782868847e-05
полутон,2.134759782868847e-05
грудных,2.134759782868847e-05
капельки,2.1344345348536146e-05
цветком,2.1344345348536146e-05
сорванным,2.1344345348536146e-05
чаши,2.1344345348536146e-05
допивая,2.1344345348536146e-05
мелочной,2.1339611412101724e-05
ближней,2.1339611412101724e-05
бледнеет,2.1338267242946185e-05
страхами,2.1338267242946185e-05
зловещей,2.1338267242946185e-05
оставшись,2.1338267242946185e-05
зароненной,2.1338267242946185e-05
указки,2.1319100823854945e-05
галчат,2.1319100823854945e-05
разорять,2.1319100823854945e-05
молитвой,2.1319100823854945e-05
оторвавшись,2.1319100823854945e-05
нередко,2.1319100823854945e-05
гнезда,2.1319100823854945e-05
птичьи,2.1319100823854945e-05
убирают,2.1318835488084822e-05
начнутся,2.1318835488084822e-05
капризничать,2.131834391851622e-05
мораль,2.131834391851622e-05
пугать,2.131834391851622e-05
рабой,2.131834391851622e-05
понравились,2.131834391851622e-05
изнеженным,2.1309059561541296e-05
белому,2.1309059561541296e-05
пухлых,2.1309059561541296e-05
судя,2.1309059561541296e-05
матовому,2.1309059561541296e-05
играми,2.130537049935616e-05
восприняла,2.130537049935616e-05
голубой,2.130537049935616e-05
издании,2.1303333476997717e-05
устах,2.1303333476997717e-05
прошедшие,2.1303333476997717e-05
стереотипном,2.1303333476997717e-05
выслушивали,2.1303333476997717e-05
приездом,2.12978189835581e-05
обдергивались,2.12978189835581e-05
сбивали,2.12978189835581e-05
получше,2.128695982867802e-05
посвежее,2.128695982867802e-05
здешнего,2.128695982867802e-05
плодами,2.1281715965709125e-05
шелковою,2.1281715965709125e-05
материею,2.1281715965709125e-05
красивые,2.1281715965709125e-05
обитые,2.1281715965709125e-05
вышитыми,2.1281715965709125e-05
небывалыми,2.1281715965709125e-05
побеждая,2.1276014513564064e-05
всплывало,2.1276014513564064e-05
требования,2.1276014513564064e-05
затрудняясь,2.1276014513564064e-05
графином,2.1274175186500984e-05
старую,2.1274175186500984e-05
постлал,2.1274175186500984e-05
прикусив,2.1274175186500984e-05
прибор,2.1274175186500984e-05
поклон,2.1271781755678794e-05
супружества,2.1271781755678794e-05
вежливости,2.1271781755678794e-05
азбуку,2.1271781755678794e-05
пророчески,2.127091646841426e-05
вглядывался,2.127091646841426e-05
сияющей,2.127091646841426e-05
красками,2.127091646841426e-05
сходны,2.1263044252762885e-05
похожей,2.1263044252762885e-05
уверенности,2.1263044252762885e-05
интриги,2.1255333297369568e-05
возрасте,2.1255333297369568e-05
разыгрывались,2.1255333297369568e-05
чистотой,2.1255333297369568e-05
пансионерки,2.1255333297369568e-05
повестям,2.1255333297369568e-05
невинностью,2.1255333297369568e-05
подвергаемся,2.124938868246135e-05
порицанию,2.124938868246135e-05
искупление,2.124048267386758e-05
решимости,2.124048267386758e-05
накипят,2.124048267386758e-05
рыданиями,2.124048267386758e-05
судорогами,2.124048267386758e-05
наболит,2.124048267386758e-05
пятаки,2.122986448073329e-05
посплетничать,2.122986448073329e-05
дрожью,2.1226496269046263e-05
скрыл,2.1226496269046263e-05
флеровое,2.1226496269046263e-05
очертания,2.1226496269046263e-05
набросил,2.1226496269046263e-05
нервной,2.1226496269046263e-05
случайностями,2.1224488643995687e-05
убытками,2.1224488643995687e-05
бездействия,2.1224488643995687e-05
неприятными,2.1224488643995687e-05
нарушаемого,2.1224488643995687e-05
ссорами,2.1224488643995687e-05
болезнями,2.1224488643995687e-05
запрещала,2.1221058974602625e-05
тиранила,2.1221058974602625e-05
мучила,2.1221058974602625e-05
распоряжалась,2.1221058974602625e-05
ползают,2.1217458508393203e-05
роются,2.1217458508393203e-05
песке,2.1217458508393203e-05
предоставив,2.1217458508393203e-05
устраивает,2.1213582163785652e-05
треплет,2.1213582163785652e-05
мирит,2.1213582163785652e-05
предчувствий,2.1209730553738126e-05
сопротивлений,2.1209730553738126e-05
томлений,2.1209730553738126e-05
смутных,2.1209730553738126e-05
сладостное,2.1209730553738126e-05
самую,2.120512125371466e-05
меркнет,2.1189140267523636e-05
уважение,2.1189140267523636e-05
легкомысленно,2.118344524593158e-05
чахнут,2.118344524593158e-05
рассудок,2.118344524593158e-05
теряют,2.118344524593158e-05
спесивая,2.118344524593158e-05
всунув,2.1183396278803185e-05
перенесено,2.1183396278803185e-05
инстанцию,2.1183396278803185e-05
благоусмотрение,2.1183396278803185e-05
почувствует,2.1178895137477094e-05
расстроенный,2.1178895137477094e-05
загордится,2.1178895137477094e-05
благоприятного,2.1178895137477094e-05
сдач,2.1164336119226e-05
мастеровым,2.1164336119226e-05
умиление,2.1162509550950237e-05
уступая,2.1162509550950237e-05
нелегко,2.1149935877977176e-05
эпоху,2.114594005646816e-05
главе,2.114594005646816e-05
перенесемся,2.114594005646816e-05
читателем,2.114594005646816e-05
медленный,2.114594005646816e-05
предпочитают,2.1141578678148544e-05
мостах,2.1141578678148544e-05
устройством,2.1141578678148544e-05
переваливаться,2.1141578678148544e-05
торгового,2.1141578678148544e-05
смелой,2.114065598132269e-05
двигает,2.114065598132269e-05
опускали,2.114065598132269e-05
отдохну,2.1136824766483874e-05
суточных,2.1136824766483874e-05
командировку,2.1136824766483874e-05
глубь,2.1124461073089488e-05
обшивала,2.1119393150299624e-05
бельем,2.1119393150299624e-05
поила,2.1119393150299624e-05
ничтожен,2.1110428746146536e-05
подробностях,2.1110428746146536e-05
бессилен,2.1110428746146536e-05
неурожае,2.1105711828633474e-05
продал,2.1105711828633474e-05
кухаркой,2.1105711828633474e-05
похожими,2.1103009355256276e-05
собачьи,2.1103009355256276e-05
хохлами,2.1103009355256276e-05
величины,2.1103009355256276e-05
средней,2.1103009355256276e-05
хохлом,2.1103009355256276e-05
сынков,2.1101803916985492e-05
балованых,2.1101803916985492e-05
капризы,2.1101803916985492e-05
исключений,2.1101803916985492e-05
апатический,2.1101803916985492e-05
обнаруживать,2.1101803916985492e-05
букетами,2.1095803008608427e-05
иголочки,2.1095803008608427e-05
окаянный,2.1095803008608427e-05
езди,2.1095803008608427e-05
привыкнет,2.109557031216372e-05
шорох,2.109009710943346e-05
девственное,2.109009710943346e-05
стучится,2.109009710943346e-05
спугнуть,2.109009710943346e-05
зову,2.1086529096722016e-05
текла,2.1086529096722016e-05
представали,2.1086529096722016e-05
неизбежные,2.1086529096722016e-05
озаряющего,2.1084683258459458e-05
угловатую,2.1078114129115992e-05
ведения,2.1078114129115992e-05
рожи,2.1078114129115992e-05
уцепиться,2.1078114129115992e-05
закупка,2.1067895263596123e-05
варенье,2.1067895263596123e-05
яблок,2.1067895263596123e-05
моченье,2.1067895263596123e-05
вишен,2.1067895263596123e-05
обширные,2.1067895263596123e-05
соленье,2.1067895263596123e-05
огурцов,2.1067895263596123e-05
пера,2.1063405914488628e-05
младенец,2.1063405914488628e-05
новорожденный,2.1063405914488628e-05
разбрасывается,2.1063405914488628e-05
беззаботен,2.1063405914488628e-05
неосторожно,2.1061026530076564e-05
вызовет,2.1061026530076564e-05
малейший,2.1061026530076564e-05
холодности,2.1061026530076564e-05
муравей,2.105593618421483e-05
обливаясь,2.105593618421483e-05
палимый,2.105593618421483e-05
зноем,2.105593618421483e-05
ниве,2.105593618421483e-05
пахарь,2.105593618421483e-05
налегая,2.105593618421483e-05
черной,2.105593618421483e-05
нравственное,2.104376864016269e-05
охлаждений,2.104376864016269e-05
измен,2.104376864016269e-05
решением,2.104376864016269e-05
наполненная,2.104376864016269e-05
сок,2.104376864016269e-05
кивать,2.1034303699624353e-05
пирамидами,2.1034303699624353e-05
рамкой,2.1017006826707845e-05
визитов,2.1017006826707845e-05
содержанием,2.1017006826707845e-05
формой,2.1017006826707845e-05
почтение,2.1010997665938866e-05
ревность,2.1010997665938866e-05
одурения,2.1010997665938866e-05
выскочившего,2.1010997665938866e-05
испуганном,2.1010997665938866e-05
спокойной,2.100837901179591e-05
охмеляющего,2.100837901179591e-05
невозмутимого,2.100837901179591e-05
твердости,2.100837901179591e-05
драпируется,2.100048862915304e-05
исполнены,2.100048862915304e-05
жесты,2.100048862915304e-05
раскинется,2.100048862915304e-05
величественно,2.100048862915304e-05
богатую,2.100048862915304e-05
уединении,2.099931581405509e-05
сообразный,2.099931581405509e-05
крестьянами,2.099931581405509e-05
образами,2.099839200426843e-05
рассказывают,2.099839200426843e-05
неясно,2.099839200426843e-05
снах,2.099839200426843e-05
населились,2.099839200426843e-05
видениями,2.099839200426843e-05
нес,2.0968380326526643e-05
капали,2.0968380326526643e-05
нескромный,2.0968380326526643e-05
обдавало,2.0968380326526643e-05
тесной,2.0968251074158446e-05
неверною,2.0968251074158446e-05
разобьют,2.0968251074158446e-05
добраться,2.0968251074158446e-05
надеждою,2.0968251074158446e-05
понесут,2.0968251074158446e-05
пококетничать,2.0967933081328255e-05
гроба,2.0967933081328255e-05
безграничной,2.0967933081328255e-05
открывает,2.0953515343702934e-05
сокровенных,2.0953515343702934e-05
шепталась,2.0953515343702934e-05
чашкой,2.0953515343702934e-05
душевных,2.0953515343702934e-05
поверяет,2.0953515343702934e-05
лысиной,2.094996699986457e-05
брюшком,2.094996699986457e-05
белым,2.094996699986457e-05
бахрома,2.094996699986457e-05
черные,2.094996699986457e-05
низенький,2.094996699986457e-05
цел,2.0945308915337765e-05
увидавши,2.0945308915337765e-05
сея,2.0945308915337765e-05
посвящением,2.0945308915337765e-05
обещание,2.0945308915337765e-05
дозволяется,2.0944692631606957e-05
висячую,2.0944692631606957e-05
огибавшую,2.0944692631606957e-05
ветха,2.0944692631606957e-05
взбежать,2.0944692631606957e-05
красноречиво,2.0935035811568915e-05
оны,2.0935035811568915e-05
слог,2.0935035811568915e-05
путешествии,2.0935035811568915e-05
великана,2.093299651675789e-05
трепещут,2.093299651675789e-05
дюжего,2.093299651675789e-05
вертеп,2.093299651675789e-05
кузнеца,2.093299651675789e-05
мелькнувшем,2.0920476528544736e-05
отразилось,2.0920476528544736e-05
прихотливый,2.0920476528544736e-05
эфемерное,2.0920476528544736e-05
легком,2.091663477859067e-05
слетит,2.091663477859067e-05
возвращаюсь,2.091663477859067e-05
ванну,2.091663477859067e-05
блузе,2.091663477859067e-05
чепчике,2.091663477859067e-05
отворен,2.091663477859067e-05
лелеемый,2.0915095870373196e-05
экзотический,2.0915095870373196e-05
отворяй,2.0915095870373196e-05
теплице,2.0915095870373196e-05
убьешься,2.0915095870373196e-05
стеклом,2.0915095870373196e-05
печалью,2.0915095870373196e-05
простудишься,2.0915095870373196e-05
сажать,2.0903575040980195e-05
венками,2.0903575040980195e-05
березками,2.0903575040980195e-05
праздники,2.0903575040980195e-05
троица,2.0903575040980195e-05
семик,2.0903575040980195e-05
ознаменовалось,2.0903575040980195e-05
овощи,2.0903575040980195e-05
курицу,2.0887715511347374e-05
позаботится,2.0887715511347374e-05
дворняжка,2.0887715511347374e-05
беспорядков,2.0887715511347374e-05
исключениями,2.086062988445462e-05
умеренный,2.086062988445462e-05
мясное,2.086062988445462e-05
предписано,2.086062988445462e-05
пряное,2.086062988445462e-05
запрещено,2.086062988445462e-05
блонды,2.08605195861478e-05
завернутою,2.08605195861478e-05
плыла,2.08605195861478e-05
будничные,2.08605195861478e-05
газы,2.08605195861478e-05
распростерла,2.08605195861478e-05
выросло,2.0852648979564007e-05
застенчивости,2.0852648979564007e-05
многообещавшее,2.0852648979564007e-05
естественности,2.0852648979564007e-05
угадывать,2.0852648979564007e-05
простоты,2.0852648979564007e-05
стремительной,2.0850517003165707e-05
сдвинулись,2.0850517003165707e-05
сказанном,2.0844335701423276e-05
перебрал,2.0844335701423276e-05
друзья,2.083748006453038e-05
вихре,2.083748006453038e-05
бал,2.083748006453038e-05
развлекайтесь,2.083748006453038e-05
задумывайтесь,2.083748006453038e-05
разыгрывавшиеся,2.0837362341447605e-05
открываться,2.0837362341447605e-05
родственников,2.0837362341447605e-05
акта,2.0837362341447605e-05
караван,2.0835338138813935e-05
томятся,2.0835338138813935e-05
степи,2.0835338138813935e-05
наказания,2.0835338138813935e-05
аравийской,2.0835338138813935e-05
освобождения,2.0835338138813935e-05
находящий,2.0835338138813935e-05
сосредоточенности,2.0816502682493384e-05
приятной,2.0816502682493384e-05
среднего,2.0816502682493384e-05
воле,2.081519646747453e-05
сосредоточивая,2.081519646747453e-05
пустил,2.081519646747453e-05
устремляющий,2.081519646747453e-05
бдение,2.081519646747453e-05
настроит,2.0809005970468023e-05
проведет,2.0809005970468023e-05
распорядятся,2.0809005970468023e-05
заведет,2.0809005970468023e-05
травля,2.080072048359249e-05
залезть,2.080072048359249e-05
репутаций,2.080072048359249e-05
отсутствующих,2.080072048359249e-05
смешон,2.080072048359249e-05
терзание,2.080072048359249e-05
следующий,2.079978206840833e-05
заразительная,2.079978206840833e-05
иного,2.079978206840833e-05
прошибет,2.079978206840833e-05
команде,2.079978206840833e-05
запахов,2.079572908951778e-05
исполненного,2.079572908951778e-05
наркотических,2.079572908951778e-05
отворотит,2.079572908951778e-05
принадлежностей,2.079572908951778e-05
беседует,2.0794598498793498e-05
усвоить,2.0794598498793498e-05
внешний,2.0794598498793498e-05
поймаешь,2.0794598498793498e-05
изб,2.0783268985804514e-05
сосновки,2.0783268985804514e-05
сельцо,2.0783268985804514e-05
селу,2.0783268985804514e-05
причисленных,2.0783268985804514e-05
перешедшее,2.0783268985804514e-05
принадлежавшее,2.0783268985804514e-05
считают,2.0779536675130594e-05
выпросили,2.0779536675130594e-05
смотрителя,2.0779536675130594e-05
пристроились,2.0779536675130594e-05
скотницу,2.077645999249957e-05
поваров,2.077645999249957e-05
свойственным,2.0771023918866292e-05
тактом,2.0771023918866292e-05
франтом,2.0771023918866292e-05
шепоту,2.0734259730905828e-05
трепету,2.0734259730905828e-05
видениям,2.0734259730905828e-05
покорилась,2.0734259730905828e-05
вдалась,2.0734259730905828e-05
наклонится,2.0734259730905828e-05
ночным,2.0734259730905828e-05
листьев,2.0734259730905828e-05
вставлял,2.0724865994195096e-05
пользуясь,2.0724865994195096e-05
восторженным,2.0724865994195096e-05
ласка,2.0724066745044963e-05
определенное,2.0724066745044963e-05
пережит,2.0724066745044963e-05
ребяческий,2.0724066745044963e-05
сдержанная,2.0724066745044963e-05
утомление,2.0716727884859275e-05
издержанного,2.0704645061393092e-05
бюджету,2.0704645061393092e-05
ежеминутным,2.0704645061393092e-05
контролем,2.0704645061393092e-05
дремлющим,2.0704645061393092e-05
скрыла,2.069569523956433e-05
попробовала,2.069569523956433e-05
подаренный,2.069569523956433e-05
настроить,2.069569523956433e-05
причесалась,2.069569523956433e-05
оковывать,2.069181034076946e-05
поискав,2.069181034076946e-05
враждебного,2.069181034076946e-05
мешающего,2.069181034076946e-05
дремота,2.069181034076946e-05
погрузишь,2.0674485186319834e-05
суровую,2.067276173115202e-05
сварить,2.0669773194856615e-05
щипцами,2.0669773194856615e-05
повесить,2.0669773194856615e-05
вколотить,2.0669773194856615e-05
калеными,2.0669773194856615e-05
смоле,2.0669773194856615e-05
улетайте,2.065235254409354e-05
невзначай,2.065235254409354e-05
сбережет,2.0648161593004795e-05
присвоить,2.0648161593004795e-05
усчитать,2.0648161593004795e-05
гривну,2.0648161593004795e-05
издержке,2.0648161593004795e-05
мускулистых,2.064758954510121e-05
английскому,2.064758954510121e-05
способу,2.064758954510121e-05
деревенской,2.064758954510121e-05
князей,2.064758954510121e-05
перепахали,2.063041340251593e-05
знамо,2.063041340251593e-05
червь,2.063041340251593e-05
морозы,2.063041340251593e-05
уродится,2.063041340251593e-05
сгубили,2.063041340251593e-05
полежав,2.0624980823049323e-05
ничком,2.0624980823049323e-05
зажаждал,2.0624980823049323e-05
почавкав,2.06189793906912e-05
спросонья,2.06189793906912e-05
поворчав,2.06189793906912e-05
зол,2.061889916568137e-05
прочной,2.061889916568137e-05
страху,2.0618165830485057e-05
заготовлю,2.0618165830485057e-05
сочли,2.061557552265191e-05
счастливыми,2.061557552265191e-05
смирному,2.0612259056404226e-05
исподтишка,2.0612259056404226e-05
гладила,2.0612259056404226e-05
забияки,2.0612259056404226e-05
ученику,2.0612259056404226e-05
ущипнет,2.0612259056404226e-05
обсыплет,2.0612259056404226e-05
трепетали,2.061156219087027e-05
окружавшей,2.061156219087027e-05
дробились,2.061156219087027e-05
преломлялись,2.061156219087027e-05
лондона,2.0606787893622604e-05
гондоле,2.0606787893622604e-05
озерах,2.0606787893622604e-05
развалинах,2.0606787893622604e-05
катается,2.0606787893622604e-05
земном,2.0606787893622604e-05
присядет,2.0601893836801027e-05
посидев,2.0601893836801027e-05
звуку,2.0601893836801027e-05
относились,2.0593102318797546e-05
полупрезрение,2.0593102318797546e-05
звание,2.0593102318797546e-05
авторам,2.0593102318797546e-05
пользовалось,2.0593102318797546e-05
писателям,2.0593102318797546e-05
клики,2.05929628432274e-05
неукрашенное,2.05929628432274e-05
хорошенького,2.0581676003314295e-05
личика,2.0581676003314295e-05
льется,2.0577694434088984e-05
свели,2.0577694434088984e-05
примешивается,2.0577694434088984e-05
бред,2.0577694434088984e-05
безобразные,2.0577694434088984e-05
сопеть,2.0575894813162828e-05
кружок,2.0575894813162828e-05
добродушным,2.0575894813162828e-05
заливаться,2.0575894813162828e-05
десятки,2.0575894813162828e-05
юмора,2.0575894813162828e-05
золоту,2.0568715456674875e-05
зарыто,2.0568715456674875e-05
ходячей,2.0568715456674875e-05
умершее,2.0568715456674875e-05
портила,2.0566432913943357e-05
огородить,2.0566432913943357e-05
разговоров,2.0557860100499994e-05
получаемых,2.0557860100499994e-05
читалось,2.0557860100499994e-05
текущей,2.0557860100499994e-05
вращалось,2.0557860100499994e-05
настойчивости,2.0557860100499994e-05
иностранной,2.0557860100499994e-05
населенная,2.05469817324898e-05
удовлетворенного,2.05469817324898e-05
беззаботными,2.05469817324898e-05
дружескими,2.05469817324898e-05
веровать,2.05469817324898e-05
отдающих,2.05451201683214e-05
многотрудной,2.05451201683214e-05
носящих,2.05451201683214e-05
томительные,2.05451201683214e-05
нескончаемому,2.05451201683214e-05
вечному,2.05451201683214e-05
снующих,2.05451201683214e-05
окончательное,2.0541546714861352e-05
обломками,2.0541546714861352e-05
уцелевшей,2.0541546714861352e-05
призван,2.0541546714861352e-05
фестоны,2.0529003502103043e-05
листы,2.0529003502103043e-05
листа,2.0529003502103043e-05
заведен,2.0529003502103043e-05
приведи,2.0529003502103043e-05
дурен,2.052639749023953e-05
брюнет,2.052639749023953e-05
физиономией,2.052639749023953e-05
красив,2.052639749023953e-05
неопределенных,2.052639749023953e-05
высок,2.052639749023953e-05
неопределенной,2.052639749023953e-05
прадедушки,2.0513435776355588e-05
преподана,2.0513435776355588e-05
весты,2.0513435776355588e-05
дедушки,2.0513435776355588e-05
родителями,2.0513435776355588e-05
неприкосновенность,2.0513435776355588e-05
дедушка,2.0513435776355588e-05
блюсти,2.0513435776355588e-05
заветом,2.0513435776355588e-05
сгруппировались,2.0504638346519923e-05
хрустит,2.0504638346519923e-05
заскрипит,2.0504638346519923e-05
сучок,2.0504638346519923e-05
слыхивала,2.0504467091641575e-05
круглолицая,2.049714528636104e-05
городского,2.049714528636104e-05
волокиты,2.049714528636104e-05
поэта,2.049714528636104e-05
восторженными,2.049714528636104e-05
красноречивые,2.049714528636104e-05
воскресла,2.0496673995025245e-05
княжеская,2.0496673995025245e-05
благоухающая,2.0496673995025245e-05
каштановые,2.0496673995025245e-05
покрывал,2.0496673995025245e-05
затекает,2.0486564912139887e-05
надуло,2.0486564912139887e-05
нагнусь,2.0486564912139887e-05
ближайшую,2.0483063431794678e-05
волге,2.0483063431794678e-05
сношений,2.0483063431794678e-05
смрад,2.04674283527014e-05
плащах,2.04674283527014e-05
ножами,2.04674283527014e-05
стихах,2.04674283527014e-05
актеры,2.04674283527014e-05
убийцы,2.04674283527014e-05
расхаживают,2.04674283527014e-05
кончались,2.04674283527014e-05
строках,2.045874405735552e-05
писаных,2.045874405735552e-05
последняя,2.0457785870091672e-05
переписыванье,2.0457785870091672e-05
откупам,2.0457785870091672e-05
винным,2.0457785870091672e-05
подшиванье,2.0457785870091672e-05
упрочились,2.045762576613699e-05
гражданских,2.045720075169066e-05
впечатлительностью,2.045720075169066e-05
уголовных,2.045720075169066e-05
юношескою,2.045720075169066e-05
вслушивался,2.045720075169066e-05
подьячих,2.045720075169066e-05
товарищей,2.045720075169066e-05
выезжал,2.045676468001801e-05
овощами,2.0450368668029826e-05
продовольствие,2.0450368668029826e-05
щелкнуть,2.0450368668029826e-05
счетах,2.0450368668029826e-05
репой,2.0450368668029826e-05
встретятся,2.0442443421245887e-05
сообщил,2.0442443421245887e-05
расспрашивал,2.0442443421245887e-05
читателю,2.0442443421245887e-05
барабанить,2.0436719608495546e-05
строк,2.0436719608495546e-05
поливали,2.042471129041487e-05
подстригали,2.042471129041487e-05
испарениями,2.042471129041487e-05
садовника,2.042471129041487e-05
походил,2.042471129041487e-05
утренними,2.042471129041487e-05
признака,2.0423634692223184e-05
смугловатый,2.0423634692223184e-05
румянца,2.0423634692223184e-05
мускул,2.0423634692223184e-05
округлости,2.0423634692223184e-05
зеленоватые,2.0423634692223184e-05
выразительные,2.0423634692223184e-05
причинам,2.0416065631430648e-05
порывистой,2.0416065631430648e-05
утомленная,2.0416065631430648e-05
ключница,2.0408159388975764e-05
поясе,2.0408159388975764e-05
ключей,2.0408159388975764e-05
висящих,2.0408159388975764e-05
насильственно,2.040692933953431e-05
просилась,2.040692933953431e-05
ускоряла,2.040692933953431e-05
стряхивала,2.040692933953431e-05
полной,2.0402063723518984e-05
останавливал,2.0402063723518984e-05
осыпка,2.039447186994005e-05
выступление,2.039447186994005e-05
превратилось,2.039447186994005e-05
неразрывную,2.039447186994005e-05
совершались,2.039447186994005e-05
влеченье,2.039447186994005e-05
взаимное,2.039447186994005e-05
настоенной,2.0391709435291652e-05
выпивалось,2.0391709435291652e-05
светлице,2.0391709435291652e-05
смородинным,2.0391709435291652e-05
биржи,2.0391709435291652e-05
труде,2.0390468420531743e-05
затрудняется,2.0390468420531743e-05
окаймляющими,2.0386924211357477e-05
темными,2.0386924211357477e-05
утружденным,2.0386924211357477e-05
потертым,2.0386924211357477e-05
выбритый,2.0386924211357477e-05
гербовыми,2.0386924211357477e-05
самых,2.0364144418176792e-05
неисправимым,2.0364144418176792e-05
затаил,2.0364144418176792e-05
глупых,2.0364144418176792e-05
злом,2.0364144418176792e-05
глубоких,2.0364144418176792e-05
пропастях,2.0364144418176792e-05
притвориться,2.0364144418176792e-05
подумают,2.0356869735286974e-05
перепела,2.0356869735286974e-05
проникло,2.0356869735286974e-05
уставом,2.0356869735286974e-05
показанная,2.0356869735286974e-05
гастрономической,2.0356869735286974e-05
поглядим,2.0354398786849377e-05
прослышал,2.0354398786849377e-05
присватывался,2.0354398786849377e-05
небрежен,2.0343609821658575e-05
развешивал,2.0343609821658575e-05
покупку,2.0343609821658575e-05
девятьсот,2.0332619412539192e-05
награды,2.0332619412539192e-05
пособия,2.0332619412539192e-05
тысяча,2.0332619412539192e-05
шестьсот,2.0332619412539192e-05
квартирных,2.0332619412539192e-05
разъезды,2.0332619412539192e-05
урочные,2.031664918279472e-05
обеденной,2.031664918279472e-05
решетчатого,2.031664918279472e-05
фигура,2.031664918279472e-05
недоглядел,2.0312624039588428e-05
переиначил,2.0312624039588428e-05
сумкой,2.0312624039588428e-05
поручениями,2.0312624039588428e-05
тележке,2.0312624039588428e-05
промах,2.0312624039588428e-05
лангвагеном,2.030733616418634e-05
полуночи,2.030733616418634e-05
позывов,2.0298250288817003e-05
самолюбивых,2.0298250288817003e-05
прозябает,2.0298250288817003e-05
рождается,2.0298250288817003e-05
терзаний,2.0298250288817003e-05
гибнут,2.0298250288817003e-05
уверит,2.0292824743449087e-05
железная,2.0292824743449087e-05
загораживаемый,2.029234224690966e-05
недозрелости,2.0283467794068576e-05
летах,2.0283467794068576e-05
расстояния,2.0283467794068576e-05
засветились,2.027778706461371e-05
сковорода,2.027778706461371e-05
потрясая,2.027552022144523e-05
норки,2.027552022144523e-05
ощутительно,2.027552022144523e-05
слабее,2.027552022144523e-05
воздушные,2.027552022144523e-05
глуше,2.027552022144523e-05
громовой,2.027552022144523e-05
норке,2.027552022144523e-05
откушать,2.0266951521671977e-05
задавал,2.0266951521671977e-05
покоившейся,2.0251235345488035e-05
неуловимо,2.0251235345488035e-05
благородно,2.0251235345488035e-05
лгут,2.0247926662156403e-05
впечатлению,2.0247926662156403e-05
усилиться,2.0247926662156403e-05
марьяж,2.0245567544107868e-05
трефовую,2.0245567544107868e-05
гранпасьянс,2.0245567544107868e-05
гадают,2.0245567544107868e-05
дураки,2.0245567544107868e-05
раскладывают,2.0245567544107868e-05
предсказывая,2.0245567544107868e-05
червонного,2.0245567544107868e-05
козыри,2.0245567544107868e-05
короля,2.0245567544107868e-05
даму,2.0245567544107868e-05
бостон,2.0245567544107868e-05
трубка,2.0237329224613323e-05
запылилось,2.0237329224613323e-05
прислоненная,2.0237329224613323e-05
лишено,2.0237329224613323e-05
полиняло,2.0237329224613323e-05
выкуренная,2.0237329224613323e-05
приводят,2.0237220276000263e-05
туманом,2.0237220276000263e-05
заставляют,2.0237220276000263e-05
вызывают,2.0237220276000263e-05
солонкой,2.023417020360562e-05
обглоданной,2.023417020360562e-05
хлебные,2.023417020360562e-05
убранная,2.023417020360562e-05
косточкой,2.023417020360562e-05
энергией,2.0230643906681475e-05
материал,2.0230643906681475e-05
бледное,2.0230643906681475e-05
жаждущего,2.0230643906681475e-05
вопросительного,2.0230643906681475e-05
охватывала,2.0230643906681475e-05
обтертую,2.022502063231447e-05
ветхая,2.022502063231447e-05
меховую,2.022502063231447e-05
обут,2.022502063231447e-05
полинявшая,2.022502063231447e-05
стоптанные,2.022502063231447e-05
шинель,2.022502063231447e-05
босу,2.022502063231447e-05
подслушивать,2.0212405761106398e-05
аромате,2.0212405761106398e-05
скрывать,2.0212405761106398e-05
выздоравливать,2.0208862819683576e-05
расцветая,2.0208862819683576e-05
признательности,2.0208862819683576e-05
почудилась,2.0208862819683576e-05
душить,2.020648617333122e-05
вырваться,2.020648617333122e-05
сдерживал,2.020648617333122e-05
жаждало,2.020648617333122e-05
пробуждаться,2.020648617333122e-05
требуйте,2.0196446479077675e-05
сомневаться,2.0196446479077675e-05
шагнуть,2.0195668996223475e-05
оврагом,2.0195668996223475e-05
ухватиться,2.0195668996223475e-05
висело,2.0195668996223475e-05
трудным,2.0189197003121447e-05
горю,2.0189197003121447e-05
выработывается,2.0189197003121447e-05
сломит,2.0189197003121447e-05
охватило,2.0178005888831735e-05
взялись,2.0178005888831735e-05
визжит,2.0178005888831735e-05
вылетят,2.017757659909397e-05
неблаговоления,2.017757659909397e-05
бакенбарда,2.017757659909397e-05
необъятная,2.017757659909397e-05
пятнами,2.0167916084390117e-05
усердия,2.0167916084390117e-05
написанного,2.0167916084390117e-05
укора,2.0167916084390117e-05
потупил,2.0167916084390117e-05
господской,2.0167916084390117e-05
пропитанном,2.0167916084390117e-05
небывалый,2.016506559313702e-05
пробуждающейся,2.016506559313702e-05
пруде,2.0162161436321448e-05
крестьянских,2.0162161436321448e-05
утки,2.0162161436321448e-05
полощутся,2.0162161436321448e-05
возьмутся,2.01568840583792e-05
свалят,2.01568840583792e-05
чубуки,2.01568840583792e-05
спинка,2.01568840583792e-05
склянки,2.01568840583792e-05
остановили,2.0140466687389336e-05
сторожило,2.0140466687389336e-05
ленивое,2.0140466687389336e-05
переползанье,2.0140466687389336e-05
любящее,2.0140466687389336e-05
добросовестная,2.0138670486461446e-05
отопрет,2.0138670486461446e-05
перебудить,2.0138670486461446e-05
домохозяйка,2.0138670486461446e-05
пьяный,2.0138670486461446e-05
мягкими,2.013754051761277e-05
прислужница,2.013754051761277e-05
краснощекая,2.013754051761277e-05
потупляет,2.013754051761277e-05
ликует,2.012960535395219e-05
горячими,2.012960535395219e-05
цветки,2.0128302836307874e-05
обходятся,2.0128302836307874e-05
удостаивают,2.0128302836307874e-05
женами,2.0128302836307874e-05
безвестные,2.012761961879432e-05
бедствиями,2.012761961879432e-05
безыменные,2.012761961879432e-05
стулом,2.011840184648302e-05
прислуживала,2.011840184648302e-05
беспрерывно,2.011840184648302e-05
ворчавшую,2.011840184648302e-05
живущую,2.011840184648302e-05
девчонку,2.011840184648302e-05
престарелую,2.011840184648302e-05
скрытому,2.011295275684472e-05
поведению,2.011295275684472e-05
укрываться,2.011295275684472e-05
упорному,2.011295275684472e-05
обязана,2.011295275684472e-05
прыганье,2.0104555517075607e-05
дочитать,2.0104555517075607e-05
купленными,2.010422980792545e-05
чухонца,2.010422980792545e-05
сушеными,2.010422980792545e-05
провесная,2.010422980792545e-05
окорока,2.010422980792545e-05
привешены,2.010422980792545e-05
мешки,2.010422980792545e-05
портили,2.010422980792545e-05
бежало,2.0099982893021003e-05
возвращались,2.0099982893021003e-05
мчалась,2.0099982893021003e-05
неважной,2.009262881435901e-05
палкой,2.0087086770419933e-05
средних,2.0087086770419933e-05
монотонные,2.008573772808405e-05
разнообразило,2.008573772808405e-05
кулебяка,2.008573772808405e-05
макароны,2.008573772808405e-05
пармезаном,2.008573772808405e-05
сменялось,2.008573772808405e-05
когти,2.0068161983223603e-05
бренный,2.0068161983223603e-05
выпущенные,2.0068161983223603e-05
держат,2.0068161983223603e-05
грозны,2.0068161983223603e-05
перешли,2.005477804490039e-05
братьев,2.005477804490039e-05
воспитался,2.005477804490039e-05
подвергать,2.005477804490039e-05
плоть,2.005477804490039e-05
практическую,2.0042182140393366e-05
коза,2.0032397202130962e-05
женского,2.0030285535684513e-05
обыкновенный,2.0030285535684513e-05
современного,2.0030285535684513e-05
неведения,2.0030285535684513e-05
изломала,2.002915677592807e-05
злющая,2.002915677592807e-05
смял,2.002915677592807e-05
бродяжничай,2.002915677592807e-05
пьянствуй,2.002915677592807e-05
противуположную,2.001967719386484e-05
заходит,2.001967719386484e-05
прогуляемся,2.001967719386484e-05
зайдем,2.001967719386484e-05
птицей,2.0018586744089798e-05
теплился,2.0018586744089798e-05
порхала,2.0018586744089798e-05
вольной,2.0018586744089798e-05
полуотворенные,2.0018586744089798e-05
гуляла,2.0018586744089798e-05
засмеются,2.0008895448468828e-05
завесила,2.0008895448468828e-05
устлала,2.0008895448468828e-05
ярость,2.0008895448468828e-05
впускала,2.0008895448468828e-05
коврами,2.0008895448468828e-05
вскрикнут,2.0008895448468828e-05
войлоками,2.0008895448468828e-05
закупкой,2.0002016675987715e-05
сочувствию,1.9999628601881284e-05
освежиться,1.9999628601881284e-05
чудаками,1.9999628601881284e-05
порчи,1.9999628601881284e-05
испорченные,1.9999628601881284e-05
целомудренные,1.9999628601881284e-05
звери,1.998335727498185e-05
выбежит,1.998335727498185e-05
плетни,1.998335727498185e-05
лешие,1.998335727498185e-05
столпы,1.9982672028689044e-05
огненные,1.9982672028689044e-05
знамения,1.9982672028689044e-05
огонек,1.9982672028689044e-05
свежей,1.9982672028689044e-05
фонарем,1.9982672028689044e-05
небесные,1.9982672028689044e-05
шары,1.9982672028689044e-05
сердцами,1.9968638391995096e-05
позолотой,1.9968638391995096e-05
фарфоровых,1.9968638391995096e-05
чайников,1.9968638391995096e-05
девизами,1.9968638391995096e-05
живописью,1.9968638391995096e-05
пузатых,1.9968638391995096e-05
ряды,1.9968638391995096e-05
рядов,1.9968638391995096e-05
китайцами,1.9968638391995096e-05
раны,1.9963940492143015e-05
тратятся,1.9963940492143015e-05
порождают,1.9963940492143015e-05
чуждо,1.9963940492143015e-05
неизлечимые,1.9963940492143015e-05
ложатся,1.9963940492143015e-05
скрытых,1.9963940492143015e-05
борьбах,1.9963940492143015e-05
кучки,1.99607408346153e-05
торопятся,1.99607408346153e-05
разбегаются,1.99607408346153e-05
толкотня,1.99607408346153e-05
голубиную,1.9959395971727754e-05
подбежала,1.9959395971727754e-05
лучистыми,1.9959395971727754e-05
немецком,1.995769257340861e-05
уставу,1.995769257340861e-05
подчиниться,1.995769257340861e-05
снисхождения,1.995769257340861e-05
шатка,1.995406703016538e-05
материалы,1.995406703016538e-05
угаданы,1.995406703016538e-05
стихии,1.995406703016538e-05
нерешительны,1.995406703016538e-05
собирала,1.995406703016538e-05
создания,1.995406703016538e-05
пополнит,1.9951929493209894e-05
грозит,1.9951929493209894e-05
бежавших,1.9951929493209894e-05
водворят,1.9951929493209894e-05
поправят,1.9951929493209894e-05
перемениться,1.9951929493209894e-05
поблек,1.9946872991712575e-05
висящие,1.9946872991712575e-05
сияет,1.9920112062105237e-05
чист,1.9920112062105237e-05
душистым,1.9920112062105237e-05
тонкое,1.9920112062105237e-05
моется,1.9920112062105237e-05
отталкивать,1.9906474211656907e-05
выдуманная,1.9906474211656907e-05
степень,1.9901762379305497e-05
мрачный,1.9901762379305497e-05
определял,1.9901762379305497e-05
морщинах,1.9901762379305497e-05
находятся,1.9901534710239622e-05
простирать,1.989421157305226e-05
ученые,1.989421157305226e-05
аттестате,1.989421157305226e-05
заведения,1.989421157305226e-05
поверять,1.989024402596107e-05
смертный,1.9885892276163702e-05
подмахнет,1.9885892276163702e-05
проникал,1.9875327868862548e-05
всесметающая,1.9875327868862548e-05
экономки,1.9870781387709593e-05
прокормить,1.9870781387709593e-05
семейство,1.9870781387709593e-05
любое,1.9870781387709593e-05
стами,1.9870781387709593e-05
крупного,1.9866969001273368e-05
главного,1.9866969001273368e-05
обозреть,1.9866969001273368e-05
прикрыть,1.9866969001273368e-05
хватит,1.9866969001273368e-05
переиначить,1.9866969001273368e-05
воротившийся,1.9864846657057446e-05
трудного,1.9864846657057446e-05
отдохнув,1.9864846657057446e-05
пазухи,1.9864846657057446e-05
выпевать,1.9863057867265893e-05
прислушивались,1.9863057867265893e-05
уловляли,1.9863057867265893e-05
зазвучат,1.9863057867265893e-05
спешили,1.9863057867265893e-05
прекрасной,1.9860638050723096e-05
елей,1.9860638050723096e-05
тросточку,1.9860638050723096e-05
приятных,1.9859485899279008e-05
приятными,1.9859485899279008e-05
движеньем,1.9859485899279008e-05
разговорами,1.9859485899279008e-05
дамами,1.9859485899279008e-05
развлекать,1.9859485899279008e-05
ощущений,1.9859485899279008e-05
ездой,1.9859485899279008e-05
танцами,1.9859485899279008e-05
чистом,1.9859485899279008e-05
бросал,1.9856093968713955e-05
идущие,1.9856093968713955e-05
прерывал,1.9856093968713955e-05
ожидание,1.985524423458438e-05
возвратилась,1.985524423458438e-05
внешних,1.985524423458438e-05
отвычки,1.985524423458438e-05
ребяческая,1.985524423458438e-05
пошевелила,1.984897465021256e-05
запыленные,1.984897465021256e-05
измятые,1.984897465021256e-05
письменный,1.984897465021256e-05
шитые,1.984897465021256e-05
покрытых,1.984897465021256e-05
трепещущей,1.9846547338097134e-05
походкой,1.9846547338097134e-05
подернутым,1.9846547338097134e-05
звучным,1.9846547338097134e-05
счастливцев,1.9846547338097134e-05
влагой,1.9846547338097134e-05
арену,1.9844161099639588e-05
мыслителя,1.9844161099639588e-05
поклоняются,1.9844161099639588e-05
художника,1.9844161099639588e-05
пожинает,1.9844161099639588e-05
лавры,1.9844161099639588e-05
великого,1.9844161099639588e-05
восклицая,1.9844161099639588e-05
гоняется,1.9844161099639588e-05
кроткое,1.9837587760091523e-05
стыдливая,1.9837587760091523e-05
воспоминании,1.9837587760091523e-05
воскресло,1.9837587760091523e-05
оставишь,1.9837587760091523e-05
жалкая,1.9837587760091523e-05
поприщу,1.9825134606835644e-05
исчерпаны,1.9822345426348675e-05
умственные,1.9822345426348675e-05
собеседниками,1.9822345426348675e-05
новостей,1.9822345426348675e-05
взаимно,1.9822345426348675e-05
получается,1.9822345426348675e-05
изведаны,1.9822345426348675e-05
приобретенного,1.980417584848495e-05
удовлетворенной,1.980417584848495e-05
победителя,1.980417584848495e-05
оценку,1.980417584848495e-05
удивлялся,1.980417584848495e-05
ненастья,1.9790848159022004e-05
оборачивается,1.9790848159022004e-05
удаляется,1.9790848159022004e-05
полугода,1.9790848159022004e-05
светит,1.9790848159022004e-05
одобрение,1.978491156434375e-05
неизбежною,1.978491156434375e-05
способностью,1.978491156434375e-05
обижался,1.978491156434375e-05
соображает,1.978491156434375e-05
неодобрение,1.978491156434375e-05
поверкою,1.978491156434375e-05
обижаются,1.978491156434375e-05
долгих,1.9782426805070047e-05
окороков,1.9782426805070047e-05
вареной,1.9782426805070047e-05
сопровождении,1.9782426805070047e-05
скотины,1.9782426805070047e-05
жареной,1.9782426805070047e-05
перин,1.9782426805070047e-05
ларцов,1.9782426805070047e-05
заикаясь,1.9762108992716167e-05
стройкой,1.9762108992716167e-05
исполненный,1.9748023944532136e-05
оборачивался,1.9748023944532136e-05
жертвами,1.9743672890566286e-05
доверенностью,1.9743672890566286e-05
законно,1.9743672890566286e-05
платя,1.9743672890566286e-05
огорчениями,1.9743672890566286e-05
вечные,1.9743672890566286e-05
лишенное,1.9741378686065466e-05
чудной,1.9741378686065466e-05
сосредоточенной,1.9741378686065466e-05
зрелости,1.9741378686065466e-05
складку,1.9741378686065466e-05
смущавшей,1.9741378686065466e-05
вливалась,1.9741378686065466e-05
усиления,1.973804080710456e-05
припадков,1.973804080710456e-05
предписываю,1.973804080710456e-05
воздержание,1.973804080710456e-05
предотвращение,1.973804080710456e-05
болезненных,1.973804080710456e-05
посему,1.973804080710456e-05
помадой,1.9722499011335337e-05
представившейся,1.9722499011335337e-05
узле,1.9722499011335337e-05
разберутся,1.9722499011335337e-05
увлекаясь,1.9722499011335337e-05
заложенном,1.9701058984298992e-05
салопе,1.9701058984298992e-05
намекает,1.9701058984298992e-05
жемчуге,1.9701058984298992e-05
копейке,1.9701058984298992e-05
вообразила,1.9701058984298992e-05
проронила,1.9701058984298992e-05
намекать,1.968918510593022e-05
языки,1.968918510593022e-05
проглядывало,1.968918510593022e-05
воспользовались,1.968918510593022e-05
особенной,1.968918510593022e-05
прорвалось,1.968918510593022e-05
затаившейся,1.968918510593022e-05
старинную,1.968918510593022e-05
воображают,1.9689084853365657e-05
подерутся,1.9689084853365657e-05
служим,1.9689084853365657e-05
перепьются,1.9689084853365657e-05
дикие,1.9689084853365657e-05
бале,1.9689084853365657e-05
привычек,1.9686571516277782e-05
атмосферы,1.9686571516277782e-05
первобытною,1.9686571516277782e-05
тишиною,1.9686571516277782e-05
обаяние,1.9686571516277782e-05
обломовской,1.9686571516277782e-05
простиралось,1.9686571516277782e-05
рванула,1.9682502112194812e-05
оторвала,1.9682502112194812e-05
прикрытая,1.9675208254154956e-05
шалью,1.9675208254154956e-05
виденною,1.9675208254154956e-05
битье,1.9660195410156184e-05
опрокидыванье,1.9660195410156184e-05
выгнать,1.9660195410156184e-05
стульев,1.9660195410156184e-05
падение,1.9660195410156184e-05
воспламенялся,1.9660195410156184e-05
припоминала,1.965469468629837e-05
прошедшую,1.965469468629837e-05
задумчивую,1.965469468629837e-05
окидывая,1.965469468629837e-05
обручится,1.9648878041301754e-05
выпросит,1.9648878041301754e-05
займет,1.9648878041301754e-05
сыграть,1.9648878041301754e-05
поручит,1.9648878041301754e-05
повострее,1.9637690344903396e-05
осеняет,1.9637690344903396e-05
бывшая,1.9637690344903396e-05
качается,1.9637690344903396e-05
повторяются,1.9637690344903396e-05
врачу,1.963185948684056e-05
мираж,1.963185948684056e-05
глухие,1.963185948684056e-05
смятение,1.963185948684056e-05
самозабвения,1.9621577102676493e-05
исполненных,1.9621577102676493e-05
лакейской,1.9621577102676493e-05
потомок,1.9621577102676493e-05
пороков,1.9621577102676493e-05
рыцарей,1.9621577102676493e-05
добродетелями,1.9621577102676493e-05
отличались,1.9621577102676493e-05
столовый,1.9620330306310236e-05
приладиться,1.9620330306310236e-05
костяной,1.9620330306310236e-05
дивану,1.9620330306310236e-05
направиться,1.9620330306310236e-05
половчей,1.9620330306310236e-05
ножик,1.9620330306310236e-05
предпочел,1.9620330306310236e-05
прорезывались,1.9611921423346666e-05
верхушки,1.9611921423346666e-05
опускалось,1.9611921423346666e-05
огненной,1.9611921423346666e-05
обливая,1.9611921423346666e-05
восточный,1.959657151725729e-05
дважды,1.959657151725729e-05
персидской,1.959657151725729e-05
поместительный,1.959657151725729e-05
бархата,1.959657151725729e-05
завернуться,1.959657151725729e-05
кистей,1.959657151725729e-05
материи,1.959657151725729e-05
восточной,1.959235004669573e-05
ткани,1.959235004669573e-05
сохранял,1.959235004669573e-05
прочность,1.959235004669573e-05
благоприобретенным,1.959235004669573e-05
лоск,1.959235004669573e-05
первобытный,1.959235004669573e-05
яркость,1.959235004669573e-05
утратил,1.959235004669573e-05
первоначальную,1.959235004669573e-05
заденет,1.958968880479779e-05
ударится,1.958968880479779e-05
попадает,1.958968880479779e-05
отворенную,1.958968880479779e-05
благоразумия,1.958015978072674e-05
послушала,1.958015978072674e-05
поваляться,1.9579926015980645e-05
холостых,1.9579926015980645e-05
одетым,1.9579926015980645e-05
расстегнуть,1.9579926015980645e-05
скверный,1.957829936320929e-05
украденный,1.957829936320929e-05
красным,1.957829936320929e-05
петлицу,1.957829936320929e-05
розан,1.957829936320929e-05
селадон,1.957829936320929e-05
воткнул,1.957829936320929e-05
маслеными,1.957829936320929e-05
докладом,1.9573133002202632e-05
чувствам,1.9573133002202632e-05
гордился,1.9573133002202632e-05
скошенную,1.956830154869504e-05
десертом,1.956830154869504e-05
свалит,1.956830154869504e-05
бифштекса,1.956830154869504e-05
стогами,1.956830154869504e-05
блаженствовали,1.956830154869504e-05
разостлали,1.956830154869504e-05
окрошки,1.956830154869504e-05
науку,1.9565978804823305e-05
струи,1.9564000743230233e-05
березняка,1.9564000743230233e-05
впадает,1.9564000743230233e-05
плесканье,1.9564000743230233e-05
омрачилось,1.9564000743230233e-05
полинялые,1.9551866022829688e-05
осенялись,1.9551866022829688e-05
драпри,1.9551866022829688e-05
фестонами,1.9551866022829688e-05
кисейными,1.9551866022829688e-05
дорожном,1.9540638834037366e-05
поедут,1.9540638834037366e-05
предупредила,1.9540638834037366e-05
свежепросоленные,1.9539952678322735e-05
огурцы,1.9539952678322735e-05
победа,1.9530643983407017e-05
закоснелость,1.9530643983407017e-05
преодолела,1.9530643983407017e-05
суждено,1.9530643983407017e-05
затруднения,1.9530643983407017e-05
упрямство,1.9530643983407017e-05
кучку,1.952812765010356e-05
доставшуюся,1.952812765010356e-05
выбирая,1.952812765010356e-05
почитаю,1.952812765010356e-05
небольшую,1.952812765010356e-05
тогдашний,1.9525995204823895e-05
обмер,1.9525995204823895e-05
одевается,1.9524263744074616e-05
сбегает,1.9524263744074616e-05
прислуга,1.9524263744074616e-05
осиливал,1.952343164887345e-05
локтя,1.952343164887345e-05
залепила,1.9512245488577148e-05
захватить,1.9512245488577148e-05
снежку,1.9512245488577148e-05
сноровки,1.9512245488577148e-05
бац,1.9512245488577148e-05
глыба,1.9512245488577148e-05
глядь,1.9507688903529323e-05
кровати,1.9507688903529323e-05
измята,1.9507688903529323e-05
грузди,1.9493092236906153e-05
хозяйская,1.9493092236906153e-05
кадочку,1.9493092236906153e-05
рыжики,1.9493092236906153e-05
зазовет,1.9493092236906153e-05
сопровождают,1.9467471836601605e-05
педантическую,1.9467471836601605e-05
числе,1.9467471836601605e-05
супружество,1.9467471836601605e-05
сухости,1.94504787232719e-05
допускали,1.94504787232719e-05
слушалась,1.94504787232719e-05
позавтракаю,1.944445212365382e-05
подгибаться,1.944445212365382e-05
вытягиваться,1.944445212365382e-05
сыр,1.944445212365382e-05
пожимает,1.9443672968700446e-05
выплакаться,1.9443672968700446e-05
всхлипывая,1.9443672968700446e-05
замолк,1.9433643896494715e-05
вдохновенное,1.9433643896494715e-05
увезшей,1.9433643896494715e-05
выпрямились,1.9433643896494715e-05
додумалась,1.9424774739690782e-05
родне,1.9424774739690782e-05
наняла,1.9424774739690782e-05
ухищрений,1.9414712254777995e-05
достигали,1.9413694288542458e-05
отправлялись,1.9413694288542458e-05
мирных,1.9413694288542458e-05
уголков,1.9413694288542458e-05
явлениями,1.9413694288542458e-05
обычными,1.9413694288542458e-05
чередовалась,1.9413694288542458e-05
губительных,1.9413694288542458e-05
мимолетной,1.9406364390261946e-05
положительного,1.9406364390261946e-05
знака,1.9406364390261946e-05
гениальной,1.9406006958896292e-05
пролетел,1.9406006958896292e-05
пулями,1.9406006958896292e-05
сообразила,1.9406006958896292e-05
втолковать,1.9406006958896292e-05
полученный,1.9406006958896292e-05
супом,1.940389812159403e-05
трюфелями,1.940389812159403e-05
английский,1.940389812159403e-05
начиненные,1.940389812159403e-05
тончайшая,1.940389812159403e-05
папильотках,1.940389812159403e-05
играло,1.9394893127908366e-05
лукавство,1.9394893127908366e-05
рождалось,1.9394893127908366e-05
орудия,1.9394893127908366e-05
произносят,1.9379659826677642e-05
неистребимого,1.9379659826677642e-05
запинаются,1.9379659826677642e-05
рдея,1.9379659826677642e-05
воспоминанию,1.937824290609994e-05
гравюр,1.937824290609994e-05
любитель,1.937824290609994e-05
статуй,1.937824290609994e-05
ветхих,1.937824290609994e-05
отломанными,1.937824290609994e-05
разнорядицу,1.937824290609994e-05
комфорта,1.937824290609994e-05
плохих,1.937824290609994e-05
здоровому,1.9378139422585656e-05
преградой,1.9378139422585656e-05
наводнение,1.9378139422585656e-05
надобно,1.9378139422585656e-05
землетрясению,1.9378139422585656e-05
землетрясений,1.9378139422585656e-05
предписал,1.9366843843680567e-05
шатающихся,1.9366843843680567e-05
корабли,1.936413971951927e-05
франции,1.936413971951927e-05
войском,1.936413971951927e-05
проложат,1.936413971951927e-05
догнал,1.936413971951927e-05
сторожевой,1.9342422367538787e-05
теснились,1.9331825000011972e-05
висели,1.9331825000011972e-05
ломберный,1.9331825000011972e-05
еранью,1.9331825000011972e-05
чижами,1.9331825000011972e-05
жались,1.9331825000011972e-05
канарейками,1.9331825000011972e-05
орех,1.9331825000011972e-05
законных,1.931029530672151e-05
простонародье,1.931029530672151e-05
дурную,1.931029530672151e-05
организацию,1.931029530672151e-05
самоуправство,1.931029530672151e-05
текли,1.9310140674304518e-05
потоками,1.9310140674304518e-05
временной,1.9310140674304518e-05
безотрадно,1.9310140674304518e-05
вырвавшаяся,1.9310140674304518e-05
поливающий,1.9310140674304518e-05
нивы,1.9310140674304518e-05
изливались,1.9310140674304518e-05
беспощадно,1.9310140674304518e-05
припухшие,1.9302907467818825e-05
приложена,1.9302292181174646e-05
ссыпано,1.9302292181174646e-05
снято,1.9302292181174646e-05
умолочено,1.9302292181174646e-05
назначено,1.9302292181174646e-05
четвертей,1.9302292181174646e-05
отпирала,1.9301651456025488e-05
сажала,1.9301651456025488e-05
доставала,1.9301651456025488e-05
захлопывала,1.9301651456025488e-05
учишь,1.9299803063874862e-05
повергает,1.9299803063874862e-05
година,1.9299803063874862e-05
бедствий,1.9299803063874862e-05
бодягой,1.929477962997959e-05
пошепчут,1.929477962997959e-05
нечаянностей,1.929477962997959e-05
домашние,1.929477962997959e-05
употреблялись,1.929477962997959e-05
ушибленное,1.929477962997959e-05
водицы,1.929477962997959e-05
потрут,1.929477962997959e-05
гончаров,1.929327420703804e-05
александрович,1.929327420703804e-05
частях,1.929327420703804e-05
народонаселения,1.929327420703804e-05
коленку,1.9283831530845863e-05
порицал,1.9283831530845863e-05
опрокидываться,1.9283831530845863e-05
дамах,1.9283831530845863e-05
утонченности,1.9283831530845863e-05
позволяют,1.9283831530845863e-05
вежлив,1.9283831530845863e-05
нрав,1.928159533519752e-05
услуг,1.928159533519752e-05
сообщительный,1.928159533519752e-05
бездействию,1.928159533519752e-05
влекли,1.928159533519752e-05
жевать,1.928159533519752e-05
умолкающая,1.928159533519752e-05
лавочку,1.928159533519752e-05
росли,1.9277553767946492e-05
мерцает,1.9277553767946492e-05
божится,1.9277553767946492e-05
оживлялись,1.9275722405457988e-05
лакомств,1.9274306101075597e-05
отпустят,1.9274306101075597e-05
соленья,1.9274306101075597e-05
съестных,1.9274306101075597e-05
пастил,1.9274306101075597e-05
печенья,1.9274306101075597e-05
припасов,1.9274306101075597e-05
напекут,1.9274306101075597e-05
крендельков,1.9274306101075597e-05
булочек,1.9274306101075597e-05
сухих,1.9274306101075597e-05
мокрых,1.9274306101075597e-05
примешивалась,1.924638736493172e-05
заметную,1.924638736493172e-05
затаившиеся,1.924638736493172e-05
зеркала,1.9235114949883496e-05
отражать,1.9235114949883496e-05
напитанная,1.9235114949883496e-05
скрижалями,1.9235114949883496e-05
фестонов,1.9235114949883496e-05
записывания,1.9235114949883496e-05
лепилась,1.9235114949883496e-05
отправлении,1.9234940833104284e-05
проявлениями,1.9234940833104284e-05
понимании,1.9234940833104284e-05
бурными,1.9234940833104284e-05
восхищался,1.9234940833104284e-05
совестью,1.921964786242393e-05
опутавшие,1.921964786242393e-05
узы,1.921964786242393e-05
самовольно,1.9214625779404233e-05
радушием,1.9214625779404233e-05
изюминки,1.9214625779404233e-05
заколют,1.9214625779404233e-05
приезду,1.9214625779404233e-05
побледнеют,1.9214625779404233e-05
воздвиглась,1.9199580299277808e-05
отверзлась,1.9199580299277808e-05
жгучую,1.9199580299277808e-05
провалился,1.9199580299277808e-05
серьезных,1.9195583221208712e-05
меру,1.9195583221208712e-05
оброке,1.9195583221208712e-05
статей,1.9195583221208712e-05
коренных,1.9195583221208712e-05
бродяжничества,1.9195583221208712e-05
привыкнуть,1.9188159133110914e-05
чуткие,1.9188159133110914e-05
отвлекала,1.9176325127468822e-05
покушений,1.9176325127468822e-05
состоялось,1.9176325127468822e-05
соблазнительных,1.9176325127468822e-05
ока,1.9176325127468822e-05
послеобеденную,1.9176325127468822e-05
подчинила,1.9176325127468822e-05
систему,1.9176325127468822e-05
ложись,1.9161781122420498e-05
продиктует,1.9161781122420498e-05
ширину,1.915793760113653e-05
коврах,1.915793760113653e-05
длину,1.915793760113653e-05
обращен,1.915793760113653e-05
бильярдной,1.915793760113653e-05
вулканических,1.9132704461247575e-05
осыпанье,1.9132704461247575e-05
прибавкой,1.9132704461247575e-05
наносный,1.9132704461247575e-05
взрывов,1.9132704461247575e-05
сходя,1.912724793689156e-05
предки,1.9116806881510288e-05
неудобству,1.9116806881510288e-05
ужасались,1.9116806881510288e-05
немых,1.9116806881510288e-05
окрыляли,1.9116806881510288e-05
сдерживали,1.9116806881510288e-05
допрашивались,1.9116806881510288e-05
иероглифов,1.9116806881510288e-05
язвили,1.9113866506980905e-05
бесплодные,1.9113866506980905e-05
свергнуть,1.9113866506980905e-05
жгучие,1.9113866506980905e-05
повторился,1.9109698709363702e-05
миновал,1.9109698709363702e-05
самостоятельного,1.9108364473917858e-05
клянешь,1.9108364473917858e-05
исполнилось,1.9108364473917858e-05
своевольного,1.9108364473917858e-05
желаемого,1.9108364473917858e-05
шагания,1.9108364473917858e-05
достигаешь,1.9108364473917858e-05
покою,1.9107281828237825e-05
промелькнет,1.9107281828237825e-05
пробирается,1.9107281828237825e-05
медленнее,1.9107281828237825e-05
смиряются,1.9107281828237825e-05
клонятся,1.9107281828237825e-05
бури,1.9107281828237825e-05
утомленные,1.9107281828237825e-05
дум,1.9107281828237825e-05
жилам,1.9107281828237825e-05
отрезвляется,1.9107281828237825e-05
корка,1.9104472524292943e-05
изношенного,1.9104472524292943e-05
выпьют,1.9104472524292943e-05
сухариков,1.9104472524292943e-05
наделают,1.9104472524292943e-05
корок,1.9104472524292943e-05
зря,1.9104472524292943e-05
пивом,1.9104472524292943e-05
набрался,1.9104472524292943e-05
удался,1.9102269167398085e-05
удавался,1.9102269167398085e-05
телятины,1.9102269167398085e-05
упущений,1.9096926738847102e-05
малейших,1.9096926738847102e-05
точнее,1.9096926738847102e-05
требуемые,1.9096926738847102e-05
первою,1.9096926738847102e-05
задать,1.9096926738847102e-05
справить,1.9096926738847102e-05
действовало,1.9096561449995682e-05
высочайшей,1.9096561449995682e-05
кипение,1.9096561449995682e-05
усиленное,1.9096561449995682e-05
удвоенное,1.9096561449995682e-05
деятельная,1.9096561449995682e-05
казнью,1.9096561449995682e-05
кровообращение,1.9096561449995682e-05
дышат,1.9096561449995682e-05
жадными,1.9091879115527998e-05
осмотрела,1.9091879115527998e-05
мутны,1.9091879115527998e-05
расспросила,1.9091879115527998e-05
заботливыми,1.9091879115527998e-05
просыпался,1.9091879115527998e-05
жару,1.9091879115527998e-05
глазки,1.9091879115527998e-05
страстными,1.9091879115527998e-05
поцелуями,1.9091879115527998e-05
осыпала,1.9091879115527998e-05
двигается,1.907737393297883e-05
ступкой,1.907737393297883e-05
колотить,1.907737393297883e-05
залает,1.907737393297883e-05
мятежными,1.907223731430724e-05
переживем,1.907223731430724e-05
дерзкую,1.907223731430724e-05
титаны,1.907223731430724e-05
вызова,1.907223731430724e-05
отстанут,1.907223731430724e-05
склоним,1.907223731430724e-05
сметал,1.9072040916489194e-05
повергался,1.9072040916489194e-05
являясь,1.9072040916489194e-05
болезненную,1.9072040916489194e-05
творилось,1.9069437287630036e-05
непонятного,1.9069437287630036e-05
учнет,1.9069437287630036e-05
коробить,1.9069437287630036e-05
непутное,1.9069437287630036e-05
совещаться,1.9051331075461728e-05
призовет,1.9051331075461728e-05
озаботится,1.9051331075461728e-05
поправке,1.9051331075461728e-05
сломать,1.9051331075461728e-05
изъездить,1.904638581579345e-05
сбирались,1.904638581579345e-05
обжечь,1.904638581579345e-05
спуститься,1.904638581579345e-05
геркулан,1.904638581579345e-05
исходить,1.904638581579345e-05
упивался,1.904605184235522e-05
целомудрии,1.904605184235522e-05
циников,1.904605184235522e-05
трепетавших,1.904605184235522e-05
буйному,1.904605184235522e-05
уменьшение,1.904354098509912e-05
неприятностях,1.904354098509912e-05
неприятный,1.904354098509912e-05
прижата,1.9042844168169535e-05
сдвинулась,1.9042844168169535e-05
застала,1.9042844168169535e-05
одре,1.9042844168169535e-05
покоящимся,1.9042844168169535e-05
недосказанного,1.9040914282678094e-05
заботливостью,1.9040914282678094e-05
милой,1.9040914282678094e-05
активной,1.9023939944644556e-05
улыбающимся,1.9010951556203813e-05
ослепительных,1.9010951556203813e-05
разлив,1.9010951556203813e-05
холмам,1.9010951556203813e-05
перекрестке,1.9010951556203813e-05
пространным,1.9010951556203813e-05
незаметной,1.9010951556203813e-05
щедрость,1.8997679900794862e-05
доброту,1.8997679900794862e-05
ласковость,1.8997679900794862e-05
придавал,1.8997679900794862e-05
могущество,1.8997679900794862e-05
качеств,1.8997679900794862e-05
богатство,1.8997679900794862e-05
необычайное,1.8997679900794862e-05
знатность,1.8997679900794862e-05
панегирика,1.8997679900794862e-05
вычислять,1.8997679900794862e-05
пошлые,1.8994075248818493e-05
поберечь,1.8994075248818493e-05
утешения,1.8994075248818493e-05
произвело,1.8994075248818493e-05
губить,1.8994075248818493e-05
производило,1.8994075248818493e-05
говорено,1.8994075248818493e-05
ссылался,1.89716054397362e-05
град,1.89716054397362e-05
крестился,1.89716054397362e-05
порадуется,1.8958371455603856e-05
немногие,1.8958371455603856e-05
причислила,1.895419004080302e-05
женский,1.895419004080302e-05
бодрствовали,1.895419004080302e-05
неразрываемую,1.895419004080302e-05
покоях,1.895419004080302e-05
запущенных,1.895419004080302e-05
заботливая,1.895419004080302e-05
заглохло,1.895419004080302e-05
собачонок,1.8951229618359485e-05
напивался,1.8951229618359485e-05
станке,1.8951229618359485e-05
табакерки,1.8951229618359485e-05
точил,1.8951229618359485e-05
горничных,1.8951229618359485e-05
ничьим,1.8940367833490668e-05
ужиная,1.8940367833490668e-05
обедая,1.8940367833490668e-05
заговаривая,1.8940367833490668e-05
стеснялся,1.8940367833490668e-05
порог,1.892865071484356e-05
неверна,1.892865071484356e-05
татарин,1.892865071484356e-05
тогдашнего,1.892865071484356e-05
запорет,1.892865071484356e-05
зарежет,1.892865071484356e-05
притязания,1.8926469470804972e-05
особенная,1.8926469470804972e-05
бесцветны,1.8926469470804972e-05
министра,1.892598139469671e-05
чинах,1.892598139469671e-05
докладах,1.892598139469671e-05
прибавке,1.892598139469671e-05
приеме,1.892598139469671e-05
сенате,1.892598139469671e-05
страдальческого,1.892598139469671e-05
бледного,1.892598139469671e-05
акциях,1.892598139469671e-05
личиком,1.8913855832216747e-05
изящным,1.8913855832216747e-05
ангелом,1.8913855832216747e-05
лепетом,1.8913855832216747e-05
беленьким,1.8913855832216747e-05
ниц,1.8913855832216747e-05
честных,1.889936702399533e-05
налагает,1.889936702399533e-05
ясности,1.8893012194725363e-05
тончайшей,1.8893012194725363e-05
двои,1.8893012194725363e-05
зарю,1.8893012194725363e-05
примирения,1.8893012194725363e-05
обходиться,1.8893012194725363e-05
писца,1.887028116144195e-05
увезен,1.887028116144195e-05
благодетелем,1.887028116144195e-05
сирот,1.886524413949309e-05
подписывая,1.886524413949309e-05
стыдом,1.886524413949309e-05
протеснился,1.8864146859183764e-05
влюбленного,1.8864146859183764e-05
жестокая,1.8864048931623586e-05
лишает,1.8864048931623586e-05
ненаглядную,1.8864048931623586e-05
мосткам,1.8864048931623586e-05
взойдя,1.8861119291483146e-05
переведет,1.8861119291483146e-05
отправлений,1.885636951581777e-05
мешалась,1.885636951581777e-05
обычных,1.885636951581777e-05
линять,1.885636951581777e-05
писывал,1.883857571668864e-05
столкнулись,1.883857571668864e-05
помудренее,1.883857571668864e-05
съездил,1.883857571668864e-05
известковую,1.883556286532811e-05
ослепительным,1.883556286532811e-05
отливало,1.883556286532811e-05
закатывалось,1.883556286532811e-05
клонило,1.883556286532811e-05
светила,1.883556286532811e-05
помрачилась,1.8820885936874524e-05
предстояла,1.8820885936874524e-05
немалая,1.8820885936874524e-05
поколебалась,1.8820885936874524e-05
проникнуть,1.881286808283243e-05
спешить,1.881286808283243e-05
поспевала,1.881286808283243e-05
взобраться,1.881286808283243e-05
лестнице,1.881286808283243e-05
крутой,1.881286808283243e-05
дойти,1.881286808283243e-05
сеновалу,1.881286808283243e-05
разрушать,1.881286808283243e-05
пегашку,1.8807104198824663e-05
понедельники,1.8807104198824663e-05
закладывать,1.8807104198824663e-05
приказывающего,1.8807104198824663e-05
глохнут,1.8800177539454614e-05
немногих,1.8800177539454614e-05
фамильные,1.8800177539454614e-05
оставшихся,1.8800177539454614e-05
быте,1.8800177539454614e-05
вытащила,1.8799328449943774e-05
обложила,1.8799328449943774e-05
примочки,1.8799328449943774e-05
шкафчика,1.8799328449943774e-05
озарила,1.8799328449943774e-05
наслышка,1.8799328449943774e-05
извозчике,1.8799328449943774e-05
летела,1.8799328449943774e-05
указывали,1.8799328449943774e-05
навык,1.8799328449943774e-05
спирты,1.8799328449943774e-05
померанцевую,1.87894124379567e-05
неопрятный,1.87894124379567e-05
нанесенная,1.878748297741157e-05
сравнения,1.878748297741157e-05
глубину,1.878748297741157e-05
педантически,1.877666706946314e-05
обегая,1.877666706946314e-05
философских,1.877666706946314e-05
таблиц,1.877666706946314e-05
живую,1.877666706946314e-05
экономической,1.877666706946314e-05
социальных,1.877666706946314e-05
соперницы,1.8768826124845826e-05
уснете,1.8768826124845826e-05
ворчала,1.8768782985696706e-05
резвость,1.8768782985696706e-05
пускала,1.8768782985696706e-05
приближавшейся,1.8768782985696706e-05
затрогивать,1.8768782985696706e-05
козла,1.8768782985696706e-05
лазить,1.8768782985696706e-05
заразы,1.8768782985696706e-05
упрашивать,1.8768782985696706e-05
многообещающих,1.8758651038930796e-05
непривилегированные,1.8758651038930796e-05
дружеских,1.8758651038930796e-05
блаженные,1.8758651038930796e-05
рукопожатий,1.8758651038930796e-05
страстных,1.8758651038930796e-05
утомится,1.8746075588061794e-05
щадя,1.8746075588061794e-05
обдумывает,1.8746075588061794e-05
тяжелой,1.8746075588061794e-05
полумраке,1.873685051836909e-05
просторе,1.873685051836909e-05
кабинетов,1.873685051836909e-05
тесноте,1.873685051836909e-05
прихотливо,1.873685051836909e-05
манеры,1.873685051836909e-05
приобретал,1.873685051836909e-05
будуаров,1.873685051836909e-05
наставлено,1.873685051836909e-05
убранных,1.873685051836909e-05
роскошных,1.873685051836909e-05
вольном,1.873685051836909e-05
период,1.8728671834642742e-05
горячки,1.8728671834642742e-05
безделицы,1.8728671834642742e-05
лихорадочных,1.8728671834642742e-05
признаков,1.8728671834642742e-05
способна,1.8728671834642742e-05
архива,1.871940313572133e-05
знанием,1.871940313572133e-05
рылся,1.871940313572133e-05
вынутым,1.871940313572133e-05
зады,1.871940313572133e-05
увражами,1.871940313572133e-05
книжные,1.871940313572133e-05
мантилий,1.871886744298861e-05
завелся,1.871886744298861e-05
заказывались,1.871886744298861e-05
морской,1.871886744298861e-05
шляпка,1.871886744298861e-05
гостиного,1.871886744298861e-05
апраксина,1.871886744298861e-05
чепцы,1.871886744298861e-05
салопов,1.871886744298861e-05
литейном,1.871886744298861e-05
почтит,1.8703807648118215e-05
забежит,1.8703807648118215e-05
достающеюся,1.8703807648118215e-05
почестью,1.8703807648118215e-05
обратит,1.8703807648118215e-05
похоронная,1.8703807648118215e-05
теплоты,1.8695565914033615e-05
взаимными,1.8695565914033615e-05
сближение,1.8695565914033615e-05
колоться,1.8695565914033615e-05
жизненного,1.8695565914033615e-05
достоинствами,1.8695565914033615e-05
сальной,1.8687966613670517e-05
освещенная,1.8687966613670517e-05
свечкой,1.8687966613670517e-05
сидящая,1.8687966613670517e-05
добирался,1.8687966613670517e-05
круглым,1.8687966613670517e-05
наседку,1.8674693374720803e-05
мочками,1.8674693374720803e-05
донцем,1.8674693374720803e-05
галереей,1.8674693374720803e-05
уселась,1.8674693374720803e-05
погребла,1.8674693374720803e-05
блюдами,1.866861061814928e-05
поставцами,1.866861061814928e-05
чугунными,1.866861061814928e-05
грудами,1.866861061814928e-05
чуланы,1.866861061814928e-05
установлено,1.866861061814928e-05
овальными,1.866861061814928e-05
глиняными,1.866861061814928e-05
небольшими,1.866861061814928e-05
соусниками,1.866861061814928e-05
закупить,1.8658553691965276e-05
уборки,1.8658553691965276e-05
обширного,1.8658553691965276e-05
переселиться,1.8658553691965276e-05
сложного,1.8658553691965276e-05
экономку,1.8658553691965276e-05
одевала,1.8654680605142735e-05
прекрасном,1.8654680605142735e-05
невинном,1.8654680605142735e-05
бессознательном,1.8654680605142735e-05
кокетстве,1.8654680605142735e-05
уборе,1.8654680605142735e-05
снисходительная,1.8653532106813712e-05
страстная,1.8653532106813712e-05
благосклонный,1.8653532106813712e-05
симпатичная,1.8653532106813712e-05
вконец,1.8651056316153023e-05
недобор,1.8651056316153023e-05
разорила,1.8651056316153023e-05
пошлем,1.8651056316153023e-05
вышлем,1.8651056316153023e-05
предлагаем,1.8651056316153023e-05
доходцу,1.8651056316153023e-05
возьмется,1.8621418640720997e-05
перепродает,1.8621418640720997e-05
домы,1.8621418640720997e-05
пятисот,1.8621418640720997e-05
несгораемые,1.8621418640720997e-05
покупает,1.8621418640720997e-05
врывается,1.8620732741194853e-05
какуюнибудь,1.8620732741194853e-05
послеобеденный,1.8620732741194853e-05
факт,1.8605790935753784e-05
органа,1.8605790935753784e-05
сетке,1.8605790935753784e-05
оптический,1.8605790935753784e-05
подвергалось,1.8605790935753784e-05
красок,1.8605790935753784e-05
зрения,1.8605790935753784e-05
приготовлять,1.860163859455236e-05
объяснять,1.860163859455236e-05
нешуточному,1.860163859455236e-05
томили,1.860163859455236e-05
мудреному,1.860163859455236e-05
гложут,1.860163859455236e-05
сокращают,1.860163859455236e-05
очаровательна,1.8590257355694918e-05
любезна,1.8590257355694918e-05
утратила,1.8590257355694918e-05
дряблый,1.855836744054734e-05
угас,1.855836744054734e-05
заперт,1.855836744054734e-05
ветхий,1.855836744054734e-05
изношенный,1.855836744054734e-05
климата,1.855836744054734e-05
общечеловеческая,1.8558191495916178e-05
течения,1.8558191495916178e-05
вершина,1.8558191495916178e-05
сбиваются,1.8558191495916178e-05
жорж,1.8558191495916178e-05
прогресса,1.8558191495916178e-05
занды,1.8558191495916178e-05
пройденное,1.8541215570727953e-05
назначал,1.8541215570727953e-05
распорядилась,1.8541215570727953e-05
присутственном,1.8541215570727953e-05
подьячий,1.8541215570727953e-05
провинциальный,1.8541215570727953e-05
служения,1.8541215570727953e-05
стриженая,1.853863774085592e-05
токаря,1.853863774085592e-05
доводил,1.853863774085592e-05
вывески,1.853863774085592e-05
придает,1.8537387019308066e-05
оттенок,1.8537387019308066e-05
дверец,1.8537387019308066e-05
хлопанья,1.8537387019308066e-05
постукивал,1.8537387019308066e-05
золотопромышленника,1.8524594976489274e-05
последнему,1.8524594976489274e-05
уединения,1.8524594976489274e-05
выразил,1.851945354058959e-05
каяться,1.851945354058959e-05
гладиатор,1.851945354058959e-05
зритель,1.851945354058959e-05
успеньев,1.8516415413642372e-05
рассказывала,1.8516415413642372e-05
соответствует,1.850429814255884e-05
перестройки,1.850429814255884e-05
сем,1.850429814255884e-05
предположили,1.850429814255884e-05
долгого,1.850429814255884e-05
занимаю,1.850429814255884e-05
подобру,1.849787992104354e-05
убрались,1.849787992104354e-05
выгнали,1.849787992104354e-05
неблагонадежность,1.849787992104354e-05
благоприобретенные,1.849787992104354e-05
поздорову,1.849787992104354e-05
приколотить,1.847565871956641e-05
привесить,1.847565871956641e-05
рублев,1.847565871956641e-05
удивляться,1.8450895327847893e-05
простодушное,1.8450895327847893e-05
нечему,1.8450895327847893e-05
наивная,1.8450895327847893e-05
торжественным,1.8447738982078927e-05
моциона,1.8447738982078927e-05
откармливались,1.8447738982078927e-05
гусей,1.8447738982078927e-05
жиром,1.8447738982078927e-05
висеть,1.8447738982078927e-05
лишали,1.8447738982078927e-05
назначаемые,1.8447738982078927e-05
мешке,1.8447738982078927e-05
именинам,1.8447738982078927e-05
вытерпит,1.844694981480611e-05
подмывает,1.844694981480611e-05
картуза,1.844694981480611e-05
прыг,1.844694981480611e-05
охнет,1.8440667219230366e-05
упрет,1.8440667219230366e-05
исправляет,1.8440667219230366e-05
согнется,1.8440667219230366e-05
докончить,1.8440667219230366e-05
кашлять,1.8440667219230366e-05
шевелилась,1.8426719396307996e-05
плечам,1.8426719396307996e-05
почувствовала,1.8426719396307996e-05
тих,1.8426719396307996e-05
целомудрен,1.842352248987989e-05
невоздержания,1.842352248987989e-05
барский,1.842352248987989e-05
расточительности,1.842352248987989e-05
подозрительного,1.842352248987989e-05
евнух,1.842352248987989e-05
свойства,1.842352248987989e-05
чертами,1.8411039281263687e-05
высокий,1.8411039281263687e-05
объемистый,1.8411039281263687e-05
принадлежащий,1.8411039281263687e-05
коротенькой,1.8411039281263687e-05
породе,1.8411039281263687e-05
крупной,1.8411039281263687e-05
туловище,1.8411039281263687e-05
толстогубый,1.8411039281263687e-05
шмель,1.840927437204601e-05
трещине,1.840927437204601e-05
лепятся,1.840927437204601e-05
цветка,1.840927437204601e-05
вползает,1.840927437204601e-05
повторяет,1.840927437204601e-05
чашечку,1.840927437204601e-05
выступившей,1.840927437204601e-05
собственность,1.84058307184913e-05
господствующею,1.84058307184913e-05
повнимательнее,1.84058307184913e-05
запущенностью,1.84058307184913e-05
променяла,1.8403510680746205e-05
трещавших,1.8403510680746205e-05
горшков,1.8403510680746205e-05
сковород,1.8403510680746205e-05
повелевала,1.8403510680746205e-05
шипевших,1.8403510680746205e-05
кастрюль,1.8403510680746205e-05
господствовала,1.8403510680746205e-05
наполненных,1.8403510680746205e-05
воскрешает,1.83649116329286e-05
бессильно,1.83649116329286e-05
произнесены,1.83649116329286e-05
кресты,1.8351691593224815e-05
заторелым,1.8351691593224815e-05
крючках,1.8351691593224815e-05
состарившимся,1.8351691593224815e-05
кавычках,1.8351691593224815e-05
давнишних,1.8351691593224815e-05
подьячим,1.8351691593224815e-05
дельцам,1.8351691593224815e-05
отворотясь,1.833626282033546e-05
пустынные,1.833626282033546e-05
старцы,1.833626282033546e-05
копают,1.833626282033546e-05
сделанный,1.833626282033546e-05
собственными,1.833626282033546e-05
укладывался,1.833626282033546e-05
нескучно,1.8335071159013245e-05
намерений,1.8335071159013245e-05
перенесу,1.8335071159013245e-05
уговором,1.8335071159013245e-05
кончатся,1.8335071159013245e-05
разлетятся,1.8335071159013245e-05
оскорбились,1.8335071159013245e-05
честные,1.8335071159013245e-05
сажают,1.833460632704386e-05
великанов,1.833460632704386e-05
встают,1.833460632704386e-05
заведутся,1.833460632704386e-05
безотчетной,1.833460632704386e-05
балаган,1.833460632704386e-05
недосягаем,1.8329583574532472e-05
бледным,1.8329583574532472e-05
самонаслаждением,1.8329583574532472e-05
беззаботным,1.8329583574532472e-05
думаем,1.8324872061887197e-05
ждем,1.8324872061887197e-05
позавидовать,1.8324872061887197e-05
надеемся,1.8324872061887197e-05
произнести,1.8324872061887197e-05
подробность,1.8324872061887197e-05
качает,1.8323049659086766e-05
простужусь,1.8323049659086766e-05
вложением,1.8316758941356116e-05
передаст,1.8316758941356116e-05
секретарю,1.8316758941356116e-05
проскользнет,1.8316758941356116e-05
подернутое,1.83135802851785e-05
густою,1.83135802851785e-05
напомнило,1.83135802851785e-05
лик,1.83135802851785e-05
кисеей,1.83135802851785e-05
некрасивый,1.83135802851785e-05
исподлобья,1.83135802851785e-05
висел,1.8313342886505677e-05
глин,1.8313342886505677e-05
товаров,1.8313342886505677e-05
образцами,1.8313342886505677e-05
чучелами,1.8313342886505677e-05
конторка,1.8313342886505677e-05
раковинами,1.8313342886505677e-05
минералами,1.8313342886505677e-05
высокая,1.8313342886505677e-05
прочего,1.8313342886505677e-05
толпился,1.8294922118189126e-05
зажиточном,1.8294922118189126e-05
обоего,1.8294922118189126e-05
обломовках,1.8294922118189126e-05
званием,1.8294922118189126e-05
потребления,1.8294922118189126e-05
желудком,1.8294922118189126e-05
ремесла,1.8294922118189126e-05
умоляя,1.828248001228758e-05
потеряется,1.828248001228758e-05
отвратить,1.828248001228758e-05
колена,1.828248001228758e-05
бурю,1.828248001228758e-05
перевертывается,1.828248001228758e-05
угрожающую,1.828248001228758e-05
подскакивала,1.828240621293023e-05
приглядывая,1.828240621293023e-05
донесет,1.828240621293023e-05
подноса,1.828240621293023e-05
высовывалась,1.828240621293023e-05
воображая,1.8273079953619408e-05
руне,1.8273079953619408e-05
храбреца,1.8273079953619408e-05
преградах,1.8273079953619408e-05
волшебного,1.8273079953619408e-05
подвига,1.8273079953619408e-05
бодрился,1.8273079953619408e-05
тайниках,1.8273079953619408e-05
походило,1.826689472287398e-05
благодарили,1.826689472287398e-05
двигают,1.8255746803608893e-05
плетут,1.8255746803608893e-05
хитрости,1.8255746803608893e-05
пружинами,1.8255746803608893e-05
домашнюю,1.8255746803608893e-05
располагаются,1.8255746803608893e-05
направятся,1.8255746803608893e-05
нисходила,1.8243618434589134e-05
зеленой,1.8243618434589134e-05
выезжала,1.8243618434589134e-05
крытой,1.8243618434589134e-05
угольной,1.8243618434589134e-05
старушками,1.8243618434589134e-05
зверем,1.8240871422716926e-05
неизбежным,1.8240871422716926e-05
карабкаясь,1.8239480123378066e-05
букетом,1.8239480123378066e-05
заблестят,1.8239480123378066e-05
забываете,1.8239480123378066e-05
заставляю,1.8239480123378066e-05
ценю,1.8239480123378066e-05
спешите,1.8239480123378066e-05
отыскиваете,1.8239480123378066e-05
страже,1.8237729034127966e-05
узоров,1.8237729034127966e-05
ошибке,1.8235851638516145e-05
слившиеся,1.8235851638516145e-05
исполниться,1.8235851638516145e-05
поднимался,1.8235851638516145e-05
гибели,1.8235851638516145e-05
путей,1.8235851638516145e-05
угаданная,1.8235851638516145e-05
гибельной,1.8235851638516145e-05
взяточник,1.8232340704145734e-05
взятки,1.8232340704145734e-05
придирчив,1.8232340704145734e-05
назойливостью,1.8232340704145734e-05
незаслуженного,1.8232340704145734e-05
угощать,1.8232340704145734e-05
ухитрялся,1.8232340704145734e-05
сослуживцев,1.8232340704145734e-05
просителей,1.8232340704145734e-05
неразвитость,1.8216249773078535e-05
остановку,1.8216249773078535e-05
брошен,1.8216249773078535e-05
грызла,1.8216249773078535e-05
мешающую,1.8216249773078535e-05
росте,1.8216249773078535e-05
переворачивая,1.8209629224415947e-05
прослушал,1.8209629224415947e-05
заваривать,1.8209629224415947e-05
починивала,1.8209629224415947e-05
позавтракал,1.8209629224415947e-05
равнодушии,1.8208353357993574e-05
недостатков,1.8208353357993574e-05
бесчисленных,1.8208353357993574e-05
привыкши,1.8208353357993574e-05
сносить,1.8208353357993574e-05
необъятное,1.8208353357993574e-05
переделает,1.820813253889101e-05
кумом,1.820813253889101e-05
обдумав,1.820813253889101e-05
укором,1.8207736162916874e-05
разбивал,1.8207736162916874e-05
оправдывали,1.8207736162916874e-05
удержанность,1.8207736162916874e-05
размаха,1.8207736162916874e-05
клеймили,1.8207736162916874e-05
святому,1.820224281451016e-05
влечению,1.820224281451016e-05
обрекает,1.820224281451016e-05
уз,1.820224281451016e-05
детях,1.820224281451016e-05
мелочах,1.820224281451016e-05
грустный,1.815909002407549e-05
уселись,1.815909002407549e-05
заре,1.815909002407549e-05
мукой,1.8155748755525987e-05
хвостом,1.8155748755525987e-05
облизываясь,1.8155748755525987e-05
пронесет,1.8155748755525987e-05
виляя,1.8155748755525987e-05
улеглось,1.8141732510162595e-05
чаду,1.8141732510162595e-05
улиц,1.8141732510162595e-05
ночной,1.8141732510162595e-05
задумчивом,1.8141732510162595e-05
переменять,1.811056032688667e-05
пантелеевна,1.811056032688667e-05
супруга,1.811056032688667e-05
первенствующую,1.811056032688667e-05
накрахмалены,1.811056032688667e-05
ирина,1.811056032688667e-05
предоставляла,1.811056032688667e-05
пустому,1.8101269088058532e-05
рюмка,1.8101269088058532e-05
притворить,1.8101269088058532e-05
булка,1.8101269088058532e-05
пробка,1.8101269088058532e-05
трудной,1.8091606483081753e-05
смущали,1.8091606483081753e-05
цвели,1.8091606483081753e-05
боролись,1.8091606483081753e-05
умственными,1.8091606483081753e-05
туманными,1.8091606483081753e-05
тучи,1.8085751244948855e-05
рухнуло,1.8085751244948855e-05
гомозиться,1.8085751244948855e-05
отдохнула,1.8085751244948855e-05
остановятся,1.8085751244948855e-05
перепугаешься,1.8082389123104606e-05
пристани,1.8082389123104606e-05
грамота,1.8082389123104606e-05
насыпь,1.8082389123104606e-05
непривычным,1.8082389123104606e-05
станцией,1.8082389123104606e-05
чугунке,1.8082389123104606e-05
покатится,1.8082389123104606e-05
настроением,1.8078249052554552e-05
разрывались,1.8078249052554552e-05
вызванные,1.8078249052554552e-05
гонимый,1.8063153695431707e-05
несправедливостью,1.8063153695431707e-05
непризнанный,1.8063153695431707e-05
достоинстве,1.8063153695431707e-05
окружающему,1.8063153695431707e-05
недобровольно,1.8063153695431707e-05
неуныло,1.8063153695431707e-05
недоброжелательством,1.8063153695431707e-05
обиженный,1.8063153695431707e-05
вертит,1.8058433963086944e-05
коренной,1.8058433963086944e-05
деньжонки,1.8058433963086944e-05
наймет,1.8058433963086944e-05
служака,1.8058433963086944e-05
кривизну,1.8054902357610013e-05
постоянною,1.8054902357610013e-05
трудность,1.8054902357610013e-05
задачею,1.8054902357610013e-05
решения,1.8054902357610013e-05
волшебницы,1.8039711564195307e-05
походить,1.8039711564195307e-05
поесть,1.8039711564195307e-05
незаработанном,1.8039711564195307e-05
процессу,1.8039356763332592e-05
подписывал,1.8039356763332592e-05
удовлетворительный,1.8039356763332592e-05
связями,1.8039356763332592e-05
лорнетку,1.8039356763332592e-05
repos,1.8035738722023445e-05
solitude,1.8035738722023445e-05
грот,1.8035738722023445e-05
hermitage,1.8035738722023445e-05
область,1.8035738722023445e-05
ливрея,1.8032536165654626e-05
покойных,1.8032536165654626e-05
ливреи,1.8032536165654626e-05
представительницею,1.8032536165654626e-05
воспоминаниях,1.8032536165654626e-05
полуформенной,1.8032536165654626e-05
единственною,1.8032536165654626e-05
технологию,1.8020229522702304e-05
практические,1.8020229522702304e-05
преподаванию,1.8020229522702304e-05
фермера,1.8020229522702304e-05
саксонских,1.8020229522702304e-05
агрономии,1.8020229522702304e-05
мудрецов,1.8020229522702304e-05
изучил,1.8020229522702304e-05
фабриках,1.8020229522702304e-05
корделией,1.801702941917378e-05
видение,1.801702941917378e-05
преобразилась,1.801702941917378e-05
мельком,1.8012626519199452e-05
повертел,1.8012626519199452e-05
разрыва,1.8006143771013436e-05
прореха,1.8006143771013436e-05
пословице,1.8006143771013436e-05
убеждению,1.8006143771013436e-05
вопреки,1.8006143771013436e-05
небритая,1.8006143771013436e-05
кумой,1.8006143771013436e-05
борода,1.8006143771013436e-05
сбить,1.8001936191319382e-05
противная,1.8001936191319382e-05
присутственное,1.8001936191319382e-05
благосостояния,1.8001936191319382e-05
речки,1.7994963113566713e-05
подбирающийся,1.7994963113566713e-05
нарисовано,1.7994963113566713e-05
кустарник,1.7994963113566713e-05
березовая,1.7994963113566713e-05
холма,1.7994963113566713e-05
искривленный,1.7994963113566713e-05
отлогие,1.7994963113566713e-05
мастерски,1.7994963113566713e-05
ручьем,1.7994963113566713e-05
истратила,1.7994334592320217e-05
жарила,1.7994334592320217e-05
оставленные,1.7994334592320217e-05
телятину,1.7994334592320217e-05
молола,1.7994334592320217e-05
совершить,1.7987969735926273e-05
прискорбию,1.7987969735926273e-05
нежную,1.7987969735926273e-05
влюбляется,1.7987969735926273e-05
великому,1.7987969735926273e-05
предполагает,1.7987969735926273e-05
своротишь,1.7985677548756634e-05
скобками,1.7985677548756634e-05
дверными,1.7985677548756634e-05
солидными,1.7985677548756634e-05
ломом,1.7985677548756634e-05
железными,1.7985677548756634e-05
инструментами,1.7985677548756634e-05
массивных,1.7985677548756634e-05
стесняя,1.7985677548756634e-05
здоровыми,1.7985677548756634e-05
выражал,1.79729149710516e-05
науках,1.79729149710516e-05
записанными,1.79729149710516e-05
руководства,1.79729149710516e-05
дороговизне,1.79729149710516e-05
готовыми,1.79729149710516e-05
законченных,1.79729149710516e-05
добродетели,1.79729149710516e-05
сентенциями,1.79729149710516e-05
увядающей,1.796483996197671e-05
участница,1.796483996197671e-05
эгоистки,1.796483996197671e-05
счастливого,1.796483996197671e-05
нужной,1.796483996197671e-05
небывалое,1.796483996197671e-05
высокое,1.796483996197671e-05
любящей,1.796483996197671e-05
повели,1.7944486256395758e-05
грязном,1.7944486256395758e-05
рассказов,1.7944486256395758e-05
переменил,1.7944486256395758e-05
пушка,1.794404822140139e-05
слипаются,1.794404822140139e-05
уложив,1.794404822140139e-05
шести,1.794404822140139e-05
потушены,1.794404822140139e-05
осмотрев,1.794404822140139e-05
размеров,1.7940505725238557e-05
умельчились,1.7940505725238557e-05
перебрасывается,1.7940505725238557e-05
упругость,1.7940505725238557e-05
волну,1.7940505725238557e-05
противопоставить,1.7940505725238557e-05
микроскопических,1.7940505725238557e-05
справится,1.7940505725238557e-05
застывала,1.7940281211192957e-05
туманился,1.7940281211192957e-05
форме,1.7940281211192957e-05
превращалась,1.7940281211192957e-05
набегала,1.7940281211192957e-05
пестрая,1.7931878335756644e-05
заговенья,1.7931878335756644e-05
шумных,1.7931878335756644e-05
разговенья,1.7931878335756644e-05
родственных,1.7931878335756644e-05
поздравлений,1.7931878335756644e-05
подразделений,1.7931878335756644e-05
миндалю,1.792803483333797e-05
стирает,1.792803483333797e-05
управится,1.792803483333797e-05
брусничной,1.792604539536143e-05
выпивается,1.792604539536143e-05
пособию,1.792604539536143e-05
залить,1.792604539536143e-05
прибегают,1.792604539536143e-05
стенанье,1.792604539536143e-05
грушевой,1.792604539536143e-05
врачебному,1.792604539536143e-05
членам,1.792423006669807e-05
онемение,1.792423006669807e-05
туманят,1.792423006669807e-05
туманить,1.792423006669807e-05
улетело,1.792423006669807e-05
робкие,1.792423006669807e-05
морозцы,1.792423006669807e-05
поверхность,1.792423006669807e-05
пробежало,1.792423006669807e-05
южный,1.7923827374099575e-05
одессе,1.7923827374099575e-05
приведенное,1.7923827374099575e-05
расстроенного,1.7923827374099575e-05
крыма,1.7923827374099575e-05
эпохи,1.7920094009298055e-05
иванове,1.7920094009298055e-05
важные,1.7920094009298055e-05
ильине,1.7920094009298055e-05
поговаривать,1.7920094009298055e-05
предстоящих,1.7920094009298055e-05
боги,1.7900243688198304e-05
проник,1.7900243688198304e-05
забавный,1.7900243688198304e-05
несказанно,1.7900243688198304e-05
олимпийские,1.7900243688198304e-05
бывшим,1.7891162399142604e-05
болел,1.7891162399142604e-05
утомленного,1.7891162399142604e-05
трудных,1.7891162399142604e-05
сложных,1.7891162399142604e-05
вторично,1.7891162399142604e-05
пожирали,1.7891162399142604e-05
обстоятельствах,1.7891162399142604e-05
угрызения,1.7891162399142604e-05
задумчивы,1.7875365744353817e-05
шалости,1.7875365744353817e-05
серьезны,1.7875365744353817e-05
воскрешало,1.7868813519793995e-05
преданий,1.7868813519793995e-05
няньками,1.7868813519793995e-05
слугами,1.7868813519793995e-05
хроники,1.7868813519793995e-05
передаваемой,1.7868813519793995e-05
мамками,1.7868813519793995e-05
веденной,1.7868813519793995e-05
единственной,1.7868813519793995e-05
опечалится,1.7833817182873907e-05
стыдливое,1.7833817182873907e-05
намерении,1.7833817182873907e-05
поцелуи,1.7833817182873907e-05
выпытает,1.7833817182873907e-05
мыслию,1.7833817182873907e-05
упьется,1.7833817182873907e-05
улыбались,1.7824112408429215e-05
перешептываться,1.7824112408429215e-05
похитителя,1.7823146351795966e-05
визгом,1.7823146351795966e-05
схватить,1.7823146351795966e-05
когтях,1.7823146351795966e-05
выдерживал,1.7823146351795966e-05
брызжут,1.7823146351795966e-05
рассуждать,1.781749996933252e-05
согласно,1.781749996933252e-05
выразиться,1.781749996933252e-05
наскучивало,1.781749996933252e-05
участник,1.781749996933252e-05
слушатель,1.781749996933252e-05
проявить,1.781749996933252e-05
разделявший,1.781749996933252e-05
склонится,1.7800757464954785e-05
нравственные,1.7800757464954785e-05
опускаться,1.7800757464954785e-05
шаром,1.7800757464954785e-05
спектакль,1.779845036967655e-05
записаны,1.779845036967655e-05
пьесы,1.779845036967655e-05
искрами,1.779845036967655e-05
получало,1.779845036967655e-05
разочаровываться,1.7795835635415883e-05
вдалеке,1.7795835635415883e-05
неразрывного,1.7795835635415883e-05
примеров,1.7795835635415883e-05
судака,1.7793761705563746e-05
лавочки,1.7793761705563746e-05
студень,1.7793761705563746e-05
репу,1.7793761705563746e-05
соленого,1.7793761705563746e-05
гатчинских,1.7793761705563746e-05
янтарной,1.7793761705563746e-05
отлетела,1.778620845012143e-05
разговаривал,1.778620845012143e-05
нечищеные,1.778620845012143e-05
беззаботность,1.778620845012143e-05
разделался,1.778620845012143e-05
светило,1.778440573175984e-05
жилища,1.778440573175984e-05
рушились,1.778440573175984e-05
закатилось,1.778440573175984e-05
взволновал,1.778440573175984e-05
засияло,1.778440573175984e-05
скандалезное,1.777419287693163e-05
подписывает,1.777419287693163e-05
сконфузился,1.777419287693163e-05
церемонится,1.7746469499951394e-05
накидывает,1.7746469499951394e-05
бороде,1.7735566563827777e-05
инеем,1.7735566563827777e-05
усиливается,1.7735566563827777e-05
ноябре,1.7735566563827777e-05
мягкое,1.7735566563827777e-05
чуткий,1.7735566563827777e-05
веянье,1.7735566563827777e-05
феврале,1.7735566563827777e-05
выйдя,1.7735566563827777e-05
крещенью,1.7735566563827777e-05
мигнуть,1.773342181525547e-05
резвому,1.773342181525547e-05
закричат,1.773342181525547e-05
руководствовался,1.773214577545773e-05
брюхе,1.773214577545773e-05
логикой,1.773214577545773e-05
вступления,1.773214577545773e-05
толковать,1.773214577545773e-05
порождает,1.773214577545773e-05
пирамиды,1.7716186093447578e-05
огорода,1.7716186093447578e-05
саван,1.7716186093447578e-05
наносил,1.7716186093447578e-05
окуталось,1.7716186093447578e-05
курятники,1.7716186093447578e-05
сугробы,1.7716186093447578e-05
столбов,1.7716186093447578e-05
ставя,1.771243204375927e-05
стереотипных,1.771243204375927e-05
предшественником,1.771243204375927e-05
отливались,1.771243204375927e-05
форм,1.771243204375927e-05
машине,1.771243204375927e-05
двигали,1.771243204375927e-05
обычной,1.771243204375927e-05
издавна,1.771243204375927e-05
деятели,1.771243204375927e-05
прикладывали,1.771243204375927e-05
сознательным,1.7698819430714854e-05
брачной,1.7698819430714854e-05
задумываются,1.7698819430714854e-05
женам,1.7698819430714854e-05
мудреными,1.7698819430714854e-05
загадкой,1.7698819430714854e-05
браки,1.7698819430714854e-05
сфинкса,1.7698819430714854e-05
недосказанное,1.7698819430714854e-05
мужья,1.7698819430714854e-05
построит,1.7698522832865956e-05
житейского,1.7698522832865956e-05
юридического,1.7698522832865956e-05
запутанного,1.7698522832865956e-05
доказательства,1.7698522832865956e-05
посоветуется,1.7698522832865956e-05
бойкого,1.7698522832865956e-05
подведет,1.7698522832865956e-05
хитрого,1.7698522832865956e-05
кораллов,1.769788568964117e-05
колорита,1.769788568964117e-05
белизны,1.769788568964117e-05
смысле,1.769788568964117e-05
яркого,1.769788568964117e-05
пятилетнего,1.769788568964117e-05
руководством,1.768666997801621e-05
коротенький,1.768666997801621e-05
послужит,1.768666997801621e-05
благоуханное,1.768666997801621e-05
утешаюсь,1.768666997801621e-05
заворчал,1.768487027234462e-05
задевая,1.768487027234462e-05
сполз,1.768487027234462e-05
проказа,1.768487027234462e-05
расправу,1.768487027234462e-05
эпопеи,1.766963769325838e-05
заставляя,1.766963769325838e-05
блистательной,1.766963769325838e-05
тихоновну,1.766963769325838e-05
расчесывает,1.766963769325838e-05
разбитую,1.764395560663279e-05
недоваренную,1.764395560663279e-05
предстала,1.764395560663279e-05
фальшивую,1.7641114140536946e-05
судорогой,1.7641114140536946e-05
зарыдала,1.7641114140536946e-05
сорвался,1.7641114140536946e-05
преподал,1.7631595119292944e-05
пехоте,1.7631595119292944e-05
гусарские,1.7631595119292944e-05
мастей,1.7631595119292944e-05
шпоры,1.7631595119292944e-05
кавалерии,1.7631595119292944e-05
опозориться,1.7631595119292944e-05
зорю,1.7631595119292944e-05
драгунские,1.7631595119292944e-05
кожаное,1.762972591427913e-05
кривы,1.762972591427913e-05
мочальное,1.762972591427913e-05
веревочное,1.762972591427913e-05
остальная,1.762972591427913e-05
спинке,1.762972591427913e-05
бранится,1.762805828202381e-05
калитка,1.762805828202381e-05
чуткими,1.762805828202381e-05
сновать,1.762805828202381e-05
отлучился,1.762805828202381e-05
коса,1.7610916323562427e-05
дополняла,1.7610916323562427e-05
рисовалось,1.7610916323562427e-05
стана,1.7610916323562427e-05
спускала,1.7610916323562427e-05
говорящие,1.7610916323562427e-05
благородство,1.7610916323562427e-05
филе,1.7602876330364986e-05
потчевать,1.7602876330364986e-05
осетра,1.7602876330364986e-05
владея,1.7602876330364986e-05
гостиный,1.7602876330364986e-05
бараниной,1.7602876330364986e-05
страстной,1.759917830345472e-05
отдыхает,1.759917830345472e-05
фоминой,1.759917830345472e-05
помещался,1.759008551978415e-05
доставшихся,1.759008551978415e-05
обладателем,1.759008551978415e-05
вывезенным,1.759008551978415e-05
потеснее,1.759008551978415e-05
слугой,1.759008551978415e-05
азии,1.759008551978415e-05
коренными,1.7585935812551164e-05
задавали,1.7585935812551164e-05
исключительно,1.7585935812551164e-05
уму,1.7585935812551164e-05
неизбежными,1.7585935812551164e-05
кишела,1.7585935812551164e-05
ковчеге,1.757093076059416e-05
утешений,1.757093076059416e-05
примирительных,1.757093076059416e-05
ковчег,1.757093076059416e-05
оградить,1.757093076059416e-05
завета,1.757093076059416e-05
несчастий,1.757093076059416e-05
успокоивался,1.757093076059416e-05
успокоительных,1.757093076059416e-05
настоящую,1.757093076059416e-05
законную,1.756989107785858e-05
заметку,1.756989107785858e-05
жизненную,1.756989107785858e-05
вывода,1.756989107785858e-05
налагал,1.756989107785858e-05
оков,1.756989107785858e-05
выносил,1.756989107785858e-05
педантических,1.756989107785858e-05
стонов,1.7569807023452162e-05
кровопролитий,1.7569807023452162e-05
унимались,1.7569807023452162e-05
птичьем,1.7569807023452162e-05
праздничные,1.7569807023452162e-05
трудолюбивые,1.7569807023452162e-05
совершала,1.7569807023452162e-05
пенять,1.7563283925859506e-05
тараканы,1.7563283925859506e-05
вымыла,1.7563283925859506e-05
понапрасну,1.7563283925859506e-05
тараканов,1.7563283925859506e-05
вымела,1.7563283925859506e-05
завалявшиеся,1.7563283925859506e-05
умолкает,1.755892890122726e-05
изучал,1.755892890122726e-05
лабиринт,1.755892890122726e-05
факты,1.755892890122726e-05
открывал,1.755892890122726e-05
женив,1.7555122127191823e-05
пира,1.7555122127191823e-05
ожидали,1.7555122127191823e-05
обряда,1.7555122127191823e-05
бьющимся,1.7555122127191823e-05
обычную,1.7555122127191823e-05
похоронив,1.7555122127191823e-05
окрестив,1.7555122127191823e-05
забывали,1.7555122127191823e-05
козы,1.75514099734628e-05
съели,1.75514099734628e-05
десятую,1.75514099734628e-05
окопать,1.75514099734628e-05
липу,1.75514099734628e-05
яблонь,1.75514099734628e-05
канавкой,1.75514099734628e-05
смородинные,1.75514099734628e-05
обдирать,1.75514099734628e-05
врыть,1.75514099734628e-05
вакханка,1.7536869367584188e-05
страстном,1.7536869367584188e-05
упаду,1.7536869367584188e-05
обвив,1.7536869367584188e-05
смахнул,1.7533292788416202e-05
штору,1.7533292788416202e-05
протереть,1.7533292788416202e-05
продумал,1.7533292788416202e-05
навязал,1.7533292788416202e-05
бедных,1.7533292788416202e-05
покровитель,1.7533292788416202e-05
изменяющий,1.7511140660577938e-05
доблести,1.7511140660577938e-05
восторженных,1.7511140660577938e-05
биения,1.7511140660577938e-05
бытие,1.7511140660577938e-05
улыбающийся,1.7511140660577938e-05
ползет,1.7509366157972545e-05
резвые,1.7509366157972545e-05
дремлется,1.7509366157972545e-05
камешкам,1.7509366157972545e-05
журчанье,1.7509366157972545e-05
нитью,1.7509366157972545e-05
быстрой,1.7509366157972545e-05
шаля,1.7509366157972545e-05
стремится,1.7509366157972545e-05
рынках,1.7504246935191747e-05
корица,1.7504246935191747e-05
поклоны,1.7504246935191747e-05
доставаться,1.7504246935191747e-05
лавочники,1.7504246935191747e-05
возмущающих,1.749431029324805e-05
крупных,1.749431029324805e-05
горький,1.749431029324805e-05
диораме,1.749431029324805e-05
необходимые,1.749109004385678e-05
ткань,1.749109004385678e-05
складывались,1.749109004385678e-05
сухи,1.749109004385678e-05
основу,1.749109004385678e-05
скучные,1.749109004385678e-05
перебирала,1.749053355484411e-05
груды,1.749053355484411e-05
отрезков,1.749053355484411e-05
пуговиц,1.749053355484411e-05
тряпок,1.749053355484411e-05
рухлядь,1.749053355484411e-05
ваты,1.749053355484411e-05
мехов,1.749053355484411e-05
обоими,1.749053355484411e-05
аромата,1.7486710233090633e-05
нравственного,1.7486710233090633e-05
шатанья,1.7486710233090633e-05
некоторой,1.7486710233090633e-05
библиотек,1.7486710233090633e-05
ленивом,1.7477048866514028e-05
заиграют,1.747106552696402e-05
сфер,1.747106552696402e-05
наполнялось,1.7453798761051565e-05
освещает,1.7453798761051565e-05
пейзаж,1.7453798761051565e-05
пробирался,1.7453798761051565e-05
рыбинскую,1.7434920551405112e-05
уединиться,1.7434920551405112e-05
вышедшую,1.7434920551405112e-05
обложит,1.743173778105421e-05
огурцами,1.743173778105421e-05
клюквы,1.743173778105421e-05
полотенцем,1.743173778105421e-05
повяжется,1.743173778105421e-05
сияния,1.7428600199163048e-05
принимал,1.7428600199163048e-05
бесцветен,1.7428600199163048e-05
исполнен,1.7428600199163048e-05
сумрачен,1.7428600199163048e-05
радужного,1.7428600199163048e-05
партию,1.7427981106289805e-05
приличную,1.7427981106289805e-05
протерпела,1.7427981106289805e-05
оплакала,1.7427981106289805e-05
девической,1.7427981106289805e-05
неудавшейся,1.7427981106289805e-05
потосковала,1.7427981106289805e-05
прожила,1.7427981106289805e-05
мечтой,1.7427981106289805e-05
похоронила,1.7427981106289805e-05
практического,1.739668353765615e-05
покражи,1.739668353765615e-05
судопроизводства,1.739668353765615e-05
писарем,1.739668353765615e-05
сморила,1.739645334190586e-05
сеновал,1.739645334190586e-05
громоздкий,1.739645334190586e-05
прохлады,1.739645334190586e-05
обнять,1.7371756919191513e-05
уберечь,1.7371756919191513e-05
невысоко,1.7371756919191513e-05
покрепче,1.7371756919191513e-05
кровля,1.7371756919191513e-05
метать,1.7371756919191513e-05
избранный,1.7371756919191513e-05
распростерлось,1.7371756919191513e-05
надежная,1.7371756919191513e-05
невзгод,1.7371756919191513e-05
стрелы,1.7371756919191513e-05
предполагались,1.7364725607854816e-05
признанную,1.7364725607854816e-05
бешеною,1.7364725607854816e-05
существа,1.7364725607854816e-05
падаль,1.7364725607854816e-05
свозили,1.7364725607854816e-05
опуститься,1.7346311553256904e-05
предложат,1.7346311553256904e-05
свежеодетым,1.7346311553256904e-05
чопорно,1.7346311553256904e-05
познакомить,1.7346311553256904e-05
задремать,1.7346311553256904e-05
современный,1.7346311553256904e-05
груше,1.7343596461034822e-05
протанцевала,1.7343596461034822e-05
поспала,1.7343596461034822e-05
контрдансов,1.7343596461034822e-05
мазурки,1.7343596461034822e-05
вязанки,1.7342331372754636e-05
настудят,1.7342331372754636e-05
угольев,1.7342331372754636e-05
насидишься,1.7342331372754636e-05
занимай,1.7342331372754636e-05
ковша,1.7342331372754636e-05
восьмому,1.733842624859295e-05
шестому,1.733842624859295e-05
словоохотливо,1.733842624859295e-05
еле,1.733842624859295e-05
донкихотов,1.7261760350414547e-05
простодушными,1.7261760350414547e-05
стальных,1.7261760350414547e-05
барашками,1.7261760350414547e-05
вереницу,1.7261760350414547e-05
взаимною,1.7261760350414547e-05
пятидесятилетнею,1.7261760350414547e-05
героинь,1.7261760350414547e-05
нахмурившись,1.7261760350414547e-05
пастушков,1.7261760350414547e-05
обрадованного,1.7246311513281544e-05
солнцу,1.7246311513281544e-05
страна,1.7246311513281544e-05
пригорки,1.7246311513281544e-05
осматривает,1.7246311513281544e-05
хлынет,1.7246311513281544e-05
сушит,1.7246311513281544e-05
крупные,1.7246311513281544e-05
запрыгает,1.7246311513281544e-05
жаркие,1.7246311513281544e-05
шаман,1.7245217815504218e-05
присутствует,1.7245217815504218e-05
идола,1.7245217815504218e-05
превосходства,1.7245217815504218e-05
обметает,1.7245217815504218e-05
идолом,1.7245217815504218e-05
дрожащими,1.724079157025729e-05
притворяясь,1.724079157025729e-05
лежавшего,1.724079157025729e-05
подобрала,1.724079157025729e-05
клочки,1.724079157025729e-05
вспрянула,1.724079157025729e-05
тыкать,1.724079157025729e-05
пожеланий,1.7232008058332346e-05
пропустил,1.7232008058332346e-05
доношу,1.7232008058332346e-05
благородие,1.7232008058332346e-05
послушаюсь,1.7231089653729714e-05
новостях,1.7231089653729714e-05
анну,1.7231089653729714e-05
васильевну,1.7231089653729714e-05
дочерью,1.7231089653729714e-05
зинаиду,1.7231089653729714e-05
михайловну,1.7231089653729714e-05
соглашусь,1.7231089653729714e-05
ломтю,1.7226338817954535e-05
тарелках,1.7226338817954535e-05
уксуса,1.7226338817954535e-05
дупелей,1.7226338817954535e-05
толстую,1.7226338817954535e-05
изломанными,1.7226338817954535e-05
черенками,1.7226338817954535e-05
судки,1.7226338817954535e-05
бумажками,1.7226338817954535e-05
пробок,1.7226338817954535e-05
заткнутые,1.7226338817954535e-05
черному,1.7226338817954535e-05
вилки,1.7226338817954535e-05
ступить,1.7218891994646874e-05
бывшими,1.7218891994646874e-05
раскрывались,1.7218891994646874e-05
инстинкта,1.7218891994646874e-05
запасе,1.7218891994646874e-05
наблюдениями,1.7218891994646874e-05
пытливого,1.7212176453242097e-05
примерами,1.7212176453242097e-05
врезывается,1.7212176453242097e-05
напитывается,1.7212176453242097e-05
ускользает,1.7212176453242097e-05
живыми,1.7212176453242097e-05
чертит,1.7212176453242097e-05
программу,1.7212176453242097e-05
грубить,1.721012005798696e-05
причесанным,1.721012005798696e-05
благоговеть,1.721012005798696e-05
кормить,1.721012005798696e-05
одевать,1.721012005798696e-05
обутым,1.721012005798696e-05
лукавить,1.721012005798696e-05
укладывала,1.7182920140040536e-05
обтерев,1.7182920140040536e-05
вымыв,1.7182920140040536e-05
перехитренному,1.7171397050285735e-05
здравому,1.7171397050285735e-05
уклонялась,1.7171397050285735e-05
неожиданными,1.7164618760242666e-05
морозами,1.7164618760242666e-05
предписанным,1.7164618760242666e-05
неслыханными,1.7164618760242666e-05
неприступная,1.7164618760242666e-05
дуги,1.7164618760242666e-05
оттепелями,1.7164618760242666e-05
узаконенной,1.7164618760242666e-05
выдерживает,1.7164618760242666e-05
оседлать,1.7151427052420156e-05
прытью,1.7151427052420156e-05
трясется,1.7151427052420156e-05
гадов,1.715014009691955e-05
темноты,1.715014009691955e-05
тигров,1.715014009691955e-05
медведей,1.715014009691955e-05
шаров,1.715014009691955e-05
знамений,1.715014009691955e-05
рыкающих,1.715014009691955e-05
ядовитых,1.715014009691955e-05
саранча,1.715014009691955e-05
небесных,1.715014009691955e-05
водится,1.715014009691955e-05
ревущих,1.715014009691955e-05
залетает,1.715014009691955e-05
отпер,1.71179972731953e-05
пробрался,1.71179972731953e-05
скважине,1.71179972731953e-05
замочной,1.71179972731953e-05
любящихся,1.7116431029749328e-05
найдена,1.7116431029749328e-05
скалу,1.7115252258391497e-05
орла,1.7115252258391497e-05
взмахнет,1.7115252258391497e-05
полоненная,1.7115252258391497e-05
сильная,1.7115252258391497e-05
зоркая,1.7115252258391497e-05
запросят,1.7115252258391497e-05
ринется,1.7115252258391497e-05
слабыми,1.7115252258391497e-05
устоят,1.7115252258391497e-05
угаснет,1.7115252258391497e-05
зорче,1.7115252258391497e-05
дописывать,1.71096339503573e-05
прикажет,1.71096339503573e-05
задремлет,1.71096339503573e-05
разлюбил,1.71096339503573e-05
вытолкай,1.7107720445880668e-05
покачивай,1.7107720445880668e-05
пропусти,1.7107720445880668e-05
сперва,1.7107720445880668e-05
гостям,1.7107720445880668e-05
булавой,1.7107720445880668e-05
зарычи,1.7107720445880668e-05
хорошим,1.7107720445880668e-05
уловит,1.7077968743421655e-05
штрих,1.7077968743421655e-05
несомненный,1.7077968743421655e-05
любим,1.7077968743421655e-05
подбирался,1.7077968743421655e-05
заметное,1.7077968743421655e-05
примирится,1.706140449878407e-05
семейною,1.706140449878407e-05
превратится,1.706140449878407e-05
путая,1.706140449878407e-05
связей,1.706140449878407e-05
домоседа,1.706140449878407e-05
расчетов,1.706140449878407e-05
браке,1.706140449878407e-05
туриста,1.706140449878407e-05
внутреннею,1.706140449878407e-05
внешняя,1.706140449878407e-05
негоцианта,1.706140449878407e-05
неутомимая,1.706140449878407e-05
жерди,1.705282695110954e-05
повалило,1.705282695110954e-05
простоял,1.705282695110954e-05
садовнику,1.705282695110954e-05
гуляя,1.705282695110954e-05
распорядительности,1.705282695110954e-05
охая,1.705282695110954e-05
разнородной,1.704139712890932e-05
зелененькими,1.704139712890932e-05
детскими,1.704139712890932e-05
маскарада,1.704139712890932e-05
типы,1.704139712890932e-05
глазками,1.704139712890932e-05
княгини,1.704139712890932e-05
продала,1.7034332426569138e-05
ежедневном,1.7034332426569138e-05
воскресеньям,1.7034332426569138e-05
косынкой,1.7034332426569138e-05
ситцевом,1.7034332426569138e-05
прикрывала,1.7034332426569138e-05
тянулась,1.7034332426569138e-05
перебивалась,1.7034332426569138e-05
затасканной,1.7034332426569138e-05
выпадал,1.703399075514481e-05
коленям,1.703399075514481e-05
клонилась,1.703399075514481e-05
теряла,1.703399075514481e-05
испускала,1.703399075514481e-05
бессильного,1.7027483630085213e-05
отыскивая,1.7027483630085213e-05
чахнет,1.7027483630085213e-05
угадывая,1.7027483630085213e-05
толстеет,1.7027483630085213e-05
любящего,1.7027483630085213e-05
пылает,1.701468661247264e-05
полудне,1.701468661247264e-05
гаснет,1.701468661247264e-05
ярком,1.701468661247264e-05
четвертаки,1.7002771326301608e-05
подрядами,1.7002771326301608e-05
приносят,1.7002771326301608e-05
полтинники,1.7002771326301608e-05
сундучок,1.7002771326301608e-05
поклонами,1.7002771326301608e-05
наполняя,1.7002771326301608e-05
спрятанный,1.7002771326301608e-05
забрезжилось,1.6997402082924834e-05
педантизмом,1.699683482667381e-05
пошлостью,1.699683482667381e-05
оскорблялась,1.699683482667381e-05
отсталостью,1.699683482667381e-05
ревновала,1.699683482667381e-05
париком,1.699683482667381e-05
журнальной,1.699683482667381e-05
статье,1.699683482667381e-05
бранила,1.699683482667381e-05
непоказанной,1.699683482667381e-05
просияла,1.6994036610054188e-05
вложил,1.6994036610054188e-05
осмыслилась,1.6994036610054188e-05
проиграла,1.6994036610054188e-05
засветилось,1.6994036610054188e-05
подозрительным,1.6985767498504005e-05
влезли,1.6985767498504005e-05
мышонка,1.6985767498504005e-05
своротит,1.6985767498504005e-05
закроет,1.6985767498504005e-05
свойственная,1.6985767498504005e-05
нужде,1.697763644401283e-05
определительно,1.697763644401283e-05
записках,1.697763644401283e-05
нехоть,1.69750948512626e-05
накладет,1.69750948512626e-05
выздоравливая,1.69750948512626e-05
цикория,1.69750948512626e-05
упорный,1.6960803967252276e-05
утрам,1.6960803967252276e-05
бочонок,1.6960803967252276e-05
полощет,1.6960803967252276e-05
везет,1.6960803967252276e-05
колесах,1.6960803967252276e-05
рубит,1.6960803967252276e-05
присутствовать,1.6957213153801654e-05
шестнадцатилетний,1.6957213153801654e-05
присутствовал,1.6957213153801654e-05
земском,1.6957213153801654e-05
тонкости,1.6957213153801654e-05
забывать,1.6957213153801654e-05
пирушках,1.6957213153801654e-05
чести,1.6957213153801654e-05
планами,1.695192027884146e-05
очищений,1.695192027884146e-05
женское,1.695192027884146e-05
объявлял,1.695192027884146e-05
печкой,1.695192027884146e-05
невысказанном,1.6938271666179233e-05
улыбающегося,1.6938271666179233e-05
участии,1.6938271666179233e-05
запахе,1.6938271666179233e-05
носилась,1.6938271666179233e-05
легкого,1.6938271666179233e-05
доверял,1.6938271666179233e-05
сиреневой,1.6938271666179233e-05
притащит,1.6920728976302164e-05
переменит,1.6920728976302164e-05
выпачканного,1.6920728976302164e-05
растрепанного,1.6920728976302164e-05
рыбаками,1.6920728976302164e-05
обмоет,1.6920728976302164e-05
заснувши,1.6920728976302164e-05
неузнаваемого,1.6920728976302164e-05
чистеньким,1.6920728976302164e-05
благовоспитанным,1.6920728976302164e-05
неводу,1.6920728976302164e-05
привезут,1.6920728976302164e-05
сажал,1.690491098938393e-05
фабрику,1.690491098938393e-05
подрос,1.690491098938393e-05
лизнет,1.690491098938393e-05
купцам,1.690491098938393e-05
рессорную,1.690491098938393e-05
вожжи,1.690491098938393e-05
объяснит,1.690491098938393e-05
бурных,1.6890833726658684e-05
медленное,1.6890833726658684e-05
скачков,1.6890833726658684e-05
горение,1.6890833726658684e-05
возраста,1.6890833726658684e-05
пылала,1.6890833726658684e-05
сосуд,1.6890833726658684e-05
пролив,1.6890833726658684e-05
тверезый,1.6870044275612578e-05
ярмарке,1.6870044275612578e-05
стянул,1.6870044275612578e-05
сей,1.6870044275612578e-05
белильню,1.6870044275612578e-05
сушильню,1.6870044275612578e-05
согнать,1.68664979990518e-05
основным,1.68664979990518e-05
помрачался,1.68664979990518e-05
господствующим,1.68664979990518e-05
обрубила,1.6864455889494527e-05
глобус,1.6864455889494527e-05
обрубленный,1.6864455889494527e-05
запомнил,1.6864455889494527e-05
мучить,1.6859686574102485e-05
уязвлять,1.6859686574102485e-05
насмешками,1.6859686574102485e-05
лежаньем,1.6859686574102485e-05
неловкостью,1.6859686574102485e-05
переносил,1.684297420400987e-05
вешал,1.684297420400987e-05
скорбь,1.684297420400987e-05
гвоздь,1.684297420400987e-05
длилась,1.684297420400987e-05
поминали,1.6837932868424616e-05
плакались,1.6837932868424616e-05
покроюсь,1.6837932868424616e-05
потерпели,1.6837932868424616e-05
позавидовали,1.6837932868424616e-05
пень,1.6837932868424616e-05
господу,1.6837932868424616e-05
молились,1.6837932868424616e-05
возобновляет,1.6835923193605672e-05
неожиданная,1.6835923193605672e-05
размышляет,1.6835923193605672e-05
дополняет,1.6835923193605672e-05
придуманное,1.6835923193605672e-05
неутомимо,1.6835923193605672e-05
изменяет,1.6835923193605672e-05
слышатся,1.6825279124904043e-05
праздная,1.6825279124904043e-05
царица,1.6825279124904043e-05
малютки,1.6825279124904043e-05
вешаются,1.6825279124904043e-05
лягнул,1.6809119214879563e-05
подскочит,1.6809119214879563e-05
удержал,1.6809119214879563e-05
наметался,1.6809119214879563e-05
сконфузит,1.6809119214879563e-05
урони,1.6809119214879563e-05
практики,1.6809119214879563e-05
долговременной,1.6809119214879563e-05
затворить,1.6809119214879563e-05
испечет,1.6797740312630302e-05
завязанными,1.6797740312630302e-05
бабушки,1.6797740312630302e-05
злодеев,1.6797740312630302e-05
пирожка,1.6797740312630302e-05
чужом,1.6797740312630302e-05
золотухой,1.6797740312630302e-05
шелковом,1.6782729915277352e-05
изящных,1.6782729915277352e-05
кружевных,1.6782729915277352e-05
воротничках,1.6782729915277352e-05
кокетливо,1.6782729915277352e-05
прибраны,1.6782729915277352e-05
приличной,1.6782729915277352e-05
свежему,1.6782729915277352e-05
пятидесятилетнему,1.6782729915277352e-05
чепец,1.6782729915277352e-05
медведя,1.677926928015328e-05
прядет,1.677926928015328e-05
липовая,1.677926928015328e-05
шкуре,1.677926928015328e-05
шерстку,1.677926928015328e-05
тихие,1.677317814157298e-05
доживает,1.677317814157298e-05
корыта,1.677317814157298e-05
конуре,1.677317814157298e-05
исполняя,1.677317814157298e-05
распоряжается,1.677317814157298e-05
пользовалась,1.6768546305774377e-05
прежними,1.6768546305774377e-05
насмешливого,1.6768546305774377e-05
находила,1.6768546305774377e-05
морально,1.6768546305774377e-05
отъезд,1.6768546305774377e-05
физически,1.6768546305774377e-05
невозможен,1.6768546305774377e-05
остроумного,1.6768546305774377e-05
небывалых,1.6764972910400796e-05
выпытала,1.6764972910400796e-05
взрослыми,1.6763816180152857e-05
одевают,1.6763816180152857e-05
волшебной,1.6763816180152857e-05
сохраняет,1.6763816180152857e-05
вред,1.6763816180152857e-05
гущей,1.6753979650681486e-05
пенки,1.6753979650681486e-05
усядется,1.6753979650681486e-05
уварился,1.6753979650681486e-05
сливках,1.6753979650681486e-05
ложечки,1.6753979650681486e-05
перельет,1.6753979650681486e-05
прицеливается,1.6753979650681486e-05
отстоялся,1.6753979650681486e-05
поддержания,1.674107978712409e-05
отслужив,1.674107978712409e-05
произведен,1.674107978712409e-05
старинной,1.674107978712409e-05
дядьки,1.674107978712409e-05
аристократическою,1.674107978712409e-05
принадлежностью,1.674107978712409e-05
назначенною,1.674107978712409e-05
лакейскую,1.674107978712409e-05
запахом,1.6717149282111313e-05
лавром,1.6717149282111313e-05
жгучих,1.6717149282111313e-05
напоенного,1.6717149282111313e-05
безоблачного,1.6717149282111313e-05
сосны,1.6717149282111313e-05
лимоном,1.6717149282111313e-05
сухого,1.6717149282111313e-05
палящих,1.6717149282111313e-05
полыни,1.6717149282111313e-05
черемухи,1.6717149282111313e-05
послушаешь,1.6691380532894458e-05
оглядывание,1.6691380532894458e-05
закружится,1.6691380532894458e-05
одуреешь,1.6691380532894458e-05
пересуды,1.6691380532894458e-05
перебиванья,1.6691380532894458e-05
щелчки,1.6691380532894458e-05
мигрень,1.6672970575947336e-05
смолкнет,1.6672970575947336e-05
окаменеет,1.6672970575947336e-05
сошлется,1.6672970575947336e-05
отчаянием,1.6672970575947336e-05
ласк,1.6672970575947336e-05
колыбелью,1.6672970575947336e-05
биению,1.666585356595071e-05
просыпаешься,1.666585356595071e-05
ощупал,1.666585356595071e-05
увеличилась,1.666585356595071e-05
стука,1.666585356595071e-05
каплю,1.666585356595071e-05
анализ,1.666585356595071e-05
серых,1.666585356595071e-05
немым,1.6658598154416703e-05
признавалось,1.6658598154416703e-05
ходило,1.6658598154416703e-05
пристальным,1.6658598154416703e-05
угадывало,1.6658598154416703e-05
видело,1.6658598154416703e-05
ивановны,1.664633449502011e-05
стенные,1.664633449502011e-05
футляре,1.664633449502011e-05
игнатьевны,1.664633449502011e-05
постукивают,1.664633449502011e-05
пелагеи,1.664633449502011e-05
нитка,1.664633449502011e-05
настасьи,1.664633449502011e-05
порванная,1.664633449502011e-05
тяжелых,1.664633449502011e-05
томов,1.6644804442307887e-05
библиотека,1.6644804442307887e-05
истин,1.6644804442307887e-05
эпох,1.6644804442307887e-05
математических,1.6644804442307887e-05
положений,1.6644804442307887e-05
задач,1.6644804442307887e-05
частям,1.6644804442307887e-05
цифр,1.6644804442307887e-05
состоящая,1.6644804442307887e-05
связанных,1.6644804442307887e-05
разрозненных,1.6644804442307887e-05
религий,1.6644804442307887e-05
беспечное,1.6620028512284388e-05
обживаясь,1.6620028512284388e-05
широкое,1.6620028512284388e-05
рисовало,1.6620028512284388e-05
осуществился,1.6620028512284388e-05
происшествие,1.6615802671079145e-05
единогласно,1.6615802671079145e-05
обозу,1.6615802671079145e-05
приписанное,1.6615802671079145e-05
преступлений,1.6615802671079145e-05
моркови,1.6615802671079145e-05
кража,1.6615802671079145e-05
возмутившее,1.6615802671079145e-05
поросенка,1.6615802671079145e-05
гороху,1.6615802671079145e-05
проходившему,1.6615802671079145e-05
бочки,1.6607993188637336e-05
полен,1.6607993188637336e-05
кирпичей,1.6607993188637336e-05
трогали,1.6607993188637336e-05
досок,1.6607993188637336e-05
пауки,1.6607993188637336e-05
веника,1.6607993188637336e-05
днища,1.6607993188637336e-05
объяснял,1.6607993188637336e-05
сует,1.6607993188637336e-05
проча,1.660643568025305e-05
автором,1.6591615642379877e-05
животрепещущей,1.6591615642379877e-05
взяточников,1.6591615642379877e-05
созваны,1.6591615642379877e-05
поразительной,1.6591615642379877e-05
разобраны,1.6591615642379877e-05
француженки,1.6591615642379877e-05
вельможа,1.6591615642379877e-05
отрывки,1.6591615642379877e-05
чухонки,1.6591615642379877e-05
обманывающих,1.6591615642379877e-05
порочный,1.6591615642379877e-05
разряды,1.6591615642379877e-05
немки,1.6591615642379877e-05
велик,1.6591615642379877e-05
громкими,1.6582642019775744e-05
созерцании,1.6582642019775744e-05
семейной,1.6582642019775744e-05
текло,1.6582642019775744e-05
доискивался,1.6582642019775744e-05
капле,1.6582642019775744e-05
немом,1.6582642019775744e-05
ползущих,1.6582642019775744e-05
свежем,1.6575426908870173e-05
переживала,1.6575426908870173e-05
сверкала,1.6575426908870173e-05
серебристо,1.6575426908870173e-05
зрелой,1.6575426908870173e-05
мгновенный,1.6575426908870173e-05
далекую,1.6575426908870173e-05
потрет,1.6564013186543643e-05
белый,1.6564013186543643e-05
хребту,1.6564013186543643e-05
вычищены,1.6564013186543643e-05
сбрую,1.6564013186543643e-05
копыта,1.6564013186543643e-05
передумано,1.656206298448622e-05
блаженствуют,1.656206298448622e-05
переговорено,1.656206298448622e-05
заслуженном,1.656206298448622e-05
томясь,1.656206298448622e-05
тупую,1.656206298448622e-05
переделано,1.656206298448622e-05
впадая,1.656206298448622e-05
трижды,1.656206298448622e-05
сходясь,1.656206298448622e-05
блаженствовать,1.656206298448622e-05
затишьев,1.656206298448622e-05
солнечным,1.655160836430674e-05
приюта,1.655160836430674e-05
казенное,1.655160836430674e-05
мешавшее,1.655160836430674e-05
улица,1.655160836430674e-05
обстроилась,1.655160836430674e-05
возвышалось,1.655160836430674e-05
дачами,1.655160836430674e-05
ведущая,1.655160836430674e-05
лучам,1.655160836430674e-05
каменное,1.655160836430674e-05
старинный,1.6525585801790714e-05
тосковал,1.6525585801790714e-05
дотла,1.6525585801790714e-05
съестным,1.6525585801790714e-05
выдрессированная,1.6525585801790714e-05
поручат,1.6525585801790714e-05
охотничья,1.6525585801790714e-05
поручают,1.6525585801790714e-05
неожиданную,1.652547296099392e-05
внес,1.652547296099392e-05
пустило,1.652547296099392e-05
доверяя,1.6521374393189346e-05
загадок,1.6521374393189346e-05
расстройства,1.6521374393189346e-05
состарилась,1.6521374393189346e-05
высказываясь,1.6521374393189346e-05
опричь,1.6508033449097945e-05
слезно,1.6508033449097945e-05
средствие,1.6508033449097945e-05
благим,1.6508033449097945e-05
матом,1.6508033449097945e-05
дворам,1.6508033449097945e-05
старинными,1.6499849887206102e-05
креслом,1.6499849887206102e-05
снится,1.6499849887206102e-05
обитым,1.6499849887206102e-05
покрытыми,1.6499849887206102e-05
ясеневыми,1.6499849887206102e-05
барканом,1.6499849887206102e-05
полинялым,1.6499849887206102e-05
диваном,1.6499849887206102e-05
голубым,1.6499849887206102e-05
неуклюжим,1.6499849887206102e-05
импровизирует,1.6478950485163748e-05
ведрами,1.6478950485163748e-05
кувшинами,1.6478950485163748e-05
распознать,1.6478950485163748e-05
заунывную,1.6478950485163748e-05
корытами,1.6478950485163748e-05
веретена,1.6478950485163748e-05
негреющим,1.6475828910222045e-05
фальшивым,1.6475828910222045e-05
доказать,1.6475828910222045e-05
недочитанная,1.647271117166066e-05
произведении,1.647271117166066e-05
позыв,1.647271117166066e-05
апатически,1.647271117166066e-05
замечательном,1.647271117166066e-05
формироваться,1.647271117166066e-05
непонятая,1.647271117166066e-05
разнохарактерный,1.64679154300274e-05
начертанной,1.64679154300274e-05
отводило,1.64679154300274e-05
узоры,1.64679154300274e-05
песнями,1.64679154300274e-05
таблицы,1.64679154300274e-05
отцами,1.6447004900904695e-05
играх,1.6447004900904695e-05
московских,1.6447004900904695e-05
деревенскими,1.6447004900904695e-05
университетской,1.6447004900904695e-05
базарах,1.6447004900904695e-05
природная,1.6447004900904695e-05
православную,1.6447004900904695e-05
аудитории,1.6447004900904695e-05
исповедовал,1.6447004900904695e-05
пожаре,1.6440469903570382e-05
создана,1.6440469903570382e-05
сложилась,1.6440469903570382e-05
предназначена,1.6440469903570382e-05
утопает,1.6440469903570382e-05
выразить,1.6440469903570382e-05
временных,1.6440469903570382e-05
вкусит,1.6440469903570382e-05
вечернее,1.6440469903570382e-05
идеально,1.6440469903570382e-05
стон,1.642424509127666e-05
валов,1.642424509127666e-05
неразгаданного,1.642424509127666e-05
бешеные,1.642424509127666e-05
жалобы,1.642424509127666e-05
мрачного,1.642424509127666e-05
обреченного,1.642424509127666e-05
раскаты,1.642424509127666e-05
пронзительные,1.642424509127666e-05
нежат,1.642424509127666e-05
твердят,1.642424509127666e-05
падающие,1.6384764903725978e-05
севшей,1.6384451156540255e-05
набок,1.6384451156540255e-05
покривившимися,1.6384451156540255e-05
запущенным,1.6384451156540255e-05
садом,1.6384451156540255e-05
пристройками,1.6384451156540255e-05
надстройками,1.6384451156540255e-05
шатающимся,1.6384451156540255e-05
обежал,1.6384451156540255e-05
зеленый,1.6384451156540255e-05
середине,1.6384451156540255e-05
родительский,1.6384451156540255e-05
мох,1.6384451156540255e-05
засевались,1.6380909758436475e-05
дедушке,1.6380909758436475e-05
земель,1.6380909758436475e-05
затеями,1.6380909758436475e-05
полевых,1.6380909758436475e-05
источники,1.6380909758436475e-05
нынешние,1.6380909758436475e-05
мудрил,1.6380909758436475e-05
собиралась,1.6374312824961853e-05
повелительным,1.6374312824961853e-05
разбитою,1.6374312824961853e-05
оказывалась,1.6374312824961853e-05
кивал,1.6374312824961853e-05
сопровождаемая,1.6374312824961853e-05
оказывалось,1.6374312824961853e-05
прогуляться,1.6373552730289497e-05
чтении,1.6373552730289497e-05
назначенную,1.6373552730289497e-05
грамматику,1.637260693210936e-05
познания,1.637260693210936e-05
присутственных,1.637260693210936e-05
огромное,1.637260693210936e-05
латынскую,1.637260693210936e-05
способный,1.637260693210936e-05
преимущество,1.637260693210936e-05
поколением,1.637260693210936e-05
синтаксис,1.637260693210936e-05
диванам,1.635844989775372e-05
девочкой,1.635844989775372e-05
потрепать,1.635844989775372e-05
эполеты,1.635844989775372e-05
оробеет,1.635844989775372e-05
стульям,1.635844989775372e-05
повертеться,1.635844989775372e-05
цветникам,1.6350699789119316e-05
дубовые,1.6350699789119316e-05
яблони,1.6350699789119316e-05
акации,1.6350699789119316e-05
отложив,1.6350699789119316e-05
оранжереям,1.6350699789119316e-05
груши,1.6350699789119316e-05
липовые,1.6350699789119316e-05
издержкам,1.6350699789119316e-05
сделав,1.6350699789119316e-05
летнее,1.6341566144555175e-05
закатившееся,1.6341566144555175e-05
возвращении,1.6341566144555175e-05
гармонировало,1.6319142134611095e-05
существом,1.6319142134611095e-05
созданным,1.6319142134611095e-05
артистически,1.6319142134611095e-05
высокому,1.6319142134611095e-05
овал,1.6319142134611095e-05
рассеянный,1.6319142134611095e-05
величине,1.6319142134611095e-05
величина,1.6319142134611095e-05
станом,1.6319142134611095e-05
напоминавших,1.6309361097302022e-05
слабые,1.6309361097302022e-05
отжившее,1.6309361097302022e-05
сохранившихся,1.6309361097302022e-05
капризах,1.6309361097302022e-05
признаках,1.6309361097302022e-05
величие,1.6309361097302022e-05
уважал,1.6309361097302022e-05
патентованных,1.627972666669234e-05
умея,1.627972666669234e-05
бюргерские,1.627972666669234e-05
самостоятельности,1.627972666669234e-05
нацию,1.627972666669234e-05
тысячелетием,1.627972666669234e-05
выработанные,1.627972666669234e-05
кичливости,1.627972666669234e-05
масса,1.627972666669234e-05
рога,1.627972666669234e-05
нетерпеливого,1.6277188308248352e-05
тополевую,1.6277188308248352e-05
блещущим,1.6277188308248352e-05
спускалась,1.6277188308248352e-05
великолепный,1.6277188308248352e-05
караулила,1.6277188308248352e-05
кирпича,1.627533530247515e-05
благословясь,1.627533530247515e-05
открытием,1.627533530247515e-05
старосте,1.627533530247515e-05
губернским,1.627533530247515e-05
определив,1.627533530247515e-05
распорядился,1.627533530247515e-05
стройку,1.627533530247515e-05
возить,1.627533530247515e-05
приказ,1.627533530247515e-05
мелькают,1.6273016439780105e-05
обыкновенные,1.6273016439780105e-05
поклонения,1.6273016439780105e-05
узнавал,1.6273016439780105e-05
недоумевал,1.6273016439780105e-05
летучих,1.6273016439780105e-05
уроков,1.6273016439780105e-05
уходят,1.6273016439780105e-05
перекрестился,1.6272046868116704e-05
сонную,1.627158871248204e-05
насмешливой,1.627158871248204e-05
симпатичной,1.627158871248204e-05
повеселеет,1.627158871248204e-05
градусов,1.627158871248204e-05
выпутывался,1.622532069461751e-05
нянчась,1.622532069461751e-05
закаливая,1.622532069461751e-05
мужественности,1.622532069461751e-05
поглощен,1.622532069461751e-05
мыслитель,1.622532069461751e-05
изворотов,1.622532069461751e-05
крепчал,1.622532069461751e-05
разумное,1.622532069461751e-05
опытах,1.622532069461751e-05
неумолкающей,1.622532069461751e-05
художник,1.622532069461751e-05
ткал,1.622532069461751e-05
доить,1.6220386601399406e-05
засуетятся,1.6220386601399406e-05
корову,1.6220386601399406e-05
дворик,1.6220386601399406e-05
идиллией,1.6220386601399406e-05
охвачен,1.6220386601399406e-05
заливаясь,1.6220386601399406e-05
торгуют,1.620596450636487e-05
обмеривают,1.620596450636487e-05
праведная,1.620596450636487e-05
безнравственны,1.620596450636487e-05
выступают,1.620596450636487e-05
гнилью,1.620596450636487e-05
fatum,1.620596450636487e-05
обвешивают,1.620596450636487e-05
кара,1.620596450636487e-05
трагиков,1.620596450636487e-05
проложил,1.620059675081784e-05
чулков,1.6170233171115875e-05
заштопать,1.6170233171115875e-05
нештопаных,1.6170233171115875e-05
тетеньки,1.6170233171115875e-05
готовят,1.6170233171115875e-05
ввергался,1.6141973400771344e-05
причуды,1.6141973400771344e-05
крым,1.6141973400771344e-05
предвиделось,1.6141973400771344e-05
отлучался,1.6141973400771344e-05
вытаскивать,1.6141973400771344e-05
одиночество,1.6141973400771344e-05
необыкновенное,1.6141973400771344e-05
выходящее,1.6141973400771344e-05
колесо,1.6130372259924593e-05
гореть,1.6130372259924593e-05
натуру,1.6130372259924593e-05
насиловать,1.6130372259924593e-05
покрыла,1.612229384322948e-05
вдесятеро,1.612229384322948e-05
бочка,1.612229384322948e-05
двинулась,1.612229384322948e-05
шагнула,1.612229384322948e-05
распугала,1.6100539973720998e-05
отчаянным,1.6100539973720998e-05
кудахтаньем,1.6100539973720998e-05
стукнула,1.6100539973720998e-05
черная,1.6100539973720998e-05
дышлом,1.6100539973720998e-05
морды,1.6100539973720998e-05
вымыться,1.60483201291319e-05
покурить,1.60483201291319e-05
растеряли,1.60483201291319e-05
переломали,1.60483201291319e-05
выпачкался,1.60483201291319e-05
вкралась,1.6046463802718703e-05
применилась,1.6046463802718703e-05
мелочам,1.6046463802718703e-05
созданная,1.6046463802718703e-05
миновав,1.6046463802718703e-05
приятельские,1.6046463802718703e-05
собакам,1.6045968479077225e-05
отпускала,1.6045968479077225e-05
пользовавшееся,1.6045968479077225e-05
дурною,1.6045968479077225e-05
подтверждением,1.6045968479077225e-05
репутацией,1.6045968479077225e-05
козлу,1.6045968479077225e-05
приласкав,1.6045968479077225e-05
лошадям,1.6045968479077225e-05
околотке,1.6045968479077225e-05
допускать,1.6045968479077225e-05
наличности,1.6043297908204536e-05
имеется,1.6043297908204536e-05
претензия,1.6043297908204536e-05
предвидится,1.6043297908204536e-05
наступлением,1.6043297908204536e-05
подан,1.6043297908204536e-05
публичную,1.6043297908204536e-05
покрыта,1.6043297908204536e-05
зажмурил,1.600535498998189e-05
прибегал,1.600535498998189e-05
мертв,1.600535498998189e-05
вулкана,1.600535498998189e-05
кратер,1.600535498998189e-05
восстали,1.600535498998189e-05
дрожа,1.600535498998189e-05
неподвижность,1.6000954685438464e-05
массы,1.6000954685438464e-05
водяной,1.6000954685438464e-05
заметном,1.6000954685438464e-05
отрадного,1.6000954685438464e-05
хоронит,1.6000954685438464e-05
спящую,1.6000954685438464e-05
необъятную,1.6000954685438464e-05
издевается,1.6000954685438464e-05
колебании,1.6000954685438464e-05
аккорда,1.5979725927663247e-05
искренним,1.5979725927663247e-05
чувстве,1.5979725927663247e-05
умным,1.5979725927663247e-05
переулке,1.596863566712812e-05
возвращаясь,1.596863566712812e-05
мятой,1.59480006485549e-05
бузиной,1.59480006485549e-05
малиной,1.59480006485549e-05
возблагодарили,1.59480006485549e-05
продержали,1.59480006485549e-05
готовое,1.592304732055272e-05
осыпает,1.592304732055272e-05
волшебница,1.592304732055272e-05
красавице,1.592304732055272e-05
безобидного,1.592304732055272e-05
неслыханной,1.592304732055272e-05
любимца,1.592304732055272e-05
наряжается,1.592304732055272e-05
обижают,1.592304732055272e-05
щуки,1.592304732055272e-05
являющаяся,1.592304732055272e-05
свойственную,1.58765361842457e-05
ценя,1.58765361842457e-05
разнился,1.58765361842457e-05
расположения,1.58765361842457e-05
современными,1.58765361842457e-05
питая,1.58765361842457e-05
родственного,1.58765361842457e-05
филиппики,1.587547859792962e-05
красноречивое,1.587547859792962e-05
отсутствующему,1.587547859792962e-05
подметишь,1.587547859792962e-05
обещанием,1.587547859792962e-05
сенатского,1.587547859792962e-05
пеной,1.587547859792962e-05
брошенного,1.587547859792962e-05
подсказанное,1.5863562742124594e-05
хватает,1.5863562742124594e-05
мелькнуть,1.5863562742124594e-05
прибирает,1.5863562742124594e-05
выскажется,1.5863562742124594e-05
выбирает,1.5863562742124594e-05
двигая,1.5827070063777137e-05
энергически,1.5827070063777137e-05
гаванской,1.5827070063777137e-05
ерань,1.5827070063777137e-05
приносимые,1.5827070063777137e-05
гиацинты,1.5827070063777137e-05
комнатке,1.5827070063777137e-05
изливали,1.5827070063777137e-05
мешавшийся,1.5827070063777137e-05
ванили,1.5827070063777137e-05
склоняла,1.5822848633099782e-05
ловкость,1.5822848633099782e-05
отвагу,1.5822848633099782e-05
артист,1.5822848633099782e-05
дюжинная,1.5822848633099782e-05
прославленный,1.5822848633099782e-05
смирялась,1.5822848633099782e-05
пощекотать,1.5822848633099782e-05
выскочки,1.5799419636166774e-05
сложенного,1.5799419636166774e-05
мерещился,1.5799419636166774e-05
сыне,1.5799419636166774e-05
границею,1.5799419636166774e-05
беленького,1.5799419636166774e-05
дворянки,1.5799419636166774e-05
нагляделась,1.5799419636166774e-05
заслонялось,1.5763454141583265e-05
умалялось,1.5763454141583265e-05
выказывал,1.5763454141583265e-05
злословил,1.5763454141583265e-05
грубоват,1.5763454141583265e-05
фамильярен,1.5763454141583265e-05
сердился,1.5763454141583265e-05
собственно,1.5763454141583265e-05
подобострастия,1.5763454141583265e-05
родственное,1.5763454141583265e-05
работ,1.5757069099372273e-05
разбор,1.5757069099372273e-05
минует,1.5757069099372273e-05
жнитво,1.5757069099372273e-05
заседание,1.5757069099372273e-05
приказчика,1.5757069099372273e-05
дворянские,1.5757069099372273e-05
проведение,1.5757069099372273e-05
недоумения,1.5752570166426463e-05
рокового,1.5752570166426463e-05
гнетом,1.5752570166426463e-05
фальшивом,1.5752570166426463e-05
тряслись,1.5745204920707575e-05
напоказ,1.5745204920707575e-05
толстоваты,1.5745204920707575e-05
выставлять,1.5745204920707575e-05
объясняясь,1.5745204920707575e-05
красноваты,1.5745204920707575e-05
голосят,1.5737854481828005e-05
проползет,1.5737854481828005e-05
босоногих,1.5737854481828005e-05
притихли,1.5737854481828005e-05
шапка,1.5737854481828005e-05
серпами,1.5737854481828005e-05
воз,1.5737854481828005e-05
завидели,1.5737854481828005e-05
косами,1.5737854481828005e-05
съездит,1.5730507120666047e-05
выдержит,1.5730507120666047e-05
распоряжения,1.5730507120666047e-05
нужные,1.5730507120666047e-05
оживет,1.5730507120666047e-05
помогал,1.5730199050485055e-05
тяжелы,1.5730199050485055e-05
выработать,1.5730199050485055e-05
тонуло,1.5730199050485055e-05
покорять,1.5730199050485055e-05
мужества,1.5730199050485055e-05
молоды,1.5730199050485055e-05
щадила,1.5730199050485055e-05
разработывания,1.5702236961912857e-05
артистической,1.5702236961912857e-05
слаще,1.5702236961912857e-05
источников,1.5702236961912857e-05
художников,1.5702236961912857e-05
неистощимых,1.5702236961912857e-05
замеченной,1.5686503172887896e-05
суетливой,1.5686503172887896e-05
смущена,1.5686503172887896e-05
кухарки,1.5686503172887896e-05
главной,1.5686503172887896e-05
ревностью,1.5686503172887896e-05
внесла,1.5686503172887896e-05
неуместною,1.5686503172887896e-05
протертые,1.566839908669302e-05
скольку,1.566839908669302e-05
сосчитала,1.566839908669302e-05
скучен,1.566839908669302e-05
указанием,1.566315006532671e-05
схватывается,1.566315006532671e-05
описанная,1.566315006532671e-05
неизгладимым,1.566315006532671e-05
линия,1.566315006532671e-05
неизъяснимо,1.566315006532671e-05
кривая,1.566315006532671e-05
постепенное,1.5618014339962657e-05
трещина,1.5618014339962657e-05
постоянное,1.5618014339962657e-05
сырость,1.5618014339962657e-05
спертый,1.5618014339962657e-05
губительнее,1.5618014339962657e-05
переполнять,1.5618014339962657e-05
ночная,1.5618014339962657e-05
самоубийство,1.5618014339962657e-05
пугала,1.5618014339962657e-05
гадая,1.560676599530305e-05
пренебрегал,1.560676599530305e-05
меткое,1.560676599530305e-05
восприимчивый,1.560676599530305e-05
наблюдение,1.560676599530305e-05
забрасывал,1.560676599530305e-05
смелую,1.560676599530305e-05
подающим,1.560676599530305e-05
небрежные,1.560676599530305e-05
назначением,1.560063408604565e-05
человеческой,1.560063408604565e-05
назначении,1.560063408604565e-05
пугливо,1.560063408604565e-05
внезапным,1.560063408604565e-05
возникло,1.560063408604565e-05
беспорядочно,1.560063408604565e-05
носились,1.560063408604565e-05
пробужденные,1.560063408604565e-05
наболело,1.5596418635141392e-05
истерзан,1.5596418635141392e-05
пропадающих,1.5596418635141392e-05
напугано,1.5596418635141392e-05
потрясен,1.5596418635141392e-05
ужасами,1.5596418635141392e-05
ожиданий,1.5596418635141392e-05
временного,1.5596418635141392e-05
сбывающихся,1.5596418635141392e-05
невыторгованный,1.5587517234142515e-05
некрепкий,1.5587517234142515e-05
подгорелое,1.5587517234142515e-05
язвительного,1.5587517234142515e-05
истраченный,1.5587517234142515e-05
накрахмаленные,1.5587517234142515e-05
невестка,1.5587517234142515e-05
рассердится,1.5587517234142515e-05
несвежую,1.5587517234142515e-05
проблеск,1.558065169556875e-05
вырвется,1.558065169556875e-05
первенствующей,1.558065169556875e-05
нежданный,1.558065169556875e-05
поиграть,1.558065169556875e-05
каприз,1.558065169556875e-05
толкала,1.558065169556875e-05
побожился,1.5566262452864976e-05
высчитал,1.5566262452864976e-05
предположив,1.5566262452864976e-05
припеваючи,1.5566262452864976e-05
рассчитал,1.5566262452864976e-05
заметишь,1.5539309177405227e-05
носе,1.5539309177405227e-05
заметен,1.5539309177405227e-05
оттянулось,1.5539309177405227e-05
нижняя,1.5539309177405227e-05
выцвело,1.5539309177405227e-05
вздернута,1.5539309177405227e-05
жилете,1.5531764715249892e-05
русыми,1.5531764715249892e-05
торчал,1.5531764715249892e-05
необъятно,1.5531764715249892e-05
голым,1.5531764715249892e-05
широкими,1.5531764715249892e-05
проседью,1.5531764715249892e-05
густыми,1.5531764715249892e-05
прорехою,1.5531764715249892e-05
черепом,1.5531764715249892e-05
расходились,1.550756039009998e-05
вялого,1.550756039009998e-05
жарок,1.550756039009998e-05
кончался,1.550756039009998e-05
работали,1.550756039009998e-05
уныния,1.550756039009998e-05
проводили,1.550756039009998e-05
свистнула,1.5491886363644944e-05
промежутками,1.5491886363644944e-05
незвучно,1.5491886363644944e-05
наперекор,1.5491886363644944e-05
упрямой,1.5491886363644944e-05
пошевелив,1.5491886363644944e-05
общей,1.5491886363644944e-05
ослабевало,1.5491886363644944e-05
чирикала,1.5491886363644944e-05
замолкли,1.5491886363644944e-05
встрепенулась,1.5491886363644944e-05
сценой,1.5439312500828924e-05
неистовым,1.5439312500828924e-05
визит,1.5439312500828924e-05
хлопаньем,1.5439312500828924e-05
отказом,1.5439312500828924e-05
продавца,1.5439312500828924e-05
сопровождался,1.5439312500828924e-05
скаканьем,1.5439312500828924e-05
русые,1.5431583946401635e-05
покоилась,1.5431583946401635e-05
дугообразны,1.5431583946401635e-05
полоски,1.5431583946401635e-05
тоненькими,1.5431583946401635e-05
красоту,1.5431583946401635e-05
прямые,1.5431583946401635e-05
нащипанными,1.5431583946401635e-05
ниточками,1.5431583946401635e-05
округляли,1.5431583946401635e-05
мужественность,1.5420970445555222e-05
инстинктивно,1.5420970445555222e-05
тяжкое,1.5420970445555222e-05
открывать,1.5420970445555222e-05
закалена,1.5420970445555222e-05
рождает,1.5420970445555222e-05
фабричных,1.5408858537705195e-05
басни,1.5408858537705195e-05
стихи,1.5408858537705195e-05
подводил,1.5408858537705195e-05
библейские,1.5408858537705195e-05
счетам,1.5408858537705195e-05
картой,1.5408858537705195e-05
географической,1.5408858537705195e-05
священную,1.5408858537705195e-05
гердера,1.5408858537705195e-05
подвигаясь,1.5396388566445648e-05
движет,1.5396388566445648e-05
рычага,1.5396388566445648e-05
наблюдая,1.5396388566445648e-05
неопровержимой,1.5396388566445648e-05
злоупотреблении,1.5396388566445648e-05
непонимании,1.5396388566445648e-05
выработал,1.5396388566445648e-05
безобразия,1.5396388566445648e-05
переход,1.5396388566445648e-05
затаившимся,1.5391208478034202e-05
перебегающими,1.5391208478034202e-05
платке,1.5391208478034202e-05
смыслом,1.5391208478034202e-05
темном,1.5391208478034202e-05
шерстяном,1.5391208478034202e-05
затворяет,1.5391208478034202e-05
энергии,1.5391208478034202e-05
прощаю,1.537117569176119e-05
вкопанный,1.537117569176119e-05
сержусь,1.537117569176119e-05
чув,1.537117569176119e-05
порхнула,1.537117569176119e-05
попрозорливее,1.5350336631538055e-05
пободрее,1.5350336631538055e-05
звон,1.5311992988746746e-05
дребезжащему,1.5311992988746746e-05
прислушивается,1.5311992988746746e-05
незаработанный,1.5311992988746746e-05
старческому,1.5311992988746746e-05
обетованной,1.5311992988746746e-05
достиг,1.5311992988746746e-05
толкая,1.52916713367661e-05
займутся,1.52916713367661e-05
мимолетное,1.52916713367661e-05
кончиком,1.52916713367661e-05
галка,1.52916713367661e-05
камешки,1.52916713367661e-05
наблюдатель,1.52916713367661e-05
душевного,1.5290544355633284e-05
вечных,1.5290544355633284e-05
душевным,1.5290544355633284e-05
круговорота,1.5290544355633284e-05
утопала,1.5290544355633284e-05
тревогам,1.5290544355633284e-05
принимали,1.5290544355633284e-05
мягком,1.5290544355633284e-05
сгорало,1.5290544355633284e-05
помехи,1.5290544355633284e-05
сапожной,1.5269850548916765e-05
красноватые,1.5269850548916765e-05
буфетчик,1.5269850548916765e-05
манжет,1.5269850548916765e-05
наряди,1.5269850548916765e-05
изящного,1.5269850548916765e-05
обуется,1.5269850548916765e-05
тонкую,1.5269850548916765e-05
булочник,1.5269850548916765e-05
торчат,1.5269850548916765e-05
скроен,1.5269850548916765e-05
желтые,1.5269850548916765e-05
усомниться,1.5266940814250465e-05
копна,1.5266940814250465e-05
сена,1.5266940814250465e-05
задумаются,1.5266940814250465e-05
ведьмой,1.5266940814250465e-05
ведьма,1.5266940814250465e-05
накинутся,1.5266940814250465e-05
бараном,1.5266940814250465e-05
чудесное,1.5266940814250465e-05
разгуливала,1.5266940814250465e-05
барана,1.5266940814250465e-05
терпи,1.5247798167376856e-05
переполненный,1.5247798167376856e-05
милые,1.5247798167376856e-05
вершинах,1.5247798167376856e-05
уважай,1.5247798167376856e-05
молот,1.5247798167376856e-05
родятся,1.5247798167376856e-05
грубых,1.5247798167376856e-05
своевременно,1.5247798167376856e-05
обыденной,1.5247798167376856e-05
обожанием,1.5245747860808609e-05
распахнулась,1.5245747860808609e-05
честны,1.5245747860808609e-05
серебряной,1.5245747860808609e-05
солнечных,1.5245747860808609e-05
речкой,1.5245747860808609e-05
холмами,1.5245747860808609e-05
склоняют,1.5245747860808609e-05
выпрямляя,1.5245747860808609e-05
светлая,1.5245747860808609e-05
платою,1.5243931932477324e-05
буде,1.5243931932477324e-05
условиях,1.5243931932477324e-05
противном,1.5243931932477324e-05
обязан,1.5243931932477324e-05
удовлетворить,1.5243931932477324e-05
описать,1.524059447854481e-05
красавицы,1.524059447854481e-05
сказке,1.524059447854481e-05
пером,1.524059447854481e-05
совершаются,1.524059447854481e-05
нашептывает,1.524059447854481e-05
приснилась,1.524059447854481e-05
вспыхивала,1.5211037655587226e-05
влечение,1.5211037655587226e-05
родство,1.5211037655587226e-05
таинственное,1.5211037655587226e-05
догадках,1.5211037655587226e-05
хмурилась,1.5211037655587226e-05
краской,1.5211037655587226e-05
житейские,1.5194320607349258e-05
раздраженного,1.5194320607349258e-05
временное,1.5194320607349258e-05
поиски,1.5194320607349258e-05
вопрошающей,1.5194320607349258e-05
недовольство,1.5194320607349258e-05
грани,1.5194320607349258e-05
ответов,1.5194320607349258e-05
порываются,1.5194320607349258e-05
непривычное,1.517265419575127e-05
скучном,1.517265419575127e-05
погружалась,1.517265419575127e-05
несла,1.517265419575127e-05
серьезном,1.517265419575127e-05
касалась,1.517265419575127e-05
угощал,1.5160630527733485e-05
обсудят,1.5160630527733485e-05
помыслы,1.5160630527733485e-05
влезут,1.5160630527733485e-05
переберут,1.5160630527733485e-05
побранят,1.5160630527733485e-05
неверных,1.5160630527733485e-05
пересчитают,1.5160630527733485e-05
недостойных,1.5160630527733485e-05
закулисную,1.5160630527733485e-05
случаи,1.5160630527733485e-05
сокровенные,1.5160630527733485e-05
обмакнуть,1.5158828142230536e-05
прошлогодний,1.5158828142230536e-05
жужжаньем,1.5158828142230536e-05
валялась,1.5158828142230536e-05
перьями,1.5158828142230536e-05
покрылись,1.5158828142230536e-05
страницы,1.5158828142230536e-05
развернутые,1.5158828142230536e-05
развернуты,1.5158828142230536e-05
этажерках,1.5158828142230536e-05
нумер,1.5158828142230536e-05
пожелтели,1.5158828142230536e-05
чернильницы,1.5158828142230536e-05
страстного,1.5131369371505255e-05
вырвавшихся,1.5131369371505255e-05
приобрела,1.5131369371505255e-05
дернет,1.512310223595087e-05
постлан,1.512310223595087e-05
колокольчика,1.512310223595087e-05
ступеньках,1.512310223595087e-05
коврик,1.512310223595087e-05
усыпанной,1.512310223595087e-05
вычищенную,1.512310223595087e-05
заморскую,1.5117982934686523e-05
челках,1.5117982934686523e-05
погнал,1.5117982934686523e-05
проживают,1.5117982934686523e-05
оную,1.5117982934686523e-05
легкомыслии,1.5113932881808129e-05
настойчивым,1.5113932881808129e-05
складкой,1.5113932881808129e-05
несимметрично,1.5113932881808129e-05
лежащими,1.5113932881808129e-05
смешить,1.5113932881808129e-05
смешную,1.5113932881808129e-05
шутку,1.5113932881808129e-05
сопровождает,1.5113932881808129e-05
стоическою,1.5113368465035167e-05
навязывались,1.5113368465035167e-05
твердого,1.5113368465035167e-05
покрутившись,1.5113368465035167e-05
приютиться,1.5113368465035167e-05
местечка,1.5113368465035167e-05
летят,1.5113368465035167e-05
прилетят,1.5113368465035167e-05
мчались,1.5113368465035167e-05
камня,1.5113368465035167e-05
потрепещут,1.5113368465035167e-05
гладкой,1.5113368465035167e-05
облекать,1.5074722970066507e-05
ватой,1.5074722970066507e-05
подкладывала,1.5074722970066507e-05
неутомимым,1.5074722970066507e-05
великолепного,1.5074722970066507e-05
откусить,1.5074722970066507e-05
покоить,1.5074722970066507e-05
кроила,1.5074722970066507e-05
греть,1.5074722970066507e-05
простегивала,1.5074722970066507e-05
прилежанием,1.5074722970066507e-05
трудилась,1.5074722970066507e-05
нежить,1.5074722970066507e-05
припадая,1.5074722970066507e-05
награждая,1.5074722970066507e-05
сцеплений,1.4966600395843428e-05
вялой,1.4966600395843428e-05
страхов,1.4966600395843428e-05
разгадки,1.4966600395843428e-05
творить,1.4966600395843428e-05
обыкновенных,1.4966600395843428e-05
праздному,1.4966600395843428e-05
несбыточный,1.4966600395843428e-05
действительных,1.4966600395843428e-05
приключений,1.4966600395843428e-05
верующей,1.4962883304733971e-05
ошибся,1.4962883304733971e-05
молодежи,1.4962883304733971e-05
мудро,1.4962883304733971e-05
пошатнулось,1.4962883304733971e-05
анализирующей,1.4962883304733971e-05
теплилась,1.4962883304733971e-05
всезнающей,1.4962883304733971e-05
основание,1.4962883304733971e-05
решившей,1.4962883304733971e-05
дерзко,1.4962883304733971e-05
ошибался,1.4962883304733971e-05
струна,1.4953099691544857e-05
поэтическая,1.4953099691544857e-05
добирается,1.4953099691544857e-05
юноши,1.4953099691544857e-05
кудрями,1.4953099691544857e-05
тонет,1.4953099691544857e-05
свежим,1.4953099691544857e-05
металлическая,1.4953099691544857e-05
подкрадется,1.4919919803801485e-05
задумчивая,1.4919919803801485e-05
окружит,1.4919919803801485e-05
обстановка,1.4919919803801485e-05
послышатся,1.4919919803801485e-05
оцепенения,1.4919919803801485e-05
окует,1.4919919803801485e-05
отдых,1.4919919803801485e-05
глухая,1.4919919803801485e-05
беспокойной,1.4919919803801485e-05
периодического,1.4919919803801485e-05
туманные,1.4919919803801485e-05
сменились,1.491597248953604e-05
пушок,1.491597248953604e-05
жесткую,1.491597248953604e-05
точками,1.491597248953604e-05
сменялись,1.491597248953604e-05
талия,1.491597248953604e-05
округлилась,1.491597248953604e-05
колодой,1.4889747121954534e-05
приезжая,1.4889747121954534e-05
засияет,1.4889747121954534e-05
изгладилось,1.4889747121954534e-05
перспективу,1.4889747121954534e-05
подавленными,1.4889747121954534e-05
мертвой,1.4889747121954534e-05
сиять,1.4889747121954534e-05
наставница,1.487738827540382e-05
сатира,1.487738827540382e-05
существенными,1.487738827540382e-05
выгодами,1.487738827540382e-05
воюет,1.4847760708368112e-05
разоряет,1.4847760708368112e-05
народов,1.4847760708368112e-05
великодушия,1.4847760708368112e-05
народы,1.4847760708368112e-05
крестовые,1.4847760708368112e-05
участь,1.4847760708368112e-05
хлынут,1.4847760708368112e-05
еруслан,1.4847760708368112e-05
вообразить,1.4847760708368112e-05
полководцем,1.4847760708368112e-05
походы,1.4847760708368112e-05
щадит,1.4847760708368112e-05
африки,1.4847760708368112e-05
лазаревич,1.4847760708368112e-05
оказывает,1.4847760708368112e-05
непобедимым,1.4847760708368112e-05
узенькую,1.4825708412311162e-05
замке,1.4825708412311162e-05
внука,1.4825708412311162e-05
княжеском,1.4825708412311162e-05
обратят,1.4825708412311162e-05
будуар,1.4825708412311162e-05
деду,1.4825708412311162e-05
линейке,1.4825708412311162e-05
продолжил,1.4825708412311162e-05
прожитую,1.4823874931864421e-05
светлом,1.4823874931864421e-05
дорогом,1.4823874931864421e-05
идеале,1.4823874931864421e-05
угаснувшем,1.4823874931864421e-05
восстанут,1.4823874931864421e-05
вскакивает,1.4823874931864421e-05
зашевелятся,1.4823874931864421e-05
забытые,1.4823874931864421e-05
безнадежности,1.4823874931864421e-05
непокойно,1.4823874931864421e-05
неисполненные,1.4823874931864421e-05
усопшем,1.4823874931864421e-05
положена,1.478763171625565e-05
положится,1.478763171625565e-05
осыплет,1.478763171625565e-05
присмотрит,1.478763171625565e-05
подгорит,1.478763171625565e-05
переварилась,1.478763171625565e-05
ухе,1.478763171625565e-05
переварится,1.478763171625565e-05
доживающая,1.4775348310340646e-05
длинноволосый,1.4775348310340646e-05
появится,1.4775348310340646e-05
кликать,1.4775348310340646e-05
перегородки,1.4775348310340646e-05
трехлетний,1.4775348310340646e-05
вошедшего,1.4775348310340646e-05
отзовется,1.4775348310340646e-05
босой,1.4775348310340646e-05
кашлем,1.4775348310340646e-05
стоном,1.4775348310340646e-05
рубашонке,1.4775348310340646e-05
глухим,1.4775348310340646e-05
нарумяненную,1.4752393041582015e-05
бледной,1.4752393041582015e-05
различить,1.4752393041582015e-05
прикрытого,1.4752393041582015e-05
заблаговременно,1.4752393041582015e-05
обливалось,1.4752393041582015e-05
оступался,1.4752393041582015e-05
сетовал,1.4752393041582015e-05
приятные,1.4740654323704727e-05
бурями,1.4740654323704727e-05
восхождения,1.4740654323704727e-05
захождения,1.4740654323704727e-05
шевелясь,1.471752762127017e-05
любовница,1.471752762127017e-05
позах,1.471752762127017e-05
ленивых,1.471752762127017e-05
вдохновенных,1.471752762127017e-05
тупой,1.471752762127017e-05
спадет,1.4675816165714691e-05
совершит,1.4675816165714691e-05
прилетит,1.4675816165714691e-05
близким,1.4675816165714691e-05
доследить,1.4675816165714691e-05
вперегонку,1.4675816165714691e-05
благоприятный,1.4675816165714691e-05
озарены,1.4673134890317623e-05
осенило,1.4673134890317623e-05
застенчивы,1.4673134890317623e-05
дано,1.4673134890317623e-05
топчут,1.4673134890317623e-05
робеют,1.4673134890317623e-05
прячутся,1.4673134890317623e-05
умников,1.4673134890317623e-05
прощают,1.4673134890317623e-05
жалеют,1.4673134890317623e-05
вырасти,1.4673134890317623e-05
отдаленную,1.4669982447902521e-05
непритворной,1.4669982447902521e-05
сонная,1.4669982447902521e-05
пыткой,1.4669982447902521e-05
суматохой,1.4669982447902521e-05
расшибет,1.4669982447902521e-05
беготней,1.4669982447902521e-05
поддерживалась,1.4669982447902521e-05
подогревалась,1.4669982447902521e-05
смутной,1.4669982447902521e-05
угасла,1.4669982447902521e-05
отеческое,1.4601069387320882e-05
крайнее,1.4601069387320882e-05
неминуемое,1.4601069387320882e-05
угрожающее,1.4601069387320882e-05
призрения,1.4601069387320882e-05
остающимися,1.4601069387320882e-05
буйственных,1.4601069387320882e-05
ужаснейшее,1.4601069387320882e-05
малолетними,1.4601069387320882e-05
взгляните,1.4601069387320882e-05
подвергнуться,1.4601069387320882e-05
неминуемо,1.4601069387320882e-05
поступков,1.4601069387320882e-05
коему,1.4601069387320882e-05
обольется,1.4548943176095576e-05
замрет,1.4548943176095576e-05
подкараулил,1.4548943176095576e-05
томного,1.4548943176095576e-05
задернется,1.4548943176095576e-05
драгоценных,1.4548943176095576e-05
флером,1.4548943176095576e-05
укладывать,1.454839877929339e-05
прерывать,1.454839877929339e-05
плавное,1.454839877929339e-05
раздраженное,1.454839877929339e-05
успокоивать,1.454839877929339e-05
встревоженного,1.454839877929339e-05
беспокойного,1.454839877929339e-05
унимать,1.454839877929339e-05
полагал,1.4512294596244115e-05
достаточными,1.4512294596244115e-05
дружную,1.4512294596244115e-05
придерживаться,1.4512294596244115e-05
обязательная,1.4512294596244115e-05
нехождению,1.4512294596244115e-05
неусыпно,1.4512294596244115e-05
пекущуюся,1.4512294596244115e-05
семью,1.4512294596244115e-05
присутственного,1.4512294596244115e-05
нерасположение,1.4512294596244115e-05
законными,1.4512294596244115e-05
спокойствии,1.4512294596244115e-05
светится,1.4487061641481435e-05
отголосок,1.4487061641481435e-05
плодотворная,1.4487061641481435e-05
переработалась,1.4487061641481435e-05
говоренного,1.4487061641481435e-05
жемчужина,1.4487061641481435e-05
прочитанного,1.4487061641481435e-05
переданной,1.4487061641481435e-05
суровая,1.4487061641481435e-05
зерно,1.448208987851817e-05
преступной,1.448208987851817e-05
ноет,1.448208987851817e-05
почивают,1.448208987851817e-05
вспыхивает,1.448208987851817e-05
больнее,1.448208987851817e-05
невозмутимее,1.448208987851817e-05
зреет,1.448208987851817e-05
жестокой,1.448208987851817e-05
кипят,1.448208987851817e-05
неправые,1.4470185008013092e-05
враждебными,1.4470185008013092e-05
петербургской,1.4470185008013092e-05
дремлющую,1.4470185008013092e-05
вредить,1.4470185008013092e-05
вершать,1.4470185008013092e-05
запираемы,1.4470185008013092e-05
запертую,1.4470185008013092e-05
духи,1.4470185008013092e-05
теорией,1.4470185008013092e-05
правые,1.4470185008013092e-05
заколдованных,1.4470185008013092e-05
сказкам,1.4470185008013092e-05
лишенные,1.4470185008013092e-05
обстоятельствами,1.4470185008013092e-05
тесных,1.4470185008013092e-05
сосредоточилось,1.4453114575448854e-05
поблагодарить,1.4453114575448854e-05
прильнет,1.4453114575448854e-05
ивановичу,1.4453114575448854e-05
взволнованный,1.4453114575448854e-05
выложить,1.4453114575448854e-05
потоком,1.4453114575448854e-05
неисходно,1.4453114575448854e-05
ласкала,1.4453114575448854e-05
сказаниями,1.4437680052519046e-05
смешалась,1.4437680052519046e-05
медовых,1.4437680052519046e-05
молочных,1.4437680052519046e-05
сопровождается,1.4437680052519046e-05
взрослый,1.4437680052519046e-05
шутит,1.4437680052519046e-05
волшебниц,1.4437680052519046e-05
рек,1.4437680052519046e-05
тайным,1.4437680052519046e-05
искренняя,1.4437680052519046e-05
переходя,1.442310760404382e-05
записыванья,1.442310760404382e-05
представлялась,1.442310760404382e-05
делывал,1.442310760404382e-05
воспитанный,1.442310760404382e-05
родных,1.442310760404382e-05
тетрадку,1.442310760404382e-05
началом,1.442310760404382e-05
длинных,1.4356103561520803e-05
рынком,1.4356103561520803e-05
брюквой,1.4356103561520803e-05
повесть,1.4356103561520803e-05
народом,1.4356103561520803e-05
имен,1.4356103561520803e-05
праздниками,1.4356103561520803e-05
балами,1.4356103561520803e-05
огородом,1.4356103561520803e-05
поплевывая,1.4356103561520803e-05
славных,1.4356103561520803e-05
старине,1.4356103561520803e-05
кипел,1.4356103561520803e-05
битв,1.4356103561520803e-05
рассказывал,1.4356103561520803e-05
галереях,1.4356103561520803e-05
овса,1.4353946589786248e-05
ржи,1.4353946589786248e-05
барщина,1.4353946589786248e-05
сельский,1.4353946589786248e-05
конур,1.4322437534358155e-05
ведомству,1.4322437534358155e-05
умеренную,1.4322437534358155e-05
имущества,1.4322437534358155e-05
сбережения,1.4322437534358155e-05
стоить,1.4322437534358155e-05
принадлежащих,1.4322437534358155e-05
зданиях,1.4322437534358155e-05
расхищения,1.4322437534358155e-05
архитектор,1.4322437534358155e-05
поступило,1.4322437534358155e-05
возведении,1.4322437534358155e-05
собачьей,1.4322437534358155e-05
собачьих,1.4322437534358155e-05
распорядительность,1.4319620449497536e-05
двинуть,1.4319620449497536e-05
нездоровилось,1.4319620449497536e-05
решал,1.4319620449497536e-05
оказать,1.4319620449497536e-05
тронуться,1.4319620449497536e-05
быстроту,1.4319620449497536e-05
прорывает,1.4273542073259127e-05
мужеством,1.4273542073259127e-05
весит,1.4273542073259127e-05
чистоты,1.4273542073259127e-05
сатиров,1.4273542073259127e-05
правды,1.4273542073259127e-05
найдется,1.4273542073259127e-05
светских,1.4273542073259127e-05
ложного,1.4273542073259127e-05
перл,1.4273542073259127e-05
раковина,1.4273542073259127e-05
криках,1.4273542073259127e-05
извив,1.4273542073259127e-05
пучину,1.4273542073259127e-05
перлы,1.4260783538855359e-05
нарядная,1.4260783538855359e-05
прозрачная,1.4260783538855359e-05
фальшивый,1.4260783538855359e-05
совлечет,1.4260783538855359e-05
обольстит,1.4260783538855359e-05
отравится,1.4260783538855359e-05
идолу,1.4260783538855359e-05
лекарствами,1.4231963193299011e-05
загромождены,1.4231963193299011e-05
примочками,1.4231963193299011e-05
пластырями,1.4231963193299011e-05
коробочками,1.4231963193299011e-05
куреньями,1.4231963193299011e-05
домовитой,1.4231963193299011e-05
склянками,1.4231963193299011e-05
порошками,1.4231963193299011e-05
домашними,1.4231963193299011e-05
снадобья,1.4231963193299011e-05
любом,1.4231963193299011e-05
чищенья,1.4231963193299011e-05
пачками,1.4231963193299011e-05
травами,1.4231963193299011e-05
камфарой,1.4231963193299011e-05
спиртами,1.4231963193299011e-05
справлялась,1.4209606132977264e-05
льву,1.4209606132977264e-05
пасть,1.4209606132977264e-05
верен,1.4209606132977264e-05
просыпающегося,1.4209606132977264e-05
возвращалась,1.4188257945218826e-05
припав,1.4188257945218826e-05
помянуть,1.4188257945218826e-05
бумажке,1.4188257945218826e-05
алтарь,1.4188257945218826e-05
просиживала,1.4188257945218826e-05
ранней,1.4188257945218826e-05
усталую,1.41603743531075e-05
скромный,1.41603743531075e-05
встревоженную,1.41603743531075e-05
широком,1.41603743531075e-05
зал,1.41603743531075e-05
красот,1.41603743531075e-05
беседе,1.41603743531075e-05
успокоительное,1.41603743531075e-05
бала,1.41603743531075e-05
отрываясь,1.41603743531075e-05
светской,1.41603743531075e-05
чьей,1.4148686470321614e-05
подозрение,1.4148686470321614e-05
отняв,1.4148686470321614e-05
склонялись,1.4148686470321614e-05
устремлялись,1.4148686470321614e-05
всенародно,1.4148686470321614e-05
очертя,1.4148686470321614e-05
гордая,1.4148686470321614e-05
воплощался,1.4094129193961831e-05
всезнании,1.4094129193961831e-05
отеческой,1.4094129193961831e-05
удобств,1.4094129193961831e-05
хозяйственных,1.4094129193961831e-05
кладовую,1.4094129193961831e-05
ненарушимого,1.4094129193961831e-05
вечном,1.4094129193961831e-05
движущихся,1.4094129193961831e-05
необозримого,1.4094129193961831e-05
останавливающихся,1.4094129193961831e-05
шевелиться,1.4087950110700512e-05
приготовлений,1.4087950110700512e-05
промочит,1.4087950110700512e-05
подстреленный,1.4087950110700512e-05
драгоценные,1.4087950110700512e-05
предварительных,1.4087950110700512e-05
плавающих,1.4087950110700512e-05
улучшение,1.4087950110700512e-05
кружку,1.4087950110700512e-05
отнесло,1.4087950110700512e-05
подув,1.4087950110700512e-05
наряда,1.4075321303760006e-05
жаждущую,1.4075321303760006e-05
давнишний,1.4075321303760006e-05
выросшей,1.4075321303760006e-05
расцветшей,1.4075321303760006e-05
разумения,1.4075321303760006e-05
злоупотреблений,1.4075321303760006e-05
созревшей,1.4075321303760006e-05
шутовского,1.4075321303760006e-05
задатки,1.4075321303760006e-05
ключниц,1.4066696370892813e-05
сознательные,1.4066696370892813e-05
вечными,1.4066696370892813e-05
повесившиеся,1.4066696370892813e-05
напудренные,1.4066696370892813e-05
донжуаны,1.4066696370892813e-05
маркизы,1.4066696370892813e-05
усатые,1.4066696370892813e-05
недавних,1.4066696370892813e-05
увядшие,1.4066696370892813e-05
застрелившиеся,1.4066696370892813e-05
удавившиеся,1.4066696370892813e-05
умники,1.4066696370892813e-05
монастырем,1.4066696370892813e-05
обожающие,1.4066696370892813e-05
буйным,1.4066696370892813e-05
развратной,1.4066696370892813e-05
элементами,1.4066191773273182e-05
равновесии,1.4066191773273182e-05
простора,1.4066191773273182e-05
исполнением,1.4066191773273182e-05
вопросах,1.4066191773273182e-05
золу,1.4048201098294797e-05
сподручница,1.4048201098294797e-05
нетопленую,1.4048201098294797e-05
выгребла,1.4048201098294797e-05
полок,1.4048201098294797e-05
великая,1.4048201098294797e-05
смахнула,1.4048201098294797e-05
оценила,1.4048201098294797e-05
метлой,1.4048201098294797e-05
приемам,1.4048201098294797e-05
распоряжениям,1.4048201098294797e-05
кочергой,1.4048201098294797e-05
вооруженная,1.4048201098294797e-05
засученными,1.4048201098294797e-05
хозяйственным,1.4048201098294797e-05
привела,1.4048201098294797e-05
тряпкой,1.4048201098294797e-05
политического,1.4042429914670267e-05
искусстве,1.4042429914670267e-05
бархатную,1.4042429914670267e-05
творчества,1.4042429914670267e-05
лучины,1.4031237016960749e-05
сгоняли,1.4031237016960749e-05
выла,1.4031237016960749e-05
стольку,1.4031237016960749e-05
сбрасывали,1.4031237016960749e-05
воющую,1.4031237016960749e-05
трещину,1.4031237016960749e-05
пожар,1.4031237016960749e-05
выносили,1.4031237016960749e-05
вынесенного,1.4031237016960749e-05
били,1.4031237016960749e-05
приключалась,1.4031237016960749e-05
гнилого,1.4031237016960749e-05
горошек,1.4019339027442775e-05
просимой,1.4019339027442775e-05
нужду,1.4019339027442775e-05
прихоти,1.4019339027442775e-05
благодетели,1.4019339027442775e-05
заикнулась,1.4019339027442775e-05
крайнюю,1.4019339027442775e-05
зарезу,1.4019339027442775e-05
серебряные,1.4019339027442775e-05
талией,1.401765467772651e-05
стройной,1.401765467772651e-05
торжественного,1.401765467772651e-05
сложенными,1.401765467772651e-05
положенной,1.401765467772651e-05
ступающей,1.401765467772651e-05
колеблющейся,1.401765467772651e-05
воплощение,1.401765467772651e-05
исполненной,1.401765467772651e-05
сидящей,1.401765467772651e-05
оскорбило,1.4005861830893711e-05
честность,1.4005861830893711e-05
забываю,1.4005861830893711e-05
эгоист,1.4005861830893711e-05
натуральную,1.3916479715577839e-05
детское,1.3916479715577839e-05
медведе,1.3916479715577839e-05
жертвах,1.3916479715577839e-05
напрягались,1.3916479715577839e-05
кипело,1.3916479715577839e-05
поднимающихся,1.3916479715577839e-05
мертвецах,1.3916479715577839e-05
заходила,1.3916479715577839e-05
струны,1.3916479715577839e-05
отрубленную,1.3916479715577839e-05
мучительный,1.3916479715577839e-05
неволе,1.3916479715577839e-05
болезненный,1.3916479715577839e-05
томящихся,1.3916479715577839e-05
полночь,1.3916479715577839e-05
застывало,1.3916479715577839e-05
трогались,1.3764652747999828e-05
двинутся,1.3764652747999828e-05
осторожности,1.3764652747999828e-05
свойственной,1.3764652747999828e-05
кнута,1.3764652747999828e-05
ударе,1.3764652747999828e-05
коньке,1.3570083476832642e-05
сентиментальности,1.3570083476832642e-05
жесткости,1.3570083476832642e-05
песчаную,1.3570083476832642e-05
сухую,1.3570083476832642e-05
отделяющей,1.3570083476832642e-05
заскакать,1.3570083476832642e-05
недоверия,1.3570083476832642e-05
проскакать,1.3570083476832642e-05
оскопления,1.3570083476832642e-05
умничанья,1.3570083476832642e-05
кольцом,1.355622893680074e-05
протянутая,1.355622893680074e-05
протянуть,1.355622893680074e-05
резвая,1.355622893680074e-05
радостном,1.355622893680074e-05
оканчивалось,1.3438936386052734e-05
питер,1.3438936386052734e-05
чудовищами,1.3438936386052734e-05
рыбой,1.3438936386052734e-05
москва,1.3438936386052734e-05
езжали,1.3438936386052734e-05
начинался,1.3438936386052734e-05
головах,1.3438936386052734e-05
губерния,1.3438936386052734e-05
саратов,1.3438936386052734e-05
неизвестные,1.3438936386052734e-05
губернский,1.3438936386052734e-05
великанами,1.3438936386052734e-05
французы,1.3438936386052734e-05
населенные,1.3438936386052734e-05
океане,1.3430428854126136e-05
недремлющая,1.3430428854126136e-05
имеющих,1.3430428854126136e-05
часом,1.3430428854126136e-05
эстетическое,1.3430428854126136e-05
раздражающим,1.3430428854126136e-05
разновековой,1.3430428854126136e-05
памятной,1.3430428854126136e-05
отмеченных,1.3430428854126136e-05
однообразною,1.342310413056924e-05
обрядов,1.342310413056924e-05
пафос,1.342310413056924e-05
тканью,1.342310413056924e-05
пиров,1.342310413056924e-05
изменят,1.342310413056924e-05
пиры,1.342310413056924e-05
юношами,1.342310413056924e-05
обрываясь,1.342310413056924e-05
становятся,1.342310413056924e-05
сосредоточивался,1.342310413056924e-05
программе,1.342310413056924e-05
женихами,1.342310413056924e-05
беспрерывной,1.342310413056924e-05
рождение,1.342310413056924e-05
декорации,1.342310413056924e-05
производят,1.342310413056924e-05
откликалось,1.3345566453198765e-05
физическом,1.3345566453198765e-05
нравственном,1.3345566453198765e-05
доверчивого,1.3345566453198765e-05
нехитрого,1.3345566453198765e-05
связывало,1.3345566453198765e-05
немецкого,1.3345566453198765e-05
отверзалось,1.3345566453198765e-05
расточаемые,1.3345566453198765e-05
заливаются,1.3340099239296896e-05
обречена,1.3340099239296896e-05
неведомыми,1.3340099239296896e-05
проклятию,1.3340099239296896e-05
вверить,1.3340099239296896e-05
бледных,1.3340099239296896e-05
внезапными,1.3340099239296896e-05
мучительные,1.3340099239296896e-05
неправедные,1.3340099239296896e-05
светятся,1.3340099239296896e-05
обовьют,1.3340099239296896e-05
дюжина,1.3314458285745014e-05
привязаны,1.3314458285745014e-05
подбитые,1.3314458285745014e-05
заказанные,1.3314458285745014e-05
полотна,1.3314458285745014e-05
верхлевского,1.3314458285745014e-05
купленные,1.3314458285745014e-05
мохнатое,1.3314458285745014e-05
москве,1.3314458285745014e-05
гвоздями,1.3314458285745014e-05
изящный,1.3314458285745014e-05
толстые,1.3314458285745014e-05
наставлений,1.3314458285745014e-05
сумки,1.3314458285745014e-05
настоянию,1.3314458285745014e-05
басурманов,1.3298556215670809e-05
разбойниках,1.3298556215670809e-05
чару,1.3298556215670809e-05
побивали,1.3298556215670809e-05
полчища,1.3298556215670809e-05
окаменелых,1.3298556215670809e-05
царевнах,1.3298556215670809e-05
странствовали,1.3298556215670809e-05
зелена,1.3298556215670809e-05
состязались,1.3298556215670809e-05
повествует,1.3298556215670809e-05
чудовищам,1.3298556215670809e-05
демонологии,1.3298556215670809e-05
добрыни,1.3298556215670809e-05
подвигах,1.3298556215670809e-05
удали,1.3298556215670809e-05
прохожем,1.3298556215670809e-05
никитича,1.3298556215670809e-05
злых,1.3298556215670809e-05
муромца,1.3298556215670809e-05
крякнет,1.3298556215670809e-05
городах,1.3298556215670809e-05
несметные,1.3298556215670809e-05
обливала,1.329158693556328e-05
заглушала,1.329158693556328e-05
грезами,1.329158693556328e-05
смыть,1.329158693556328e-05
арене,1.329158693556328e-05
совладеть,1.329158693556328e-05
прелестями,1.329158693556328e-05
льстивый,1.329158693556328e-05
всесторонней,1.329158693556328e-05
роскошного,1.329158693556328e-05
глубиной,1.329158693556328e-05
илиаду,1.3258013564996976e-05
гомеридами,1.3258013564996976e-05
нашими,1.3258013564996976e-05
оборотнем,1.3258013564996976e-05
тайнами,1.3258013564996976e-05
трепетал,1.3258013564996976e-05
животрепещущею,1.3258013564996976e-05
опасностями,1.3258013564996976e-05
царствовали,1.3258013564996976e-05
ладил,1.3258013564996976e-05
лешим,1.3258013564996976e-05
рельефностью,1.3258013564996976e-05
туманных,1.3258013564996976e-05
упущение,1.3162365047392958e-05
суконной,1.3162365047392958e-05
беспорядках,1.3162365047392958e-05
плисовых,1.3162365047392958e-05
матушка,1.3162365047392958e-05
накричит,1.3162365047392958e-05
сморкается,1.3162365047392958e-05
скошено,1.3162365047392958e-05
сжато,1.3162365047392958e-05
коричневой,1.3162365047392958e-05
копен,1.3162365047392958e-05
родитель,1.3162365047392958e-05
куртке,1.3162365047392958e-05
хватаются,1.3162310068007972e-05
успеют,1.3162310068007972e-05
пакеты,1.3162310068007972e-05
записками,1.3162310068007972e-05
призадумался,1.3162310068007972e-05
тетради,1.3162310068007972e-05
толщиной,1.3162310068007972e-05
рыться,1.3162310068007972e-05
выписки,1.3162310068007972e-05
спустить,1.3162310068007972e-05
требовали,1.3162310068007972e-05
надев,1.3144161985608771e-05
колосья,1.3144161985608771e-05
волнуются,1.3144161985608771e-05
весло,1.3144161985608771e-05
талью,1.3144161985608771e-05
правит,1.3144161985608771e-05
плещет,1.3144161985608771e-05
сошлются,1.3095395731632983e-05
заученное,1.3095395731632983e-05
кузины,1.3095395731632983e-05
слышанное,1.3095395731632983e-05
решатся,1.3095395731632983e-05
искусства,1.3092257122650155e-05
предписанную,1.3092257122650155e-05
честей,1.3092257122650155e-05
благословенной,1.3092257122650155e-05
изнурения,1.3092257122650155e-05
воображали,1.3092257122650155e-05
трудясь,1.3092257122650155e-05
перескакивать,1.3092257122650155e-05
разбросанные,1.3092257122650155e-05
шитом,1.3092257122650155e-05
оберегаемая,1.3061463582127847e-05
избитой,1.3061463582127847e-05
опекой,1.3061463582127847e-05
сословия,1.3061463582127847e-05
останови,1.3061463582127847e-05
сентенций,1.3061463582127847e-05
устаревших,1.3061463582127847e-05
многочисленной,1.3061463582127847e-05
пробивать,1.3061463582127847e-05
преданиями,1.3061463582127847e-05
бабушек,1.3061463582127847e-05
тяготеют,1.3061463582127847e-05
поверхностным,1.3061463582127847e-05
кажутся,1.3008923205986219e-05
раздумываться,1.3008923205986219e-05
вползало,1.3008923205986219e-05
отрезвляло,1.3008923205986219e-05
сказочный,1.3008923205986219e-05
призыв,1.3008923205986219e-05
холодное,1.3008923205986219e-05
тягостную,1.3008923205986219e-05
цвете,1.3008923205986219e-05
превращался,1.3008923205986219e-05
трепетанье,1.3008923205986219e-05
задаваемым,1.2997249416717627e-05
одиночку,1.2997249416717627e-05
безмолвное,1.2997249416717627e-05
материалом,1.2997249416717627e-05
доходили,1.2997249416717627e-05
удивление,1.2997249416717627e-05
рисуя,1.2997249416717627e-05
слышный,1.2997249416717627e-05
возникающей,1.2997249416717627e-05
нескончаемым,1.2997249416717627e-05
неуловимое,1.2997249416717627e-05
мыслительная,1.2997249416717627e-05
блещущей,1.2997249416717627e-05
разносились,1.2997249416717627e-05
звонкие,1.2997249416717627e-05
ventriculi,1.2984538947292158e-05
cordis,1.2984538947292158e-05
cum,1.2984538947292158e-05
угрожающею,1.2984538947292158e-05
dilatatione,1.2984538947292158e-05
каковые,1.2984538947292158e-05
ejus,1.2984538947292158e-05
hetitis,1.2984538947292158e-05
sinistri,1.2984538947292158e-05
желудочка,1.2984538947292158e-05
нижеподписавшийся,1.2984538947292158e-05
свидетельствую,1.2984538947292158e-05
одержим,1.2984538947292158e-05
развитием,1.2984538947292158e-05
расширением,1.2984538947292158e-05
полагать,1.2984538947292158e-05
свидетельстве,1.2984538947292158e-05
приложением,1.2984538947292158e-05
hypertrophia,1.2984538947292158e-05
печени,1.2984538947292158e-05
печати,1.2984538947292158e-05
здоровью,1.2984538947292158e-05
отолщением,1.2984538947292158e-05
хроническою,1.2984538947292158e-05
сено,1.297097025754107e-05
луга,1.297097025754107e-05
подразнить,1.297097025754107e-05
косят,1.297097025754107e-05
увязаться,1.297097025754107e-05
буеракам,1.297097025754107e-05
деревенских,1.297097025754107e-05
скачка,1.297097025754107e-05
поселился,1.297097025754107e-05
пуститься,1.297097025754107e-05
поддразнивает,1.297097025754107e-05
савраску,1.297097025754107e-05
неясном,1.2936852248220085e-05
вызывала,1.2936852248220085e-05
колола,1.2936852248220085e-05
проявлению,1.2936852248220085e-05
напомнила,1.2936852248220085e-05
действительнее,1.2936852248220085e-05
доступном,1.2936852248220085e-05
изрекала,1.2936852248220085e-05
жизненный,1.2936852248220085e-05
сарказмов,1.2936852248220085e-05
сарказмами,1.2936852248220085e-05
вялым,1.2936852248220085e-05
деспотическому,1.2936852248220085e-05
запутывая,1.2936852248220085e-05
суровый,1.2936852248220085e-05
дряблым,1.2936852248220085e-05
завивать,1.2932161500847085e-05
фабричными,1.2932161500847085e-05
замасленных,1.2932161500847085e-05
щелканья,1.2932161500847085e-05
расписок,1.2932161500847085e-05
блестящем,1.2932161500847085e-05
выпадает,1.2932161500847085e-05
стричь,1.2932161500847085e-05
призвании,1.2932161500847085e-05
воина,1.2932161500847085e-05
изящные,1.2932161500847085e-05
писателя,1.2932161500847085e-05
сокрушаться,1.2932161500847085e-05
курточки,1.2932161500847085e-05
перспектива,1.2932161500847085e-05
разбиранья,1.2932161500847085e-05
заказывала,1.2932161500847085e-05
манишки,1.2932161500847085e-05
перейдет,1.2734487923040128e-05
свиты,1.2734487923040128e-05
перешить,1.2734487923040128e-05
толкует,1.2734487923040128e-05
агаповну,1.2734487923040128e-05
подрезать,1.2734487923040128e-05
занята,1.2734487923040128e-05
вчерашнее,1.2734487923040128e-05
мелом,1.2734487923040128e-05
сплести,1.2734487923040128e-05
фуфайки,1.2734487923040128e-05
задаст,1.2734487923040128e-05
наливается,1.2734487923040128e-05
привить,1.2734487923040128e-05
толпами,1.2663998517850266e-05
желтеют,1.2663998517850266e-05
чайным,1.2663998517850266e-05
втягивает,1.2663998517850266e-05
открывающимся,1.2663998517850266e-05
тишиной,1.2663998517850266e-05
непроницаемым,1.2663998517850266e-05
румянит,1.2663998517850266e-05
опускается,1.2663998517850266e-05
гладкий,1.2663998517850266e-05
торжествовал,1.2663128743096991e-05
сражается,1.2663128743096991e-05
великолепные,1.2663128743096991e-05
непрестанной,1.2663128743096991e-05
истерзанный,1.2663128743096991e-05
ненасытимый,1.2663128743096991e-05
докучливых,1.2663128743096991e-05
снедает,1.2663128743096991e-05
торжествует,1.2663128743096991e-05
битве,1.2663128743096991e-05
ложные,1.2663128743096991e-05
битвы,1.2663128743096991e-05
целоваться,1.2613810155901688e-05
подхватила,1.2613810155901688e-05
означает,1.2613810155901688e-05
дождю,1.2613810155901688e-05
упомнишь,1.2613810155901688e-05
гостинцы,1.2613810155901688e-05
чешутся,1.2613810155901688e-05
зачешутся,1.2613810155901688e-05
полушубок,1.2585753892245161e-05
оттает,1.2585753892245161e-05
потянет,1.2585753892245161e-05
паром,1.2585753892245161e-05
скинет,1.2585753892245161e-05
опрокинутую,1.2585753892245161e-05
оглоблю,1.2585753892245161e-05
трудам,1.2585753892245161e-05
задымится,1.2585753892245161e-05
солнцем,1.2585753892245161e-05
календаря,1.2585753892245161e-05
грязные,1.2585753892245161e-05
образцовое,1.2509401690482772e-05
альбомами,1.2509401690482772e-05
наполнил,1.2509401690482772e-05
обложив,1.2509401690482772e-05
сталкиваться,1.2509401690482772e-05
копи,1.2509401690482772e-05
замечательными,1.2509401690482772e-05
осматривать,1.2509401690482772e-05
знакомиться,1.2509401690482772e-05
обстановив,1.2509401690482772e-05
прирастала,1.2509401690482772e-05
фартуком,1.247558326168909e-05
сдует,1.247558326168909e-05
стирал,1.247558326168909e-05
влетит,1.247558326168909e-05
наволочки,1.247558326168909e-05
уберет,1.247558326168909e-05
тростью,1.2184528819142375e-05
яхонтовым,1.2184528819142375e-05
объемом,1.2184528819142375e-05
выцветшим,1.2184528819142375e-05
приезжали,1.2184528819142375e-05
табакеркой,1.2184528819142375e-05
набалдашником,1.2184528819142375e-05
сапогах,1.2184528819142375e-05
величественная,1.2184528819142375e-05
плешивым,1.2184528819142375e-05
пергаментным,1.2184528819142375e-05
оттенком,1.2047323441649884e-05
оригинальным,1.2047323441649884e-05
намелет,1.2047323441649884e-05
отнесет,1.2047323441649884e-05
маленьким,1.2047323441649884e-05
устроенная,1.2047323441649884e-05
полдороге,1.2047323441649884e-05
просеет,1.2047323441649884e-05
наколет,1.2047323441649884e-05
часовая,1.2047323441649884e-05
доставался,1.199204258043089e-05
разрушал,1.199204258043089e-05
исполинский,1.199204258043089e-05
господский,1.199204258043089e-05
тысячелетней,1.199204258043089e-05
неустрашимо,1.199204258043089e-05
окаменелость,1.199204258043089e-05
перекрестясь,1.199204258043089e-05
доживал,1.199204258043089e-05
пьющий,1.199204258043089e-05
черствый,1.199204258043089e-05
треском,1.199204258043089e-05
начинки,1.199204258043089e-05
черепка,1.199204258043089e-05
археолог,1.199204258043089e-05
любопытную,1.199204258043089e-05
дрянное,1.199204258043089e-05
придержать,1.196334159638051e-05
уставила,1.196334159638051e-05
вертя,1.196334159638051e-05
ложечка,1.196334159638051e-05
стаканами,1.196334159638051e-05
пошевелилась,1.196334159638051e-05
сахарницу,1.196334159638051e-05
еда,1.1954446834147273e-05
морщин,1.1954446834147273e-05
съезжаться,1.1954446834147273e-05
поселятся,1.1954446834147273e-05
колонии,1.1954446834147273e-05
ярким,1.1954446834147273e-05
поглотила,1.1954446834147273e-05
подбородком,1.1954446834147273e-05
неувядающим,1.1954446834147273e-05
смеющиеся,1.1954446834147273e-05
фермах,1.1954446834147273e-05
порохом,1.1870414217267421e-05
изнемогает,1.1870414217267421e-05
женитьбе,1.1870414217267421e-05
ограничить,1.1870414217267421e-05
удушья,1.1870414217267421e-05
родное,1.1870414217267421e-05
застонет,1.1870414217267421e-05
несносную,1.1870414217267421e-05
избитую,1.1870414217267421e-05
закрытыми,1.1870414217267421e-05
утопить,1.1870414217267421e-05
задушить,1.1870414217267421e-05
гористую,1.1870414217267421e-05
постигнет,1.1870414217267421e-05
опасного,1.1870414217267421e-05
седок,1.1870414217267421e-05
прожжет,1.1870414217267421e-05
бочонка,1.1870414217267421e-05
бархате,1.170328140736765e-05
жилками,1.170328140736765e-05
шаловливый,1.170328140736765e-05
шпаги,1.170328140736765e-05
жесткими,1.170328140736765e-05
манжетах,1.170328140736765e-05
запертой,1.170328140736765e-05
парче,1.170328140736765e-05
эфес,1.170328140736765e-05
трепещущих,1.170328140736765e-05
забирается,1.170328140736765e-05
томные,1.170328140736765e-05
протекших,1.170328140736765e-05
поколений,1.170328140736765e-05
изнеженные,1.170328140736765e-05
мазурку,1.1594103501604934e-05
быстрые,1.1594103501604934e-05
неразговорчивы,1.1594103501604934e-05
суждения,1.1594103501604934e-05
сыпались,1.1594103501604934e-05
вычитанные,1.1594103501604934e-05
небойкие,1.1594103501604934e-05
музыке,1.1594103501604934e-05
смелые,1.1594103501604934e-05
кавалеры,1.1594103501604934e-05
недальней,1.1594103501604934e-05
сентенции,1.1594103501604934e-05
мудрые,1.1594103501604934e-05
любезные,1.1594103501604934e-05
обходили,1.1594103501604934e-05
подслушанные,1.1594103501604934e-05
ценил,1.1594103501604934e-05
неглубокой,1.1594103501604934e-05
реплики,1.1594103501604934e-05
неожиданные,1.1594103501604934e-05
расставляет,1.1572729707405698e-05
облилось,1.1572729707405698e-05
ярка,1.1572729707405698e-05
мажордомы,1.1572729707405698e-05
неизменный,1.1572729707405698e-05
звоном,1.1572729707405698e-05
накрывался,1.1572729707405698e-05
приятным,1.1572729707405698e-05
седыми,1.1572729707405698e-05
убранной,1.1572729707405698e-05
отходят,1.1572729707405698e-05
роняя,1.1572729707405698e-05
поэтична,1.1572729707405698e-05
садятся,1.1572729707405698e-05
обильный,1.1572729707405698e-05
произведенный,1.1572729707405698e-05
приветные,1.1572729707405698e-05
накрывает,1.1572729707405698e-05
раскладывает,1.1572729707405698e-05
грубыми,1.1549057533795652e-05
угловатыми,1.1549057533795652e-05
офицеров,1.1549057533795652e-05
правильность,1.1549057533795652e-05
добывание,1.1549057533795652e-05
отправление,1.1549057533795652e-05
солдатскими,1.1549057533795652e-05
бюргеров,1.1549057533795652e-05
будничными,1.1549057533795652e-05
прямых,1.1549057533795652e-05
трубки,1.1549057533795652e-05
курящих,1.1549057533795652e-05
черную,1.1549057533795652e-05
поплевывающих,1.1549057533795652e-05
труженическое,1.1549057533795652e-05
манерами,1.1549057533795652e-05
германию,1.1549057533795652e-05
гувернанткой,1.1549057533795652e-05
скучную,1.1549057533795652e-05
проехала,1.1549057533795652e-05
способных,1.1549057533795652e-05
мещанской,1.1549057533795652e-05
педантическое,1.1549057533795652e-05
ножичек,1.1469773062722017e-05
скользнет,1.1469773062722017e-05
измятую,1.1469773062722017e-05
заслыша,1.1469773062722017e-05
парадных,1.1469773062722017e-05
скрипучие,1.1469773062722017e-05
переберет,1.1469773062722017e-05
кинутые,1.1469773062722017e-05
задвинет,1.1469773062722017e-05
стащит,1.1469773062722017e-05
диванов,1.1469773062722017e-05
салфетку,1.1469773062722017e-05
подвинет,1.1469773062722017e-05
перья,1.1469773062722017e-05
повешенные,1.1469773062722017e-05
полуотворенный,1.1469773062722017e-05
яичницу,1.1339559766095544e-05
тужит,1.1339559766095544e-05
приносит,1.1339559766095544e-05
залежавшейся,1.1339559766095544e-05
покупается,1.1339559766095544e-05
котлетки,1.1339559766095544e-05
сочной,1.1339559766095544e-05
соус,1.1339559766095544e-05
чухонка,1.1339559766095544e-05
жесткой,1.1339559766095544e-05
потолочь,1.1339559766095544e-05
похозяйничать,1.1339559766095544e-05
заправленную,1.1339559766095544e-05
снабжает,1.1339559766095544e-05
лавочка,1.1339559766095544e-05
посуетиться,1.1339559766095544e-05
ветчиной,1.1339559766095544e-05
сферой,1.1330779785203397e-05
приготовленным,1.1330779785203397e-05
женские,1.1330779785203397e-05
обязательной,1.1330779785203397e-05
увлечению,1.1330779785203397e-05
признавая,1.1330779785203397e-05
превышает,1.1330779785203397e-05
невозможным,1.1330779785203397e-05
принимают,1.1330779785203397e-05
дурные,1.1330779785203397e-05
гордятся,1.1330779785203397e-05
случайному,1.1330779785203397e-05
мирятся,1.1330779785203397e-05
вышедши,1.1330779785203397e-05
проделки,1.1330779785203397e-05
качества,1.1330779785203397e-05
ожерельем,1.1330779785203397e-05
преимуществом,1.1330779785203397e-05
инструкцию,1.1289924455989737e-05
завод,1.1289924455989737e-05
освежить,1.1289924455989737e-05
подробную,1.1289924455989737e-05
построек,1.1289924455989737e-05
отправить,1.1289924455989737e-05
пароходах,1.1289924455989737e-05
прикупить,1.1289924455989737e-05
железным,1.1289924455989737e-05
посев,1.1289924455989737e-05
материй,1.126740870475468e-05
употребления,1.126740870475468e-05
вынимать,1.126740870475468e-05
составов,1.126740870475468e-05
трав,1.126740870475468e-05
хозяйственном,1.126740870475468e-05
блонд,1.126740870475468e-05
знаниями,1.126740870475468e-05
чистки,1.126740870475468e-05
кулинарной,1.126740870475468e-05
вековые,1.126740870475468e-05
опыты,1.126740870475468e-05
шитья,1.126740870475468e-05
лекарственных,1.126740870475468e-05
безграничном,1.1125725352781793e-05
вселились,1.1125725352781793e-05
грозных,1.1125725352781793e-05
годину,1.1125725352781793e-05
заглушенных,1.1125725352781793e-05
слышалась,1.1125725352781793e-05
сдержанных,1.1125725352781793e-05
отдыхала,1.1125725352781793e-05
неувядающая,1.1125725352781793e-05
загадочной,1.1125725352781793e-05
могуче,1.1125725352781793e-05
обмененном,1.1125725352781793e-05
бесконечном,1.1125725352781793e-05
успокоительным,1.1125725352781793e-05
рыданиях,1.1125725352781793e-05
твердым,1.1125725352781793e-05
отдаленные,1.1125725352781793e-05
терпении,1.1125725352781793e-05
жизненной,1.1125725352781793e-05
совокупного,1.1125725352781793e-05
негибнущая,1.1125725352781793e-05
туманную,1.1125725352781793e-05
вещих,1.1125725352781793e-05
дружной,1.1125725352781793e-05
посещавшие,1.1125725352781793e-05
вопли,1.1107996418066233e-05
рождающихся,1.1107996418066233e-05
озирала,1.1107996418066233e-05
отречения,1.1107996418066233e-05
верным,1.1107996418066233e-05
прихотей,1.1107996418066233e-05
потеря,1.1107996418066233e-05
поста,1.1107996418066233e-05
измеряла,1.1107996418066233e-05
цепь,1.1107996418066233e-05
прозрачный,1.1107996418066233e-05
содрогалась,1.1107996418066233e-05
открывался,1.1107996418066233e-05
обилия,1.1107996418066233e-05
стражем,1.1107996418066233e-05
мужественным,1.1107996418066233e-05
омываемых,1.1107996418066233e-05
невольного,1.1107996418066233e-05
изменяла,1.1107996418066233e-05
неведомых,1.1107996418066233e-05
лишений,1.1107996418066233e-05
утрат,1.1107996418066233e-05
безграничного,1.1107996418066233e-05
изнемогала,1.1107996418066233e-05
наносит,1.1058181918909819e-05
буйных,1.1058181918909819e-05
повторили,1.1058181918909819e-05
геологические,1.1058181918909819e-05
пробивалась,1.1058181918909819e-05
осыпается,1.1058181918909819e-05
приращение,1.1058181918909819e-05
медленною,1.1058181918909819e-05
планеты,1.1058181918909819e-05
останавливалась,1.1058181918909819e-05
постепенностью,1.1058181918909819e-05
однообразную,1.1058181918909819e-05
потекут,1.087412997561075e-05
задвигаются,1.087412997561075e-05
загораются,1.087412997561075e-05
мускулы,1.087412997561075e-05
разлитому,1.087412997561075e-05
исполнится,1.087412997561075e-05
осуществится,1.087412997561075e-05
движимый,1.087412997561075e-05
привстанет,1.087412997561075e-05
людскому,1.087412997561075e-05
блистающими,1.087412997561075e-05
обратится,1.087412997561075e-05
язвы,1.087412997561075e-05
напрягутся,1.087412997561075e-05
пороку,1.087412997561075e-05
клевете,1.087412997561075e-05
жилы,1.087412997561075e-05
преображаются,1.087412997561075e-05
разгорится,1.087412997561075e-05
нравственною,1.087412997561075e-05
вырастают,1.087412997561075e-05
следить,1.0858728204094996e-05
оковывает,1.0858728204094996e-05
исследованы,1.0858728204094996e-05
отдается,1.0858728204094996e-05
ученым,1.0858728204094996e-05
изощряется,1.0858728204094996e-05
ослепнув,1.0858728204094996e-05
вкрадывается,1.0858728204094996e-05
пораженному,1.0858728204094996e-05
дедом,1.076437810894948e-05
поспешающих,1.076437810894948e-05
мисс,1.076437810894948e-05
заревом,1.076437810894948e-05
населило,1.076437810894948e-05
едущая,1.076437810894948e-05
фону,1.076437810894948e-05
швейцарском,1.076437810894948e-05
богато,1.076437810894948e-05
молодою,1.076437810894948e-05
вальтера,1.076437810894948e-05
сопутствующих,1.076437810894948e-05
кавалькада,1.076437810894948e-05
пропетая,1.076437810894948e-05
оттеняется,1.076437810894948e-05
угрюмой,1.076437810894948e-05
дикая,1.076437810894948e-05
скотта,1.076437810894948e-05
шотландском,1.076437810894948e-05
леди,1.076437810894948e-05
войне,1.076437810894948e-05
хижин,1.076437810894948e-05
багровому,1.076437810894948e-05
извилистой,1.076437810894948e-05
баллада,1.076437810894948e-05
рассказанный,1.076437810894948e-05
крепкий,1.076437810894948e-05
багровым,1.076437810894948e-05
песчаной,1.076437810894948e-05
лютни,1.076437810894948e-05
сосет,1.0395497075426276e-05
пауком,1.0395497075426276e-05
взбегал,1.0395497075426276e-05
осматривал,1.0395497075426276e-05
обегал,1.0395497075426276e-05
скрипучим,1.0395497075426276e-05
прибавлением,1.0395497075426276e-05
проткнет,1.0395497075426276e-05
забирался,1.0395497075426276e-05
оторвет,1.0395497075426276e-05
стрекочет,1.0395497075426276e-05
жертва,1.0395497075426276e-05
стрекозу,1.0395497075426276e-05
убегал,1.0395497075426276e-05
дохнуть,1.0395497075426276e-05
доскам,1.0395497075426276e-05
промычит,1.0395497075426276e-05
лапах,1.0395497075426276e-05
нарушителей,1.0395497075426276e-05
пойманной,1.0395497075426276e-05
соломинку,1.0395497075426276e-05
соколиными,1.0352452503858074e-05
гряд,1.0352452503858074e-05
грубым,1.0352452503858074e-05
петрушка,1.0352452503858074e-05
безошибочно,1.0352452503858074e-05
лихорадочность,1.0352452503858074e-05
подхватить,1.0352452503858074e-05
прикосновением,1.0352452503858074e-05
подогреть,1.0352452503858074e-05
уроненную,1.0352452503858074e-05
неповоротливой,1.0352452503858074e-05
возвела,1.0352452503858074e-05
вынуть,1.0352452503858074e-05
мрачною,1.0352452503858074e-05
почтительною,1.0352452503858074e-05
очами,1.0352452503858074e-05
бьющаяся,1.0352452503858074e-05
нервическая,1.0352452503858074e-05
салат,1.0352452503858074e-05
тонкость,1.0352452503858074e-05
посолить,1.0352452503858074e-05
приказаниями,1.0352452503858074e-05
подавляются,1.0352452503858074e-05
устремлена,1.0352452503858074e-05
миновала,1.0352452503858074e-05
сорвана,1.0352452503858074e-05
неловкое,1.0352452503858074e-05
чудовищный,1.0206805456743776e-05
созрел,1.0206805456743776e-05
сбивают,1.0206805456743776e-05
виноград,1.0206805456743776e-05
парнике,1.0206805456743776e-05
свертывают,1.0206805456743776e-05
отправишься,1.0206805456743776e-05
колпаке,1.0206805456743776e-05
пошлешь,1.0206805456743776e-05
тесто,1.0206805456743776e-05
крошат,1.0206805456743776e-05
петровны,1.0206805456743776e-05
фартуке,1.0206805456743776e-05
арбуз,1.0206805456743776e-05
завтрашнему,1.0206805456743776e-05
снимет,1.0206805456743776e-05
вертят,1.0206805456743776e-05
валять,1.0206805456743776e-05
писаря,1.0136535591876308e-05
качелях,1.0136535591876308e-05
сменится,1.0136535591876308e-05
немощеными,1.0136535591876308e-05
садами,1.0136535591876308e-05
канавами,1.0136535591876308e-05
каблуки,1.0136535591876308e-05
зашевелится,1.0136535591876308e-05
деревянными,1.0136535591876308e-05
простучат,1.0136535591876308e-05
оборванной,1.0136535591876308e-05
улицами,1.0136535591876308e-05
качающихся,1.0136535591876308e-05
вторым,1.0136535591876308e-05
крапивой,1.0136535591876308e-05
девушек,1.0136535591876308e-05
покоятся,1.0136535591876308e-05
веревкой,1.0136535591876308e-05
тощими,1.0136535591876308e-05
заросшими,1.0136535591876308e-05
занавеска,1.0136535591876308e-05
тротуарами,1.0136535591876308e-05
тротуару,1.0136535591876308e-05
окошке,1.0136535591876308e-05
щегольские,1.0136535591876308e-05
кисейная,1.0136535591876308e-05
визг,1.0136535591876308e-05
непокладные,9.772887097498744e-06
чистыми,9.772887097498744e-06
вселенной,9.772887097498744e-06
угадано,9.772887097498744e-06
концов,9.772887097498744e-06
трогаясь,9.772887097498744e-06
ветр,9.772887097498744e-06
бодрым,9.772887097498744e-06
ходящее,9.772887097498744e-06
проворное,9.772887097498744e-06
понесется,9.772887097498744e-06
внучата,9.772887097498744e-06
принесено,9.772887097498744e-06
обошьют,9.772887097498744e-06
обуют,9.772887097498744e-06
бурный,9.772887097498744e-06
взойдет,9.772887097498744e-06
оденут,9.772887097498744e-06
закроют,9.772887097498744e-06
накормят,9.772887097498744e-06
напоят,9.772887097498744e-06
застелют,9.772887097498744e-06
промышляющее,9.772887097498744e-06
вихри,9.772887097498744e-06
оказывали,8.461889620350443e-06
приемные,8.461889620350443e-06
переезжая,8.461889620350443e-06
привозом,8.461889620350443e-06
вычитывая,8.461889620350443e-06
писаньем,8.461889620350443e-06
передразниванье,8.461889620350443e-06
воротников,8.461889620350443e-06
проспекту,8.461889620350443e-06
определяя,8.461889620350443e-06
унылом,8.461889620350443e-06
шуб,8.461889620350443e-06
енотовых,8.461889620350443e-06
пустоту,8.461889620350443e-06
гаснуть,8.461889620350443e-06
поддерживаемую,8.461889620350443e-06
гуляньями,8.461889620350443e-06
бобровых,8.461889620350443e-06
вечерах,8.461889620350443e-06
положенными,8.461889620350443e-06
сходками,8.461889620350443e-06
губил,8.461889620350443e-06
сносному,8.461889620350443e-06
радушие,8.461889620350443e-06
омаров,8.461889620350443e-06
