Word,Frequency
обломов,910
захар,469
илья,318
спросил,272
ольга,266
штольц,264
ильич,230
жизни,226
обломова,200
глаза,171
тарантьев,157
ним,142
ах,134
дома,132
дело,126
андрей,122
голову,118
знаю,116
отчего,114
лицо,112
думал,110
спросила,108
руку,105
письмо,102
глядя,99
завтра,98
руки,97
отвечал,93
любви,93
делать,92
взгляд,89
хотел,88
сердце,88
боже,85
бог,85
начал,85
прибавил,84
захара,82
глазами,81
тихо,81
говорила,79
знает,78
ольги,78
жить,76
точно,74
продолжал,70
любовь,70
иван,70
прежде,69
одна,68
какие,68
дом,67
головой,67
барина,67
деле,66
анисья,65
друг,65
хозяйка,64
заметил,63
стало,63
доме,62
слова,62
лице,61
дверь,61
свой,60
барин,60
минуту,59
рублей,59
той,59
пошел,58
скажет,57
глазах,57
говорить,57
сердца,56
штольца,56
глаз,56
мысль,56
матвеевич,55
денег,55
счастья,54
деревню,54
друга,53
взглядом,53
слезы,52
агафья,52
знаешь,52
взял,52
место,52
видел,52
рукой,52
дай,51
дела,51
правда,51
деньги,51
едва,51
души,51
ума,50
одно,50
никто,50
оттого,50
отвечала,50
матвеевна,50
ехать,49
отец,49
вперед,49
сторону,49
знать,49
могу,49
говорят,49
обломову,49
счастье,48
прибавила,48
лица,48
ноги,48
мысли,47
повторил,47
квартиру,47
люблю,46
вместе,46
алексеев,46
смотрел,46
другую,45
ольге,45
перебил,44
домой,44
скажу,44
голос,44
комнате,44
человека,44
дня,44
молча,44
стороны,44
медленно,44
сделать,43
должен,43
кум,43
вчера,43
другого,43
ко,43
руками,42
платье,42
иначе,42
молчал,42
подумал,42
ильича,42
комнату,42
знал,42
пусть,42
скучно,42
силы,41
нечего,41
женщина,41
кофе,41
постели,40
мать,40
вопрос,40
всякий,40
любит,40
какое,39
двери,39
возразил,39
сделал,39
писать,39
тетка,38
ночь,38
видно,38
стоит,38
задумчиво,38
сюда,38
обедать,38
право,38
улыбкой,37
которую,37
среди,37
читал,37
ум,37
видишь,37
пожалуй,37
голосом,37
одну,37
бывало,37
думала,36
поди,36
дни,36
утром,36
смотрит,36
покойно,36
быстро,36
шел,36
идти,36
вздохнул,36
ольгу,35
обеда,35
хочу,35
пришел,35
прямо,35
делает,35
деревне,35
придет,34
произнес,34
хозяйки,34
сидит,34
заключил,34
раза,34
слово,34
ушел,34
письма,34
чай,34
братец,34
скажи,34
легко,34
книгу,33
недели,33
деревни,33
ходит,33
хотелось,33
город,33
пошла,33
целый,33
стали,32
брат,32
сон,32
голова,32
думать,32
ребенок,32
захару,32
весело,32
детей,32
женщины,32
которое,32
смотреть,32
головы,32
месте,32
свет,32
своим,32
ужасом,32
глядел,32
заговорил,31
станет,31
господи,31
скорей,31
своем,31
лежит,31
могла,31
вслух,31
постой,31
остановился,31
образ,31
душе,31
пойдем,31
больно,31
ильи,31
границу,30
видеть,30
книги,30
хочется,30
гости,30
таким,30
сквозь,30
ma,30
дал,30
кухню,30
барину,30
часа,30
сел,30
жил,30
голове,30
нос,30
скоро,29
душу,29
видит,29
отца,29
говори,29
утро,29
стол,29
никак,29
комнаты,29
знала,29
бога,29
откуда,29
обе,29
ногу,28
слушал,28
посмотреть,28
ольгой,28
вздохом,28
строго,28
места,28
жизнью,28
радости,28
непременно,28
слезами,28
ответа,27
свете,27
полно,27
однакож,27
смотри,27
идет,27
матери,27
смотрела,27
делал,27
вместо,27
план,27
обломовке,27
казалось,27
подле,27
живо,27
читать,27
иванович,27
задумался,27
другом,27
хотела,26
утра,26
велел,26
досадой,26
разные,26
чувство,26
забыл,26
твердил,26
любить,26
ночью,26
никому,26
вечером,26
сидел,26
мере,26
пристально,25
ясно,25
например,25
своему,25
тяжело,25
взять,25
кухне,25
часов,25
tante,25
указывая,25
неделю,25
видал,25
сирени,25
батюшка,25
людей,25
ногой,25
михей,25
сапоги,25
взглянул,25
воли,25
минуты,25
делается,25
счастлив,24
конца,24
долг,24
напрасно,24
чувства,24
братца,24
штольцу,24
мое,24
вопросы,24
уехал,24
шляпу,24
грудь,24
такого,24
стола,24
дети,24
пальцем,24
спрашивал,24
хочет,24
выдумал,24
богу,24
угол,23
стала,23
спросить,23
слез,23
хотите,23
саду,23
слышно,23
хлеба,23
слава,23
сергеевна,23
вечера,23
руках,23
молчала,23
робко,23
спать,23
разговор,23
отозвался,23
ужели,23
стараясь,23
никакого,23
спину,23
дворник,23
илье,23
мужа,23
решительно,23
нашел,23
горе,23
катя,23
крайней,23
слов,23
стороне,23
окна,23
решил,23
говорили,23
мужики,23
тотчас,23
андреич,23
хуже,23
ходить,23
ответ,23
век,22
неловко,22
собаки,22
одном,22
иваныч,22
ради,22
уме,22
страсти,22
язык,22
живет,22
страшно,22
андрея,22
плохо,22
здоровье,22
плакать,22
забыла,22
изумлением,22
тетки,22
бумаги,22
глубоко,22
минут,22
груди,22
проворно,21
сделает,21
усмехнулась,21
положил,21
навсегда,21
ворот,21
глядела,21
обед,21
вовсе,21
лениво,21
жена,21
стану,21
свадьба,21
грусть,21
вошел,21
другим,21
ног,21
шаг,21
шепотом,21
равно,21
пишет,21
думаю,21
воскресенье,21
старосты,21
диван,21
сказали,21
столе,21
взгляда,21
видела,21
подумать,21
боюсь,21
неделе,21
час,21
нежели,21
взяв,21
пыль,21
пойду,20
поедем,20
вообще,20
новый,20
столько,20
спрашивала,20
сне,20
новую,20
видеться,20
словом,20
говорите,20
лошадь,20
стороной,20
лицу,20
тишина,20
говорю,20
рук,20
ходил,20
идеал,20
квартиры,20
диване,20
имение,20
сил,20
ждал,20
заботы,20
халат,20
торопливо,20
староста,20
спит,20
заметила,20
закричал,20
передней,20
движения,20
вслед,20
слышал,20
знают,19
лицом,19
такую,19
поглядел,19
солнце,19
знаете,19
дворе,19
таких,19
воображение,19
часть,19
чувствовал,19
слышишь,19
делают,19
доктор,19
квартире,19
сильно,19
притом,19
ласково,19
нетерпением,19
немец,19
душа,19
коли,19
молчание,19
писал,19
шла,19
продолжала,19
всякого,19
скорее,19
временам,19
никакой,19
тетке,19
обломовку,19
мгновенно,19
небрежно,19
всей,19
мечты,19
цель,19
гулять,18
чрез,18
прощайте,18
нынче,18
какую,18
самолюбие,18
повторила,18
вспомнил,18
ступай,18
видите,18
прощай,18
слушать,18
обломовым,18
большим,18
взглянуть,18
ильичу,18
собака,18
тише,18
права,18
мир,18
кресло,18
живут,18
пела,18
господа,18
ворота,18
слегка,18
выше,18
послушай,18
удивлением,18
полу,18
крепко,18
раздумье,18
новые,18
каких,18
стыдно,18
всякой,18
краски,17
выйдет,17
прошел,17
рука,17
брови,17
месяца,17
пятьдесят,17
подал,17
готов,17
сын,17
окно,17
сад,17
написал,17
огонь,17
колени,17
помилуй,17
сонечка,17
сердцу,17
природы,17
разных,17
хлеб,17
стоял,17
успел,17
поздно,17
дать,17
встал,17
любила,17
даст,17
мысленно,17
месяц,17
лето,17
новой,17
никаких,17
ушла,17
локти,16
прошептал,16
прошло,16
счастлива,16
боялся,16
получил,16
помнишь,16
рассеянно,16
памяти,16
смех,16
написать,16
ребенка,16
должны,16
губы,16
ногами,16
слышит,16
порядок,16
улыбка,16
барышня,16
некогда,16
другому,16
спросит,16
чисто,16
теткой,16
сидеть,16
впереди,16
знали,16
глядит,16
хорошенько,16
труд,16
незаметно,16
хозяйство,16
волков,16
прочесть,16
взгляде,16
выпьем,16
задумчивость,16
сидела,16
дурак,16
вдвоем,16
чаю,16
помню,16
квартира,16
тысячи,16
посмотрел,16
любите,15
мужчины,15
воротился,15
нетерпеливо,15
трудно,15
покой,15
следовательно,15
няня,15
одни,15
цепи,15
хорош,15
искать,15
волнения,15
думаешь,15
погоди,15
голоса,15
принес,15
вещи,15
увидел,15
покоя,15
двора,15
холодно,15
сомнения,15
плечо,15
пошли,15
половины,15
чувствует,15
читает,15
любил,15
жаль,15
шепот,15
платок,15
послать,15
хлопот,15
пирог,15
случае,15
лесу,15
зная,15
последний,15
обо,15
послезавтра,15
старик,15
жили,15
обеду,15
стул,15
книг,15
просил,15
моей,15
барон,15
пойдет,15
упреком,15
равнодушно,15
воды,15
уши,15
любят,15
жила,15
добрый,15
захаром,15
улицу,15
аллее,15
ошибка,15
никого,15
села,15
илью,15
триста,15
вопросительно,15
могли,15
случилось,15
мол,15
дам,15
рубашки,15
умом,14
узнает,14
обыкновению,14
чувствую,14
роль,14
подошел,14
глядеть,14
выборгскую,14
дохода,14
двор,14
виноват,14
искал,14
забота,14
оттуда,14
черт,14
верно,14
ворчал,14
трудом,14
чулки,14
вижу,14
нарочно,14
делалось,14
анисьи,14
лень,14
одному,14
уйдет,14
осторожно,14
кучер,14
братцем,14
целые,14
доверенность,14
обломовка,14
учился,14
крыльцо,14
анисьей,14
пору,14
тарантьева,14
дескать,14
взяла,14
сухо,14
спал,14
парк,14
столу,14
пол,14
шею,14
указал,14
приехал,14
черты,14
любопытством,14
улице,14
пыли,14
вечно,14
другу,14
речь,14
света,14
серебро,14
деятельности,14
вышел,14
мальчик,14
пить,14
пяти,14
странно,14
дивана,14
хотели,14
сесть,14
лежал,14
остался,14
бумагу,14
ужас,14
первого,14
говоришь,14
летом,14
сна,14
словно,14
огня,14
ивана,14
пути,13
осталось,13
детьми,13
большой,13
нового,13
толпе,13
углу,13
бездна,13
конец,13
обломовщина,13
вечер,13
твоей,13
ждать,13
смерти,13
вероятно,13
цели,13
поглядела,13
угла,13
акулина,13
узнать,13
поле,13
траве,13
casta,13
делаю,13
каким,13
остановилась,13
пришла,13
нехотя,13
слушая,13
ушли,13
дороги,13
наедине,13
шли,13
просит,13
скука,13
котором,13
понемногу,13
свободно,13
нужды,13
грозно,13
сзади,13
сильнее,13
ждет,13
рынок,13
письме,13
анисье,13
волосы,13
судьбинский,13
взад,13
анисью,13
бросился,13
кабинет,13
напротив,13
языка,13
взглянув,13
следует,13
тихонько,13
слыхал,13
посмотри,13
законное,13
умер,13
слушала,13
кричал,13
любовью,13
мягко,13
ночи,13
понадобится,13
всяких,13
ждала,12
заботливо,12
остается,12
ничем,12
огнем,12
возьмет,12
мыслей,12
петь,12
тридцать,12
могло,12
сына,12
узнал,12
богом,12
возразила,12
луч,12
покачал,12
diva,12
поцеловал,12
гостей,12
живое,12
пенкин,12
комнатах,12
плачет,12
несмотря,12
мужиков,12
любишь,12
задумалась,12
начнет,12
поехал,12
женщин,12
годы,12
работы,12
давай,12
виде,12
баба,12
мрачно,12
дорогу,12
чорт,12
сердцем,12
счеты,12
кстати,12
работу,12
ветку,12
решился,12
серьезно,12
мыслью,12
шаги,12
дней,12
своими,12
смерть,12
надолго,12
старый,12
стыд,12
дому,12
громко,12
чувством,12
вопросом,12
прочел,12
уйти,12
посмотрите,12
делах,12
разом,12
море,12
кровь,12
умею,12
лежать,12
лег,12
отвык,12
которым,12
выражением,12
кучу,12
дадут,12
водки,12
вина,12
хозяйке,12
праздник,12
замуж,12
эй,12
вещь,12
сто,12
забыть,12
перебила,12
двести,12
положит,12
ровно,12
видать,12
страстно,12
каждом,12
должна,12
историю,12
пошло,12
неправда,12
пропасть,12
переезжать,12
понял,12
машинально,12
постель,12
редко,12
уголок,11
вынул,11
дали,11
дороге,11
смело,11
давал,11
фрак,11
существования,11
слышу,11
поверенный,11
делу,11
шептал,11
разлуки,11
поеду,11
трофимыч,11
поговорить,11
постоянно,11
велели,11
горячо,11
симпатии,11
небо,11
каждым,11
увидит,11
начать,11
прийти,11
многие,11
господин,11
картины,11
лучи,11
нервы,11
моего,11
силу,11
толки,11
внезапно,11
твои,11
некоторые,11
тысячу,11
мгновение,11
судьба,11
вашей,11
шутя,11
бьется,11
даче,11
чаем,11
частью,11
службе,11
удалось,11
понять,11
отдать,11
управляющий,11
даль,11
стук,11
магазин,11
глубоким,11
перо,11
можете,11
приходилось,11
этакой,11
носа,11
невольно,11
воля,11
иной,11
проснулся,11
шум,11
лбу,11
понимаю,11
жены,11
огород,11
воздух,11
ангел,11
вино,11
города,11
страсть,11
зимой,11
ядовитый,11
станешь,11
понимал,11
вырвалось,11
краю,11
сразу,11
скажите,11
обязанность,11
ругается,11
насчет,11
думает,11
ближе,11
ничто,11
таком,11
алексеева,11
движение,11
выражение,11
пройдет,11
засмеялся,11
живой,11
женой,11
поднос,11
договорил,11
работает,11
слышите,11
дайте,11
словами,11
разу,11
носит,10
характера,10
память,10
заснул,10
дна,10
путем,10
служить,10
вскоре,10
днем,10
шептала,10
пахнет,10
готово,10
спрашивает,10
бодро,10
поля,10
пропал,10
стакан,10
сном,10
одним,10
желание,10
рюмку,10
ходят,10
схватил,10
смотришь,10
поглядывая,10
поедет,10
делала,10
рукав,10
какого,10
спала,10
видя,10
целым,10
этакого,10
предмет,10
милости,10
придут,10
первое,10
заглянуть,10
приехать,10
заниматься,10
смотрите,10
боязливо,10
окон,10
показывая,10
видели,10
цветы,10
горы,10
вскочил,10
блага,10
давеча,10
оставался,10
будущее,10
путь,10
ложился,10
проводил,10
камень,10
вид,10
совести,10
большие,10
службу,10
прошедшее,10
приду,10
вопросов,10
нянька,10
смел,10
положила,10
эх,10
реже,10
ярко,10
постепенно,10
волнением,10
пшеницыной,10
знакомые,10
гляди,10
спине,10
белье,10
остались,10
остаться,10
тени,10
городе,10
зорко,10
рот,10
останется,10
верстах,10
нашей,10
тень,10
театр,10
бессознательно,10
думая,10
многое,10
твердила,10
смеха,10
мечтал,10
мире,10
захрипел,10
духа,10
засмеялась,10
половине,10
словах,10
оставалось,10
ильинских,10
замечал,10
другими,10
надежды,10
лета,10
смысл,10
внутренне,10
отношения,10
штольцем,10
ходили,10
знак,10
свидания,10
настойчиво,10
очередь,10
сапог,10
верить,10
взглянет,10
снег,10
начали,10
печально,10
пожалуйте,10
пришло,10
глубже,10
взгляды,10
человеку,10
полчаса,10
двумя,10
добрые,10
забудет,10
агафьи,10
матвеевны,10
душ,10
сказано,10
сутки,10
лошадей,10
сторон,10
илюша,10
маша,10
иные,10
ходила,10
дождь,10
скаканье,10
дверей,10
сохрани,10
должность,10
ездить,10
здоров,10
начале,10
смотрят,10
монотонно,10
ивановна,10
счет,10
прошу,10
нравится,10
перенес,10
ночам,10
дурно,10
отдал,10
самые,9
цвет,9
такою,9
почем,9
лай,9
послал,9
переменить,9
угрюмо,9
авось,9
случай,9
скуки,9
пришли,9
гору,9
посмотрит,9
воздуха,9
екатерингоф,9
увидишь,9
доброго,9
человеком,9
вести,9
начало,9
слыхать,9
оставаться,9
смотрели,9
начальник,9
расстаться,9
слове,9
пальцами,9
насилу,9
открыто,9
просила,9
передать,9
скажут,9
мимоходом,9
дружба,9
каков,9
пешком,9
полы,9
природа,9
приходило,9
волос,9
поскорей,9
уныло,9
никита,9
надел,9
зевая,9
кончится,9
гость,9
помилуйте,9
вяло,9
лес,9
любопытства,9
бежать,9
вишь,9
прошли,9
живые,9
разными,9
игра,9
звуки,9
обществе,9
слушаю,9
немца,9
правду,9
оставил,9
знакомых,9
книга,9
куме,9
решить,9
видала,9
дает,9
отчасти,9
простите,9
прошлое,9
имения,9
здоровья,9
беспрестанно,9
работать,9
ужо,9
светло,9
самое,9
платком,9
сила,9
желаний,9
плеч,9
этак,9
андрюша,9
встанет,9
начинается,9
затылок,9
славная,9
очнулся,9
пуще,9
обращаясь,9
помнит,9
ужель,9
поехать,9
картин,9
остановились,9
тупо,9
полдень,9
ужаса,9
окну,9
далее,9
полгода,9
беда,9
сознанием,9
раздался,9
барыня,9
барышню,9
обстоятельствам,9
мухояров,9
лежали,9
часы,9
верю,9
отдали,9
сядет,9
стою,9
болтать,9
дыхание,9
накануне,9
лакей,9
улыбнулась,9
свадьбе,9
старые,9
просят,9
лежала,9
речи,9
квасу,9
лаем,9
землю,9
выйти,9
забот,9
переехать,9
парке,9
вздумал,9
затертый,9
ел,9
сюртук,9
лоб,9
воздухе,9
лежало,9
узнала,9
делом,9
удивления,9
уходил,9
обедал,9
умереть,9
рад,9
пение,9
локтями,9
сознательно,9
шагу,9
считать,9
попал,9
большую,9
широко,9
ездил,9
помни,8
чашки,8
храпенье,8
совет,8
новости,8
вечная,8
момент,8
ассигнациями,8
упрямо,8
налево,8
каждой,8
билось,8
желания,8
людям,8
изредка,8
рода,8
согласия,8
горло,8
прошла,8
женится,8
платья,8
лучей,8
отрицательно,8
девочка,8
наших,8
васька,8
магазина,8
неподвижно,8
носил,8
можешь,8
рубашку,8
матвеевича,8
взяли,8
кучера,8
последние,8
переехал,8
приговор,8
вопросами,8
гордость,8
держать,8
показать,8
срок,8
суп,8
родственник,8
сделали,8
занятия,8
крикнул,8
старался,8
купить,8
лука,8
подняв,8
воспоминания,8
оглядываясь,8
извольте,8
явится,8
двору,8
приходит,8
одеваться,8
борьбы,8
приедет,8
явлений,8
людях,8
болен,8
читаю,8
грех,8
поднимая,8
сидели,8
покажется,8
жених,8
плечами,8
горько,8
несчастный,8
дачи,8
жилет,8
присутствием,8
написано,8
пойти,8
ожидая,8
лошади,8
заметно,8
вошла,8
скажешь,8
кресле,8
худо,8
сторонам,8
выходит,8
досказала,8
большое,8
послушайте,8
причина,8
захарка,8
контракт,8
обломовцы,8
заговорили,8
умеет,8
жара,8
получит,8
горит,8
подать,8
вздор,8
верст,8
чтение,8
вздохнув,8
сказав,8
считал,8
вставайте,8
забудь,8
лукаво,8
погодите,8
зеркало,8
подай,8
давала,8
конце,8
раздается,8
увидя,8
экипаж,8
каком,8
заглядывал,8
спрашивали,8
иди,8
перееду,8
проговорил,8
носом,8
начинает,8
первая,8
нужен,8
работа,8
аллею,8
ложь,8
прочие,8
характер,8
ожидал,8
локтем,8
добра,8
дала,8
появилась,8
задумывался,8
повелительно,8
хозяин,8
радостью,8
взглянула,8
сударь,8
общество,8
жалованье,8
татьяна,8
оставь,8
идут,8
направо,8
нежен,8
напишу,8
мастер,8
сознание,8
мужем,8
заключила,8
достоинством,8
петербург,8
покорно,8
выборгской,8
знакомый,8
облако,8
быт,8
бросил,8
перешла,8
преданность,8
стыда,8
шее,8
прочитал,8
музыку,8
внутри,8
прежний,8
щеку,8
оглядывая,8
темно,8
солнца,8
натурально,8
зубы,8
учиться,8
случалось,8
которыми,8
готова,8
разговора,8
радостно,8
срам,8
покажу,8
ошибки,8
читали,8
чешется,8
легче,8
миг,8
ужасно,8
напишет,8
двадцати,8
пойдут,8
удар,8
части,8
садясь,8
гордостью,8
подь,8
слушай,8
барином,8
баб,8
решила,8
виду,8
хозяйкой,8
стену,8
молчит,8
овраг,8
беспокойно,8
уроки,8
отворил,8
подала,8
помещик,8
досадно,8
двенадцати,8
словам,8
потерял,8
рассказывать,8
кабы,8
сорок,8
несчастья,8
явления,8
андрюши,8
боялась,8
чужой,8
дрова,8
навстречу,8
смехом,8
глубокого,8
лежа,8
поприще,8
нашла,8
играть,8
ученья,8
дорожке,8
ловко,8
бывал,8
днях,8
обернулся,8
зиму,8
подтвердил,8
петербурге,8
покое,8
требует,8
сестра,8
двое,8
радость,8
опершись,8
сделается,8
счастью,8
домом,8
смотря,8
бедный,8
беспокойством,8
воспитание,8
пишут,7
глубокой,7
почувствовал,7
известно,7
старого,7
розовые,7
живешь,7
музыка,7
положим,7
слышится,7
цыплята,7
входил,7
испугался,7
страха,7
тоски,7
происходит,7
собственной,7
ездит,7
церковь,7
мечта,7
мужчиной,7
мучительно,7
дружбы,7
какими,7
опыта,7
гостиную,7
спроси,7
спрятал,7
яростью,7
проснется,7
понимала,7
боязнью,7
возьми,7
хороший,7
врешь,7
поцелуй,7
шатается,7
сосед,7
земляк,7
биение,7
цыплятами,7
реки,7
пола,7
уходя,7
улыбку,7
раздалось,7
пропадает,7
расскажите,7
рукава,7
увижу,7
отвечает,7
подписать,7
бакенбарды,7
течение,7
пятно,7
старуха,7
посмотрела,7
живу,7
чулок,7
добрая,7
стены,7
благодарю,7
тарелку,7
деревьев,7
грубо,7
бросилась,7
тяжесть,7
тела,7
шеей,7
истина,7
беспорядок,7
губах,7
молчали,7
кончить,7
большими,7
заплакала,7
литератор,7
остановил,7
малейшего,7
трех,7
газеты,7
вашего,7
вышла,7
замолчал,7
самый,7
карман,7
тоска,7
роли,7
покойника,7
ребенком,7
старухи,7
слуга,7
присутствие,7
узор,7
становилось,7
труда,7
покраснел,7
глупости,7
настоящее,7
женщине,7
братцу,7
служил,7
велела,7
явилась,7
возьму,7
гроша,7
имеет,7
искала,7
поезжай,7
веки,7
бодрость,7
жив,7
нету,7
обломовых,7
плечу,7
бросила,7
старая,7
апатию,7
бежит,7
тарантьеву,7
играют,7
недоставало,7
именины,7
дачу,7
край,7
твое,7
кулаком,7
готовый,7
ложу,7
свадьбу,7
болезни,7
маленького,7
ждали,7
общий,7
спрашивать,7
платка,7
немцу,7
врет,7
лежат,7
торжественно,7
ленивой,7
щеки,7
театре,7
силами,7
встав,7
слышь,7
новая,7
авторитет,7
улыбалась,7
должности,7
намерения,7
подносом,7
встала,7
голосе,7
ильинскую,7
трепета,7
неделя,7
примется,7
замечает,7
светлое,7
поблекло,7
тоской,7
ест,7
дают,7
оправдывался,7
звали,7
курс,7
отлично,7
жду,7
моет,7
имением,7
человеке,7
птица,7
заемное,7
зла,7
волнение,7
движется,7
рубль,7
подумаешь,7
совершенно,7
вечеру,7
роще,7
плетень,7
гривен,7
едем,7
лежанки,7
держал,7
будущего,7
делам,7
погрузился,7
нехорошо,7
пятидесяти,7
природе,7
досказал,7
открыть,7
жаром,7
удовольствием,7
берегу,7
скороговоркой,7
пятна,7
славно,7
цыпочках,7
испугом,7
подробности,7
упал,7
симптомы,7
гонят,7
дремоту,7
хозяйской,7
господь,7
помолчав,7
палату,7
блеск,7
съехать,7
нужна,7
копеек,7
письму,7
хотят,7
зевнул,7
сидят,7
тайком,7
благополучно,7
живостью,7
перемен,7
диковина,7
боль,7
горле,7
внимания,7
ляжет,7
пустяков,7
сыну,7
праздно,7
сада,7
бок,7
уехали,7
крестьян,7
холода,7
ваня,7
науки,7
здравствуйте,7
становилась,7
собрались,7
сигару,7
село,7
простым,7
подходите,7
наружу,7
мужик,7
мучилась,7
восьми,7
дне,7
значительно,7
дитя,7
иваном,7
шаль,7
умел,7
десяти,7
цыплят,7
мирно,7
чиста,7
длинные,7
недоимки,7
служит,7
вечное,7
фрака,7
волновался,7
похоже,7
новость,7
сделала,7
губами,7
андрюшу,7
вчерашнего,7
белые,7
прямой,7
подумала,7
прежнего,7
уверенностью,7
читала,7
оброк,7
сверх,7
светом,7
читаете,7
французский,7
зовут,7
женщину,7
броситься,7
блюда,7
наслаждением,7
бумага,7
грибами,7
сфере,7
привык,7
считая,7
поднял,7
палате,7
тепло,7
злобно,7
ехал,7
помните,7
темноте,7
рассказал,7
пальцы,7
наделал,7
стать,7
палец,7
счастьем,7
изменился,7
галстук,7
силой,7
жарко,7
поступить,7
народ,7
надевать,7
галереи,6
вглядываясь,6
меры,6
бледный,6
хозяйку,6
прервал,6
детстве,6
шагов,6
вышло,6
звал,6
разбирать,6
зашел,6
необходимо,6
пиши,6
ухо,6
поет,6
улыбке,6
четверть,6
своею,6
любили,6
полей,6
любовался,6
нева,6
горечью,6
родился,6
рассказ,6
удавалось,6
жильца,6
треск,6
пропащий,6
иваныча,6
сошел,6
смешил,6
дрожат,6
становится,6
презрением,6
настанет,6
ожидании,6
местах,6
извозчика,6
кротко,6
живого,6
марья,6
открывая,6
гаснул,6
являлась,6
смущенный,6
щетки,6
вопроса,6
суд,6
третьего,6
сходить,6
бойся,6
бросалась,6
милый,6
часам,6
послышался,6
страшное,6
решено,6
часу,6
родителей,6
бормотал,6
царство,6
явился,6
уехала,6
молчанием,6
уехать,6
простой,6
первой,6
встать,6
поглядев,6
щеках,6
увидите,6
савич,6
купил,6
кате,6
старалась,6
няни,6
готовить,6
птицы,6
борьбу,6
открыла,6
прожил,6
упадет,6
чувствовать,6
самолюбия,6
мальчишка,6
ветки,6
траву,6
воротясь,6
стуле,6
понимать,6
выпил,6
посуда,6
обедом,6
участие,6
путешествия,6
нейдет,6
вдова,6
поднимет,6
горя,6
отговаривался,6
коляска,6
пояс,6
хохот,6
подумай,6
видались,6
теплый,6
порядке,6
старым,6
делаешь,6
кусок,6
страх,6
плечи,6
картину,6
река,6
шагнул,6
признак,6
нравов,6
провалиться,6
людской,6
кипит,6
принимать,6
сердитесь,6
боязнь,6
первые,6
свету,6
нерешительно,6
благодаря,6
смущением,6
степени,6
ужин,6
разным,6
сердито,6
обломовки,6
приносил,6
удержать,6
заметить,6
шума,6
бывают,6
аппетитом,6
некому,6
шутка,6
ошибку,6
полюбила,6
пальто,6
умолял,6
берега,6
исчез,6
пожал,6
подавал,6
чужие,6
попробуй,6
мелочи,6
многих,6
наскоро,6
вывести,6
достоинство,6
столом,6
силах,6
давать,6
боку,6
тишины,6
книге,6
невозможно,6
жжет,6
положении,6
заплатить,6
здорова,6
поверить,6
погрозил,6
послала,6
любуясь,6
махнул,6
мальчишки,6
пылью,6
гордости,6
пред,6
симпатия,6
мелочь,6
подозревая,6
дорого,6
настаивал,6
зовет,6
воображения,6
сухой,6
матвеич,6
твоего,6
широкие,6
издали,6
истины,6
женщинами,6
вздохнула,6
толпы,6
старики,6
слезах,6
карету,6
раскаяние,6
хорошего,6
канцелярии,6
впечатления,6
крепче,6
твердо,6
замок,6
угодно,6
поры,6
чемодан,6
невеста,6
покорности,6
коляску,6
обоих,6
зонтик,6
послышалось,6
окончательно,6
повар,6
захотел,6
темнее,6
всякую,6
обыкновенно,6
цветок,6
годится,6
следил,6
совестно,6
такими,6
целая,6
выдумает,6
прочла,6
ай,6
обеими,6
грустно,6
пения,6
отправился,6
гордо,6
благо,6
хозяина,6
кабинете,6
оборачиваясь,6
галерею,6
кончил,6
жаркое,6
фуражку,6
тоном,6
границей,6
увлечения,6
глубокую,6
положения,6
остановится,6
выходил,6
смиренно,6
молния,6
упреки,6
сидя,6
разбил,6
ловить,6
кабинета,6
грязи,6
неожиданно,6
ясные,6
боли,6
привезли,6
история,6
подумаю,6
мая,6
умеешь,6
музыки,6
большая,6
обязанности,6
бегать,6
кататься,6
касается,6
швейцарии,6
концы,6
поедешь,6
хозяину,6
нежность,6
жар,6
мешает,6
обнял,6
вдаль,6
лжи,6
небе,6
воскресенья,6
мебель,6
возможно,6
догадался,6
держит,6
изо,6
посмотрю,6
круг,6
фомич,6
виновата,6
всяком,6
совесть,6
ох,6
семен,6
спрашиваю,6
добро,6
вона,6
русский,6
настоящая,6
прежнее,6
кухни,6
человеческого,6
задумчивым,6
охотно,6
велика,6
усмехнулся,6
приходили,6
переднюю,6
молодой,6
страстей,6
чистой,6
играла,6
комнат,6
страдал,6
изменилась,6
торопил,6
отстал,6
чувств,6
новом,6
поминай,6
ивану,6
лечь,6
дням,6
погиб,6
кликнул,6
широкой,6
беготни,6
приняла,6
окнами,6
позвольте,6
оставить,6
деревья,6
явились,6
намедни,6
вышли,6
мою,6
попала,6
потребности,6
одет,6
дорога,6
милая,6
долю,6
вновь,6
обедали,6
сделался,6
отошло,6
воображению,6
маленький,6
понимаешь,6
кушает,6
случиться,6
тяжелое,6
узнали,6
одеяло,6
временем,6
книгой,6
называется,6
сливки,6
страхом,6
осталась,6
забора,6
почту,6
понимает,6
поговорили,6
нанял,6
внимательно,6
волю,6
бездну,6
добром,6
праздника,6
махнув,6
характере,6
толпа,6
муж,6
выходить,6
сахару,6
шутил,6
происходило,6
кушать,6
звонок,6
ячмень,6
комплимент,6
гораздо,6
зелень,6
верхлеве,6
сплю,6
гулянье,6
ветка,6
важно,6
которою,6
подолгу,6
неужели,6
видали,6
встретился,6
существование,6
яко,6
халата,6
вера,6
встретил,6
положение,6
болит,6
каково,6
ежедневно,6
целого,6
имени,6
поставить,6
отдай,6
полноты,6
тревожить,6
упрекнул,6
пишу,6
причины,6
моих,6
старости,6
ряд,6
родины,6
целковых,6
снял,6
толчет,6
пил,6
наслаждаясь,6
нежной,6
лавочке,6
повара,6
жене,6
переходит,6
началось,6
отвечать,6
положить,6
трепетом,5
терпеть,5
тупым,5
поколения,5
значение,5
времен,5
рост,5
целуя,5
кресла,5
проходил,5
бумажки,5
уеду,5
пожелал,5
сонно,5
глядели,5
смеясь,5
взялся,5
вынула,5
заключение,5
заранее,5
бесконечную,5
заботу,5
крови,5
прошлого,5
братом,5
приложил,5
преданности,5
найдешь,5
помене,5
тысящи,5
покраснела,5
деревянной,5
мрак,5
общего,5
следовало,5
принесла,5
успокоить,5
нездоров,5
сорока,5
местам,5
ильичом,5
ильей,5
очереди,5
закрыл,5
внезапной,5
приискать,5
канаве,5
поэт,5
облака,5
марфа,5
большей,5
складка,5
воздухом,5
слышался,5
чужим,5
людьми,5
сделаю,5
воротились,5
бабы,5
ответом,5
проходит,5
мальчика,5
мужика,5
пелагея,5
вникнул,5
мужчин,5
милость,5
уйди,5
понимали,5
боялись,5
мухи,5
начинала,5
смущении,5
украдкой,5
закусить,5
славный,5
чувствуя,5
зов,5
слух,5
кланялся,5
исправнику,5
огороде,5
спокойствие,5
ильина,5
кусты,5
грусти,5
практический,5
тайну,5
висит,5
подпишет,5
пятого,5
разорвал,5
снять,5
карете,5
змея,5
уловить,5
стен,5
слухи,5
клевета,5
пекли,5
перестала,5
пустить,5
движением,5
падают,5
слабо,5
обломовский,5
целом,5
упреков,5
доверчиво,5
прожиток,5
окружающей,5
побегут,5
мурашки,5
башмаки,5
илюши,5
засыпал,5
капитал,5
никакими,5
заставить,5
добыть,5
россии,5
ногтем,5
учитель,5
брал,5
пользу,5
делали,5
ищет,5
выходило,5
ударит,5
обман,5
дошла,5
соображений,5
довольны,5
дурного,5
прошедшего,5
мигая,5
чистое,5
прибавить,5
уважением,5
мрачен,5
трет,5
дышит,5
наслаждался,5
рощу,5
останавливались,5
терпеливо,5
заставляли,5
читают,5
посланник,5
поставил,5
госпожи,5
цветами,5
падал,5
сияли,5
деятельность,5
втайне,5
вынес,5
уменье,5
посмотрим,5
болью,5
прожить,5
поэзия,5
пироги,5
дождался,5
новых,5
ответит,5
тоску,5
появились,5
здание,5
смутно,5
болезнь,5
узел,5
сонный,5
вещей,5
отчаянии,5
событие,5
тревогой,5
бранью,5
страдания,5
испытывал,5
плакал,5
следит,5
крылья,5
велят,5
фортепьяно,5
скрылся,5
свежее,5
вздумает,5
берет,5
новое,5
норовит,5
выпить,5
щеке,5
привычке,5
мучительной,5
кучеру,5
приходя,5
наведены,5
увезти,5
хрипел,5
живи,5
сижу,5
мосты,5
станем,5
ходя,5
ездят,5
самовар,5
наука,5
пустой,5
локоть,5
положив,5
стой,5
отрезвился,5
огни,5
удастся,5
крайности,5
ребятишки,5
полтора,5
натуры,5
легли,5
тщательно,5
салоп,5
помощью,5
судьбе,5
понадобилось,5
поверил,5
лист,5
привести,5
поверит,5
несчастлива,5
пахнуло,5
перчатки,5
одеяла,5
имении,5
назначение,5
задачу,5
находил,5
движений,5
обращался,5
падает,5
шить,5
играет,5
слушает,5
выговорить,5
участия,5
причин,5
правильно,5
уйду,5
яростно,5
весной,5
свежо,5
лежишь,5
воображении,5
чернильницу,5
предметом,5
рос,5
ощупью,5
упорно,5
начиналось,5
тепла,5
потребность,5
плане,5
идучи,5
хохочет,5
неподвижен,5
буфет,5
сделано,5
вели,5
ласки,5
посоветоваться,5
мешок,5
потрудитесь,5
зайти,5
телятина,5
ноты,5
узнай,5
будущем,5
усмешкой,5
песку,5
замечая,5
покойник,5
съел,5
мороз,5
шопотом,5
вполовину,5
верила,5
главное,5
отцом,5
гостиной,5
дружески,5
привел,5
вывел,5
спят,5
усвоил,5
губ,5
бесед,5
школе,5
суде,5
вследствие,5
школы,5
неба,5
требовал,5
весны,5
едет,5
дремать,5
причине,5
границы,5
обеих,5
необходимости,5
заснуть,5
поможет,5
строгой,5
подобных,5
поэтический,5
пламя,5
сю,5
отчет,5
одинаково,5
схватит,5
духом,5
случается,5
наблюдает,5
канарейки,5
пирога,5
гор,5
помощи,5
аренду,5
надеть,5
тарантьевым,5
первом,5
потихоньку,5
плачут,5
говоря,5
тревоге,5
немцев,5
вечерам,5
ищут,5
расчет,5
земли,5
уйдешь,5
воду,5
недоумением,5
вроде,5
кармане,5
андрею,5
первых,5
остальное,5
приходила,5
поговорим,5
целью,5
готовился,5
надеялся,5
проводить,5
игры,5
приставал,5
семи,5
ворочал,5
перешел,5
самая,5
сцены,5
выучил,5
дамы,5
гладит,5
полуотворенную,5
сунул,5
шкаф,5
купи,5
туман,5
видом,5
кончено,5
кончик,5
скажем,5
боком,5
пот,5
высоко,5
переедешь,5
разбойник,5
разошлись,5
скрыть,5
антип,5
рыбу,5
перемены,5
разница,5
нежно,5
соседей,5
ножей,5
слепо,5
суетится,5
напиши,5
благодарен,5
издержек,5
искусно,5
заложил,5
ванька,5
смеяться,5
очутился,5
случайно,5
беспечно,5
бакенбардами,5
нашего,5
являлись,5
неудовольствием,5
губам,5
трогает,5
дерево,5
иду,5
постройка,5
грации,5
прошептала,5
отдохнуть,5
людскую,5
машина,5
здравствуй,5
сомнений,5
друзей,5
замолчала,5
заговорила,5
крик,5
тревога,5
заеду,5
лежанку,5
бывать,5
намерение,5
явно,5
воспоминание,5
провожая,5
коляске,5
перчатку,5
войдет,5
господ,5
стенам,5
рассказать,5
насколько,5
посуду,5
смолк,5
собирался,5
потолок,5
святой,5
прощения,5
сели,5
пускать,5
порывы,5
положительно,5
обернулась,5
вспомнила,5
убирать,5
брала,5
половина,5
созрела,5
тратить,5
матвей,5
менять,5
увез,5
изумлении,5
холод,5
ворчанье,5
щеками,5
побежал,5
сахар,5
шкафа,5
черту,5
ловил,5
бровей,5
заглянул,5
углы,5
покачала,5
забудьте,5
застал,5
аллеи,5
беззаботно,5
думали,5
направление,5
очевидно,5
комната,5
целой,5
иванов,5
местами,5
имел,5
бросит,5
справки,5
является,5
вставая,5
трое,5
заметит,5
унынием,5
шторы,5
улыбнется,5
князя,5
делай,5
каждую,5
мел,5
уснуть,5
туфли,5
моим,5
следствие,5
светлый,5
организм,5
молодости,5
нашли,5
занять,5
поэтому,5
полюбите,5
покойна,5
счастливая,5
вспыхнув,5
бумаг,5
определить,5
улыбнулся,5
принял,5
ужасе,5
стоишь,5
нечаянно,5
быта,5
нашу,5
шутить,5
ответил,5
настоящий,5
зонтиком,5
скамью,5
веселый,5
весьма,5
дверям,5
прислал,5
разумеется,5
барона,5
подавая,5
встану,5
терпит,5
дух,5
влюблен,5
игру,5
приятно,5
согласие,5
вошли,5
лавки,5
жалкие,5
мышкой,5
попеременно,5
являются,5
гадость,5
содержания,5
стула,5
бумаге,5
эк,5
порыв,5
домов,5
входила,5
усталости,5
побежала,5
ой,5
углов,5
завидя,5
устроить,5
поедемте,5
осенью,5
выдумали,5
оперу,5
вглядывалась,5
страстью,5
успела,5
хитрость,5
обедают,5
проще,5
подушки,5
женат,5
свежестью,5
горечь,5
ошибкой,5
обмануть,5
мсье,5
барышне,5
ответила,5
приходи,5
съезжать,5
рубля,5
наблюдать,5
языком,5
нерв,5
общества,5
считает,5
сонечки,5
помощь,5
служба,5
потолку,5
половину,5
ожидала,5
рассуждал,5
побегу,5
здоровы,5
страстный,5
ровный,5
провел,5
неурожай,5
высоты,4
тронет,4
ввести,4
приехали,4
вспомнив,4
кашель,4
войти,4
убежден,4
увлечением,4
узнавать,4
герасимовича,4
беседке,4
голосу,4
имели,4
писем,4
египет,4
пятницу,4
ненадолго,4
сознавал,4
швейцарию,4
нога,4
строже,4
именем,4
сладко,4
глубокий,4
уронит,4
решительным,4
покойной,4
несет,4
отыскивать,4
шага,4
глупостей,4
начинают,4
вел,4
добавил,4
vii,4
показал,4
красота,4
сложил,4
лакея,4
ребятишек,4
написали,4
спали,4
городничего,4
безмолвного,4
первому,4
увидал,4
упрек,4
хозяйничать,4
разговоры,4
прочее,4
нравилось,4
справедливость,4
получения,4
плотник,4
сего,4
отирая,4
наивно,4
собрать,4
пожить,4
обращения,4
горячка,4
чиновнику,4
обыкновенное,4
слабость,4
свидании,4
старой,4
ильинская,4
тумана,4
барской,4
проявление,4
ножи,4
чиновников,4
фамилии,4
полторы,4
повернулся,4
хозяйства,4
нежным,4
акулиной,4
попросила,4
бегали,4
протягивая,4
отрывисто,4
варит,4
защищался,4
осени,4
грязь,4
женятся,4
принесет,4
кухарка,4
веры,4
стена,4
смелее,4
доски,4
сферу,4
занавески,4
искры,4
голой,4
удивляясь,4
iv,4
необходимость,4
осиновый,4
спрашивают,4
дико,4
узнаю,4
лихорадка,4
звала,4
сергевна,4
житья,4
сообразить,4
деревня,4
умыться,4
болтовню,4
стучало,4
называемой,4
предлагал,4
считаю,4
прочим,4
приятеля,4
сюртуке,4
прохрипел,4
дружбу,4
сорвала,4
слыхала,4
ландыши,4
улицам,4
ii,4
одетый,4
родственника,4
клочок,4
свинья,4
дрянью,4
похож,4
мучусь,4
заглядывая,4
ложа,4
объявили,4
знаком,4
маленькие,4
стоило,4
беги,4
строгий,4
чиновника,4
петуха,4
мести,4
добродушно,4
тюрьму,4
кушал,4
надоел,4
холодом,4
отворачиваясь,4
горячей,4
отставку,4
обратно,4
бросить,4
похудела,4
трубку,4
ежедневное,4
барские,4
захочется,4
намерением,4
впечатление,4
апреле,4
смутилась,4
поднять,4
пищи,4
поэма,4
двум,4
готовится,4
каждому,4
шампанского,4
париж,4
объяснить,4
братцы,4
шампанское,4
убеждение,4
заводы,4
совета,4
призраками,4
приготовить,4
вынести,4
пакетом,4
пороховые,4
свидетелях,4
стекло,4
цветов,4
скорби,4
озеро,4
улыбок,4
печаль,4
радостей,4
судьбу,4
достоинства,4
женщиной,4
снимая,4
заботливость,4
надела,4
взглядов,4
судорожно,4
мерно,4
объявит,4
общественной,4
алексееву,4
франты,4
доход,4
ребенку,4
болото,4
неизвестно,4
карты,4
вспыхнула,4
уху,4
поклонился,4
образа,4
положиться,4
костюма,4
ворочаясь,4
серый,4
каждого,4
бровями,4
кивнула,4
разобрать,4
повторю,4
некуда,4
красными,4
прав,4
свечи,4
мальчишками,4
хватая,4
нанять,4
клопа,4
деревенского,4
немецкой,4
определил,4
деловой,4
испугалась,4
плати,4
ожил,4
лени,4
водку,4
объяснение,4
этаких,4
шкафы,4
отошли,4
паутину,4
забывал,4
стене,4
сказывали,4
страницу,4
голосов,4
благоговением,4
впору,4
масла,4
канвы,4
заплачет,4
красное,4
забыли,4
юбки,4
тревогу,4
баранина,4
объятия,4
зверя,4
прислали,4
гостить,4
будущая,4
пробежал,4
будущих,4
выросла,4
летний,4
отыскал,4
выгоду,4
земляка,4
замечать,4
составил,4
потупя,4
заблистали,4
показалась,4
досказать,4
террасе,4
дура,4
вздыхает,4
парка,4
озираясь,4
контракте,4
бросается,4
веря,4
платьев,4
заикается,4
веселые,4
дворня,4
мужчине,4
кланяться,4
выйду,4
хорошее,4
управлял,4
приобрел,4
прибрано,4
отнюдь,4
пар,4
продолжительный,4
сестре,4
бледен,4
крестьяне,4
недаром,4
книгах,4
наравне,4
ванюша,4
семьдесят,4
торопиться,4
блеска,4
размеры,4
празднике,4
замялся,4
обрадовался,4
пробовал,4
дорогой,4
мелкой,4
немцы,4
ленив,4
наберется,4
рынке,4
оказалось,4
учил,4
стукнуло,4
шьет,4
криво,4
яснее,4
мешай,4
прежние,4
наизнанку,4
днями,4
брата,4
семейства,4
приезжала,4
целую,4
узнают,4
крупно,4
стремлений,4
пустяки,4
гонит,4
завистью,4
торопливость,4
нужны,4
обнимая,4
многого,4
закрыты,4
секретарь,4
ящик,4
связь,4
чужое,4
покойная,4
искра,4
грозя,4
африку,4
кричит,4
крыльца,4
принимался,4
строчку,4
мирного,4
превосходительство,4
частенько,4
зарей,4
viii,4
жертвы,4
самым,4
рыба,4
мигал,4
закрыв,4
произнесла,4
очки,4
выдумать,4
придешь,4
оправдание,4
объявил,4
пакет,4
рассматривая,4
куча,4
смею,4
делаете,4
пишете,4
ругаться,4
трещат,4
шалун,4
забуду,4
остановясь,4
рима,4
румянцем,4
втором,4
проявления,4
обломове,4
тарелкой,4
приезжай,4
слуг,4
просьбу,4
старых,4
поверенным,4
старом,4
прикажете,4
объятиях,4
спаржи,4
дно,4
приказали,4
прочтите,4
получить,4
родились,4
отношении,4
получает,4
желать,4
дворника,4
подарок,4
присылал,4
отвечая,4
бесполезно,4
попроси,4
сильным,4
достанет,4
крики,4
кастрюлю,4
домовому,4
намерен,4
съездить,4
молодых,4
поставит,4
обещали,4
измучился,4
месяцы,4
понюхает,4
чувствуешь,4
сжала,4
увидела,4
бьет,4
прочими,4
сестры,4
родной,4
девушка,4
мещан,4
непонятное,4
протянула,4
среду,4
тайна,4
дошло,4
этакая,4
улыбки,4
заговаривал,4
волнении,4
гостиная,4
дремотой,4
целковый,4
очнувшись,4
попробовать,4
дремоты,4
шьют,4
прилежно,4
заемному,4
ветер,4
звучит,4
богат,4
надежд,4
травы,4
копеечки,4
веришь,4
корова,4
ртом,4
домашней,4
входит,4
зеркалом,4
марьи,4
сяду,4
ищу,4
носовой,4
умирает,4
раздавался,4
шельма,4
чиновник,4
обойти,4
занятий,4
пятьсот,4
средним,4
женился,4
солнышко,4
слеза,4
завтрак,4
алексеич,4
мечтали,4
особенного,4
молчат,4
иглой,4
жива,4
подушке,4
хохотом,4
холмов,4
бровь,4
восток,4
собеседников,4
магарыч,4
знания,4
борьбе,4
быту,4
успели,4
маленькой,4
записку,4
нитки,4
голыми,4
воспитания,4
отказать,4
ударил,4
починить,4
тихое,4
принеси,4
особо,4
поверенного,4
пошевелится,4
чутко,4
месту,4
строить,4
куска,4
упала,4
число,4
поднимает,4
пошлет,4
доктором,4
куртку,4
роскошь,4
снимать,4
свадьбы,4
ломал,4
сию,4
уперся,4
какому,4
садись,4
найду,4
поправил,4
нужное,4
приказания,4
делами,4
фаддеевна,4
приказание,4
пристают,4
достается,4
реку,4
лежанке,4
голая,4
отворялась,4
проходили,4
запас,4
молода,4
встречал,4
отдам,4
бреду,4
склонив,4
легла,4
темный,4
вздох,4
праздникам,4
ильинским,4
залог,4
стыдливо,4
достала,4
поспешно,4
отношениях,4
холодный,4
сумеет,4
нескольких,4
слышать,4
поправить,4
поездку,4
полный,4
расскажу,4
достать,4
прогулки,4
раздастся,4
исповеди,4
ели,4
зеленые,4
мечтала,4
силился,4
месяцев,4
совету,4
рвать,4
честь,4
горели,4
недостатка,4
занимало,4
причину,4
свежесть,4
няньку,4
назвать,4
позвал,4
кухня,4
одних,4
смеет,4
запер,4
подадут,4
скамьи,4
косынку,4
ix,4
давая,4
обругает,4
бесчестье,4
явление,4
выпили,4
спою,4
ровное,4
растолковать,4
подписал,4
выговорил,4
пал,4
остатки,4
испытывать,4
михея,4
жизненные,4
вставать,4
иго,4
боясь,4
пришлось,4
кума,4
обругаю,4
рассказы,4
прибавилось,4
надевает,4
корицу,4
соху,4
носу,4
слышала,4
воры,4
засвидетельствовать,4
ковры,4
счетов,4
жаловалась,4
минута,4
соседи,4
позы,4
явилось,4
плакала,4
называли,4
хорошей,4
смертью,4
мужей,4
кроткий,4
мешать,4
нигде,4
объявить,4
чернил,4
наблюдал,4
деда,4
подставляя,4
обиды,4
подали,4
медные,4
перевод,4
тропинку,4
садился,4
исполнено,4
всякое,4
душно,4
углам,4
главные,4
отсутствие,4
плачу,4
обществу,4
пропадал,4
болезненно,4
вечный,4
лавкам,4
дойдет,4
заводить,4
шагом,4
герой,4
казалась,4
букет,4
свежего,4
лучами,4
тело,4
заботился,4
открыл,4
одинаковым,4
урок,4
начиналась,4
стояли,4
губернатору,4
кончила,4
прислушиваться,4
барону,4
досталось,4
детской,4
вполне,4
грамоты,4
огне,4
снаружи,4
маленьких,4
отъезда,4
образе,4
гнет,4
подпись,4
отчаянный,4
дремоте,4
девушки,4
выражался,4
страшных,4
iii,4
чувствуете,4
оставила,4
моем,4
удерживал,4
жениться,4
нежный,4
прочь,4
рубашке,4
андрюше,4
прикрыв,4
горой,4
умру,4
собаку,4
вольно,4
весна,4
штольце,4
намек,4
устриц,4
радостным,4
галерея,4
строки,4
неведомым,4
всякая,4
крыльце,4
снилась,4
ленью,4
засмеявшись,4
испуге,4
случаю,4
основания,4
опомнился,4
колею,4
воде,4
осмотрит,4
задумывалась,4
общим,4
vi,4
подавно,4
спешил,4
волей,4
гордой,4
берег,4
замечала,4
улыбался,4
подчас,4
тихий,4
воротится,4
чашку,4
спрятав,4
бойко,4
смеялся,4
водой,4
бровью,4
выдержала,4
атмосфере,4
принимая,4
вежливо,4
занимает,4
маменька,4
прочтет,4
пару,4
приятелей,4
горел,4
попадется,4
барышни,4
повторял,4
ученье,4
маленькая,4
глазам,4
увлечение,4
опытности,4
лучах,4
поняла,4
завидит,4
плечах,4
крупными,4
пансионе,4
крепкой,4
пятнадцати,4
просить,4
оставьте,4
лицами,4
дача,4
подтвердила,4
отцу,4
засуха,4
выбежал,4
тошно,4
почитает,4
прожили,4
страхе,4
взрослые,4
черта,4
воротишь,4
европу,4
шеи,4
ужинать,4
замыслы,4
вздрогнув,4
торопился,4
бескорыстно,4
заложить,4
приходил,4
верхом,4
текут,4
занимался,4
умела,4
четырехэтажный,4
редкие,4
нюхала,4
паспорт,4
края,4
недостает,4
горячие,4
спирт,4
сознавала,4
интересы,4
организме,4
схватила,4
табакерку,4
поцеловать,4
широкий,4
какова,4
пристань,4
бросили,4
знай,4
подошла,4
xi,4
кровлей,4
передумал,4
квасом,4
вода,4
ломка,4
чертах,4
няне,4
грустью,4
отстанет,4
нелепость,4
капля,4
подходи,4
восторге,4
нежности,4
стояла,4
писала,4
ужина,4
лежу,4
окнах,4
замирает,4
указывал,4
наслаждения,4
покойный,4
сырости,4
одеялом,4
дышала,4
работой,4
подушку,4
счастливые,4
трактире,4
брали,4
скакать,4
попробовал,4
белом,4
печальный,4
мельницы,4
глазу,4
становился,4
глубокая,4
юношей,4
разглядывал,4
ильинские,4
попасть,4
отворит,4
избу,4
отстану,4
бишь,4
покоен,4
биться,4
явятся,4
больших,4
мужчина,4
гороховой,4
тремя,4
стоя,4
последнее,4
вспыхнет,4
потолка,4
четырех,4
вздрогнул,4
изволите,4
ильинской,4
высказывала,4
нынешний,4
ковре,4
гостя,4
встретились,4
молчания,4
роман,4
новостью,4
проступок,4
ногах,4
сказка,4
печки,4
калитки,4
настал,4
мечтает,4
хозяйству,4
бегает,4
дошел,4
щетку,4
нужда,4
озабочен,4
леса,4
мудрено,4
добр,4
печи,4
большею,4
обернувшись,4
дев,4
подвиги,4
досада,4
борьба,4
тридцати,4
требовала,4
огорчил,4
приготовиться,4
смирно,4
пульса,4
возможность,4
помешало,4
болтовни,4
лишнее,4
отпустил,4
признание,4
дешево,4
углубился,4
останавливался,4
пустите,4
настала,4
надежда,4
бояться,4
молнии,4
трепет,4
радовался,4
пряталась,4
князь,4
следы,4
никите,4
огромный,4
доволен,4
желанием,4
чашек,4
добротой,4
легкая,4
чернила,4
золотой,4
уговаривал,4
задумчивой,4
суббота,4
разбудил,4
стремление,4
посторонний,4
курит,4
департаменте,4
летами,4
прислушивался,4
пары,4
тонкой,4
законный,4
уходит,4
чувствовала,4
летает,4
бедная,4
шло,4
ежедневных,4
неги,4
канаву,4
соблюсти,4
рада,4
хладнокровно,4
привыкает,4
стенах,4
владеть,4
chere,4
случайности,4
сознания,4
соснуть,4
бежал,4
лба,4
недостатком,4
героем,4
такому,4
особый,4
заставлял,4
коротко,4
написав,4
гостях,4
уходила,4
забор,4
осмотреть,4
париже,4
волноваться,4
пели,4
паутина,4
остановиться,4
спокойствием,4
пятнах,4
капустой,4
старому,4
палевые,4
показалось,4
хитростью,4
скучный,3
брызнула,3
встает,3
вызвать,3
полов,3
колоть,3
выглянула,3
четверг,3
клеенчатый,3
силе,3
снятся,3
просидеть,3
разговаривать,3
бежала,3
красоты,3
сильного,3
давали,3
расскажете,3
кружевах,3
умиления,3
совершил,3
подозревал,3
житье,3
угрозой,3
отвращением,3
пожаловался,3
красотой,3
рассуждая,3
обломовского,3
употреблял,3
возни,3
последнюю,3
членом,3
увлекал,3
веселым,3
маслом,3
приносили,3
кудри,3
заглянула,3
отныне,3
скрип,3
заставал,3
варенья,3
дожить,3
речей,3
школа,3
многим,3
решит,3
валяется,3
дороже,3
понедельник,3
отложить,3
маленьком,3
возвратясь,3
поймал,3
жажды,3
купишь,3
герца,3
вуалью,3
светлой,3
плащ,3
замшевые,3
утвердительно,3
лукавый,3
патетически,3
субботу,3
пятеро,3
наполнялся,3
архив,3
антипка,3
торопясь,3
букета,3
ложится,3
лиловое,3
газет,3
обходится,3
жадности,3
разлуке,3
шкафах,3
чистая,3
подходил,3
пьян,3
везти,3
au,3
поэтов,3
вблизи,3
мешаю,3
указанию,3
скамье,3
экой,3
стремления,3
полетом,3
готовили,3
волнений,3
выпей,3
чужая,3
звук,3
грозное,3
матерью,3
поблекнет,3
устоит,3
складам,3
гуляют,3
волны,3
экипаже,3
немецкий,3
теснит,3
павильон,3
распускал,3
месяце,3
встрече,3
вставал,3
нипочем,3
силою,3
логика,3
русская,3
вторая,3
сцену,3
сиди,3
озирается,3
досады,3
уверенный,3
убедительно,3
отходила,3
злу,3
горничная,3
пускают,3
смеется,3
посуды,3
хлопотать,3
решается,3
исчезал,3
ловит,3
дались,3
заплатишь,3
миша,3
уходить,3
переезде,3
человеческих,3
вышивает,3
побежит,3
писк,3
некоторых,3
сладкие,3
кармана,3
щекам,3
останусь,3
отворяет,3
приняться,3
терялся,3
поезжайте,3
мылом,3
сделай,3
выглядывает,3
вздумалось,3
заметив,3
привезет,3
полагаете,3
женихом,3
любопытные,3
упрека,3
шлафрок,3
трудную,3
найдет,3
мелькнет,3
молиться,3
струсив,3
вынет,3
посмотрев,3
баловень,3
сеет,3
машенька,3
смейтесь,3
подходя,3
очнется,3
праздности,3
вулканической,3
дождавшись,3
нищие,3
обещал,3
внутренней,3
сочинители,3
заботами,3
толкнул,3
печать,3
лысым,3
решилась,3
небу,3
тревожно,3
важнее,3
провожает,3
казачок,3
назвал,3
дураком,3
случая,3
генерал,3
приятелями,3
италию,3
негодяем,3
обратилась,3
изголовья,3
будить,3
дверях,3
преданный,3
отличный,3
лестницу,3
волосами,3
мрачнее,3
уговор,3
мосеич,3
чая,3
скажете,3
бурш,3
настойчивость,3
цветах,3
делаем,3
обязанностей,3
лбом,3
мнению,3
советы,3
ставил,3
счастливо,3
долга,3
добровольно,3
начертал,3
кряхтя,3
благодарил,3
обманул,3
приказчик,3
третью,3
рассказа,3
проходят,3
покойнее,3
приговаривал,3
форточку,3
продать,3
гнева,3
обедаю,3
бодрый,3
решиться,3
немецкая,3
половой,3
невозможности,3
умылся,3
известный,3
немеет,3
браслет,3
оказалась,3
закурил,3
гривны,3
хитростями,3
поэзии,3
решать,3
помнить,3
достигнуть,3
принести,3
ясным,3
вымыть,3
адская,3
упорство,3
мрачную,3
отражением,3
жесткие,3
внести,3
плавно,3
наденет,3
речью,3
сияние,3
ломать,3
хозяйственные,3
упасть,3
живем,3
жаркий,3
делая,3
молчишь,3
мучь,3
занимал,3
принесли,3
свежий,3
рай,3
льдом,3
плечом,3
устройства,3
фунт,3
готовились,3
кончились,3
отворилась,3
палата,3
лакеи,3
забудется,3
косо,3
браво,3
закипит,3
перемена,3
мелкий,3
остаются,3
тронул,3
соображения,3
сломя,3
становились,3
отворить,3
толпу,3
прогнал,3
немецким,3
бегом,3
доходов,3
запретил,3
трус,3
поездка,3
гремит,3
свято,3
подвигом,3
кончалось,3
захватил,3
мальчишек,3
солдат,3
новым,3
мягким,3
путешествие,3
чужого,3
отправлялся,3
сны,3
понюхать,3
хозяйские,3
угодить,3
усердием,3
одиноко,3
жертв,3
достоинству,3
вмешался,3
тяжелыми,3
избе,3
вкус,3
propos,3
теплее,3
наливала,3
боится,3
скатерть,3
спокойствия,3
глушь,3
убьет,3
требований,3
сделают,3
вкусом,3
чистым,3
поймает,3
легкое,3
жужжит,3
обстоятельства,3
мчится,3
старуху,3
мыслями,3
холодного,3
корни,3
ключа,3
отнял,3
око,3
успеешь,3
помогает,3
прижал,3
покрыл,3
измято,3
леший,3
послышались,3
скрипнула,3
рукам,3
немезида,3
воспоминаний,3
бед,3
мелочей,3
тенью,3
локтях,3
спящие,3
пробуждались,3
золото,3
передо,3
разбрелись,3
миром,3
сокровища,3
прямого,3
перестал,3
скучна,3
замирающим,3
события,3
детским,3
увлечься,3
больного,3
очнетесь,3
бремя,3
заметною,3
обратить,3
приезжал,3
робкой,3
узкой,3
насквозь,3
поняв,3
мгновения,3
весть,3
пропало,3
исполнил,3
шелковые,3
траур,3
делось,3
похожее,3
ширмы,3
ясных,3
дерева,3
красного,3
вскочит,3
плюнет,3
стояло,3
встретить,3
слуги,3
уезжайте,3
простор,3
отражение,3
признаки,3
отдала,3
страшна,3
русской,3
детскую,3
вину,3
мигнул,3
являлся,3
пожаловали,3
чистит,3
продолжая,3
нянек,3
доброй,3
бедно,3
полежать,3
этакому,3
тянет,3
грустит,3
лучом,3
пропадет,3
держа,3
прошлом,3
спиной,3
исчезали,3
невидимая,3
кидал,3
мер,3
казнила,3
естественного,3
выскочит,3
остановить,3
сближения,3
предстояло,3
сделаться,3
кричать,3
сюрприз,3
никакая,3
отлегло,3
третьем,3
испуганная,3
печке,3
решаюсь,3
слились,3
трещали,3
смолкло,3
горьким,3
заснула,3
листья,3
полотенце,3
безгранично,3
получать,3
забытое,3
оботрет,3
птиц,3
темную,3
форму,3
игла,3
погрузиться,3
предметы,3
бросало,3
собралась,3
чудовищ,3
жадностью,3
увлекалась,3
необыкновенно,3
жалкими,3
горничной,3
работаю,3
ем,3
жалок,3
беспокоиться,3
чудеса,3
выучила,3
внутреннего,3
присутствия,3
тараща,3
уносит,3
ножки,3
сыро,3
раскаянием,3
валялись,3
употребить,3
вспыхнуло,3
ворочался,3
развлечения,3
ведает,3
верхлево,3
сметь,3
грозы,3
играли,3
ослеп,3
увидимся,3
усталость,3
ударов,3
маклера,3
впали,3
сострадание,3
складки,3
уголке,3
пошлой,3
зараз,3
топорами,3
прибавив,3
беспечности,3
движении,3
подписала,3
перестанет,3
надуется,3
родственницы,3
благодарности,3
тряся,3
тетку,3
порядком,3
чересчур,3
избы,3
договорить,3
видимся,3
запах,3
обняв,3
став,3
обрюзг,3
носится,3
тумане,3
головку,3
отошел,3
заметили,3
тихой,3
красавица,3
обитатели,3
следовал,3
сожаление,3
представил,3
впиваясь,3
подальше,3
ярмарку,3
ездили,3
наружности,3
сильные,3
упрекал,3
спрячется,3
поглядит,3
резко,3
уездный,3
стоят,3
наблюдения,3
готовил,3
оврага,3
роз,3
посудой,3
пожелать,3
деревенская,3
полям,3
исчезли,3
коровы,3
ходу,3
большом,3
куры,3
репы,3
безоблачный,3
мечтатель,3
уголка,3
собственноручно,3
щелканье,3
ветви,3
садилась,3
продают,3
поверили,3
простодушно,3
вплоть,3
снегом,3
верьте,3
звучала,3
прихожую,3
молока,3
останавливаясь,3
погреб,3
веровала,3
теплой,3
воплями,3
целое,3
поползли,3
жмется,3
шипенье,3
ядовито,3
слышалось,3
теток,3
пропасти,3
картина,3
тоске,3
таков,3
напоили,3
мужниной,3
курточку,3
сукна,3
движению,3
высказывается,3
покоряется,3
меду,3
одолеваемый,3
доходу,3
настасья,3
спящего,3
обстоятельно,3
белую,3
потрохами,3
суда,3
заветного,3
досуги,3
робостью,3
погулять,3
кружев,3
верна,3
земле,3
няньке,3
марте,3
песчаные,3
падаю,3
селянку,3
положу,3
блеснет,3
голубятню,3
держится,3
наступит,3
разбойники,3
фальшиво,3
исчезла,3
зари,3
крестьянин,3
пожимая,3
греши,3
телегу,3
готовясь,3
обычным,3
печали,3
умилением,3
испуга,3
сумму,3
безусловно,3
настоящего,3
родительская,3
ветреность,3
телу,3
задумчивости,3
образовались,3
побежали,3
апатии,3
чистый,3
играя,3
разольется,3
поклонение,3
детский,3
капусту,3
будущность,3
выпуская,3
плотно,3
нот,3
заведении,3
придерживаясь,3
вспомнишь,3
подойдя,3
грозная,3
деньгами,3
продувной,3
видна,3
рощи,3
надеяться,3
воскрес,3
расстановкой,3
круглыми,3
торопливый,3
спустил,3
брак,3
немой,3
спуская,3
фразы,3
впал,3
баранину,3
растет,3
дождемся,3
приедут,3
взрыв,3
огоньки,3
начнут,3
сомнением,3
жемчуг,3
заведение,3
захохотали,3
детства,3
сну,3
мех,3
рому,3
находя,3
кротким,3
панталоны,3
затеет,3
приехала,3
неудовольствия,3
кверху,3
счел,3
самоваром,3
распорядится,3
рубашек,3
мелькал,3
прыжок,3
рубить,3
услыхав,3
поворачивая,3
чернильнице,3
куски,3
далось,3
мадеры,3
соберет,3
кашлянул,3
бросив,3
закрывал,3
попало,3
ядовитое,3
ключом,3
изменилось,3
ехала,3
неимением,3
тревог,3
приложила,3
ветке,3
помяни,3
сестру,3
обойдет,3
вещам,3
зубами,3
графина,3
поверяла,3
глухо,3
уронил,3
любуется,3
булку,3
нечем,3
пусто,3
глубокое,3
царствует,3
принялся,3
хохота,3
компании,3
намеков,3
уха,3
просьбами,3
достал,3
доставал,3
воротам,3
слушают,3
количество,3
получите,3
оброчных,3
стоны,3
подобные,3
клопов,3
представить,3
лгать,3
средства,3
могиле,3
ладонь,3
думу,3
продажу,3
разнообразно,3
поминутно,3
ежедневной,3
кучей,3
слугам,3
слушайте,3
поискать,3
барском,3
кокетство,3
сору,3
дрожащей,3
девка,3
барчонка,3
прихожей,3
задумчивостью,3
тяжелую,3
догадки,3
сор,3
покидать,3
вечной,3
мети,3
мыши,3
оставит,3
собственного,3
березняк,3
посадить,3
помогите,3
собираются,3
масло,3
усы,3
приспособился,3
потрясла,3
откушенной,3
середину,3
продолжает,3
маятника,3
добавила,3
наступают,3
сумерки,3
корзинку,3
чистота,3
опросила,3
лезут,3
уничтожить,3
стоите,3
сидите,3
хожу,3
любимого,3
блеском,3
скучное,3
усмешка,3
собак,3
показывать,3
морского,3
семейный,3
наталья,3
занялся,3
снилось,3
согласилась,3
оброку,3
нищий,3
мебели,3
вином,3
людских,3
своя,3
суммы,3
моему,3
нюхает,3
походили,3
посмотрели,3
обломовцев,3
сером,3
пожилой,3
взыскать,3
расходы,3
спрыгнул,3
заложив,3
переезда,3
сферы,3
возьмешь,3
дотронулся,3
неподвижностью,3
дышало,3
поездке,3
стакана,3
встрепенулся,3
похожи,3
ходи,3
почвы,3
гора,3
едко,3
возмутить,3
целей,3
завидно,3
шепнул,3
гроб,3
норма,3
книгами,3
изменить,3
росла,3
значения,3
законам,3
напомнил,3
пойми,3
волновалась,3
креслами,3
краснея,3
втихомолку,3
полились,3
образу,3
вникал,3
разбойников,3
долой,3
начиная,3
власть,3
собственный,3
кормят,3
плана,3
особы,3
разбирал,3
прятаться,3
сорта,3
тяжела,3
обида,3
поступка,3
процесс,3
неприятные,3
ногам,3
селам,3
ставни,3
бледнеть,3
смутился,3
кресел,3
отвернулась,3
потеряно,3
мальчиком,3
поутру,3
приподнялся,3
трепещет,3
успеет,3
призраки,3
попалась,3
мертвецы,3
ильин,3
вздрогнула,3
сильна,3
сделалась,3
ночей,3
выглянет,3
верили,3
ложечку,3
семействе,3
прощаться,3
мостик,3
торопитесь,3
грозил,3
дошли,3
старыми,3
принялись,3
падения,3
десятка,3
признаться,3
получишь,3
похороны,3
уселся,3
устроил,3
небесное,3
румяными,3
густые,3
заново,3
прости,3
намеки,3
каменная,3
андреича,3
зелени,3
выходя,3
кушанье,3
опухоль,3
минувшем,3
написанное,3
немедленно,3
собственных,3
устанете,3
потерялся,3
бледна,3
мяснику,3
открывалась,3
вашем,3
уткнув,3
доходы,3
заиграет,3
услышите,3
угадал,3
удобно,3
донес,3
мотька,3
походит,3
спрятаться,3
головами,3
покойного,3
могилы,3
тянется,3
тряпки,3
барского,3
заботливое,3
предположение,3
пищу,3
поразило,3
ружье,3
зиме,3
угадала,3
театра,3
праздников,3
семейных,3
найдя,3
обрадовавшись,3
правой,3
крыльями,3
воскликнул,3
гостю,3
наяву,3
шутливо,3
веткой,3
вверху,3
стариков,3
нежностью,3
важности,3
наседки,3
покорной,3
портреты,3
пошатнется,3
проживете,3
жирное,3
ударом,3
глуши,3
решение,3
увидят,3
развращение,3
жалких,3
добры,3
ход,3
велено,3
бессознательная,3
свободнее,3
душой,3
грызло,3
потеряла,3
рту,3
благодетеля,3
бабушка,3
сухарями,3
отослал,3
позовет,3
виноватого,3
состояние,3
вздрагивала,3
отважно,3
зашли,3
нравственно,3
верил,3
искренне,3
заставил,3
бить,3
грациозно,3
невидимые,3
приглашение,3
войдя,3
показался,3
sait,3
повторения,3
джентльмен,3
мучился,3
тратил,3
полным,3
прибавлю,3
dieu,3
порывов,3
седых,3
франтов,3
опустив,3
следами,3
бытия,3
галлюцинации,3
предупредил,3
приподнять,3
сосредоточилась,3
прятать,3
расстройство,3
последнего,3
нормы,3
жег,3
кончит,3
изволили,3
высунулась,3
посадила,3
конуры,3
рождеству,3
пугаться,3
сниться,3
послали,3
уважать,3
служат,3
молодое,3
видят,3
мудреной,3
осторожнее,3
полюбить,3
простое,3
кофейной,3
заставит,3
впоследствии,3
посылал,3
показаться,3
влиянием,3
избавил,3
опасаясь,3
больна,3
злости,3
интересовался,3
действовать,3
внезапных,3
претензии,3
дрожащим,3
итак,3
попался,3
бросится,3
наследство,3
люби,3
хождения,3
награду,3
отойдет,3
приход,3
усмехается,3
чудо,3
близком,3
ласковый,3
закричу,3
мужиками,3
теле,3
примет,3
искрой,3
лучшего,3
хождение,3
поднималась,3
разносчик,3
кашляет,3
молчи,3
приятелю,3
будущий,3
телом,3
двигалась,3
изумленными,3
презрения,3
дверью,3
mon,3
воображал,3
провожала,3
умной,3
хлопоты,3
ведут,3
подойдет,3
сближению,3
готовилась,3
способен,3
говорило,3
пойдемте,3
гребенку,3
сослуживцы,3
сряду,3
служили,3
шитую,3
замахиваясь,3
бегал,3
боковой,3
пропадешь,3
грубый,3
черными,3
чудак,3
частию,3
алексеевым,3
печальных,3
табаку,3
зеркале,3
пытливый,3
надменно,3
перестань,3
балконе,3
пирожки,3
зашипел,3
стучат,3
прекрасное,3
столов,3
навыкате,3
жалости,3
идею,3
области,3
сильный,3
почву,3
открытий,3
жену,3
ушей,3
длинная,3
заехал,3
думаете,3
стеной,3
растолковал,3
счастливым,3
пускался,3
начнется,3
станут,3
гороховую,3
высоте,3
грезилась,3
беден,3
повторить,3
простые,3
осень,3
кончилась,3
припомнил,3
ворочать,3
теорию,3
умственного,3
косясь,3
обращении,3
статуя,3
лихорадочно,3
тайны,3
горячего,3
персики,3
волнуясь,3
одушевлением,3
простая,3
сфера,3
опустился,3
пробыть,3
губерний,3
мечтать,3
высокую,3
иным,3
едут,3
боролся,3
фома,3
бываете,3
искреннего,3
мирной,3
утомленный,3
кровью,3
невидимо,3
беспокойстве,3
экая,3
выехал,3
тон,3
задумчивее,3
издержки,3
законы,3
получу,3
пшеницыну,3
весел,3
сбыть,3
блестят,3
постараюсь,3
хороша,3
шевельнулась,3
обратился,3
акулины,3
лукавства,3
поселиться,3
провинции,3
семейное,3
производительности,3
выборы,3
лиц,3
впадала,3
предложить,3
ничтожного,3
спешит,3
блещут,3
толку,3
калитку,3
образом,3
учится,3
поискал,3
след,3
постоял,3
добрых,3
заткнутым,3
веселья,3
грудью,3
переделать,3
видишься,3
надобности,3
подолом,3
машину,3
пожаловаться,3
перейти,3
залу,3
акции,3
велит,3
песок,3
рисовал,3
расхохотался,3
оставлю,3
приезда,3
выслушает,3
отдаленных,3
провизии,3
подите,3
сядем,3
тревоги,3
смеешь,3
стулья,3
перспективе,3
голые,3
совершенного,3
принесут,3
ложе,3
кругу,3
петлю,3
мала,3
праву,3
кузнецов,3
поступил,3
торговать,3
лает,3
гостит,3
рубашка,3
фейерверк,3
лету,3
улегся,3
гравюры,3
уважения,3
пускал,3
судьбы,3
одевайся,3
живее,3
выразительно,3
участием,3
завел,3
бегала,3
скотина,3
хорошая,3
герасимовичу,3
поняли,3
сигары,3
медведь,3
умные,3
брать,3
поехала,3
откроет,3
полна,3
мягкий,3
домика,3
советник,3
коллежский,3
задача,3
столкнулся,3
засмеется,3
торопились,3
извергнуть,3
уезжая,3
уездном,3
близок,3
дремал,3
среды,3
вдохновенно,3
честный,3
заботой,3
ясного,3
сарай,3
молодого,3
вакса,3
третье,3
мыло,3
ячмени,3
забором,3
имею,3
сошлись,3
приставала,3
сказывал,3
послушал,3
невинности,3
испытывает,3
ваню,3
семьсот,3
звучен,3
увезу,3
вытаращил,3
суета,3
начальника,3
звать,3
службы,3
заглянет,3
жестоко,3
прилечь,3
подруги,3
мучится,3
понятие,3
простого,3
позволит,3
падении,3
трои,3
приходят,3
отрезвляясь,3
считали,3
второго,3
представлял,3
сторона,3
теряется,3
случаях,3
рассказывает,3
вдовы,3
привычка,3
исход,3
поверила,3
называла,3
шали,3
варить,3
удары,3
угадать,3
послушно,3
вслушиваясь,3
школу,3
побывать,3
пустая,3
серьезной,3
чиновники,3
воззвание,3
сердилась,3
прихода,3
пылающими,3
ольгиной,3
вспомнить,3
старое,3
объятий,3
затишье,3
ленивого,3
отношений,3
получал,3
англичане,3
распорядиться,3
свечку,3
шевеля,3
вырвал,3
секретаря,3
корабль,3
обоим,3
надписью,3
третьи,3
замелькали,3
капусты,3
натуре,3
счастливой,3
скромно,3
пятен,3
дурной,3
кур,3
человечества,3
провести,3
стремительно,3
венец,3
уладил,3
жаркая,3
заря,3
мужиках,3
открыты,3
этажерки,3
клевету,3
берут,3
посмотришь,3
таинственный,3
овладел,3
сияла,3
идея,3
посылать,3
парижа,3
мочи,3
жительства,3
слить,3
появлением,3
магазине,3
услышит,3
велеть,3
покрывало,3
отыскать,3
светлые,3
необычайной,3
сковороду,3
угостить,3
передадите,3
мешал,3
пожалейте,3
мучиться,3
робкий,3
сведения,3
успокоился,3
съедет,3
сдачи,3
содержание,3
придется,3
илюшу,3
бумажку,3
дрожали,3
решились,3
облачка,3
обломовы,3
верхлева,3
ящике,3
договорила,3
жильцу,3
возвращался,3
сестрой,3
куче,3
распускать,3
насильно,3
маленькое,3
вполголоса,3
чужую,3
равнодушна,3
помоги,3
вороны,3
желудок,3
опущенными,3
головка,3
мошенник,3
стыдиться,3
пряча,3
детская,3
сошло,3
сиденье,3
благодетель,3
литературе,3
ошибается,3
песню,3
котенка,3
передам,3
лодку,3
спела,3
покажет,3
предвидела,3
видны,3
еду,3
разберу,3
поважнее,3
просили,3
тяготит,3
бранит,3
умно,3
годишься,3
напомнит,3
потупила,3
восемьсот,3
бароном,3
пасху,3
ягоды,3
влажны,3
привыкла,3
приятельницы,3
погрузилась,3
портер,3
верностью,3
напряженно,3
управлять,3
пении,3
этакую,3
гомозится,3
досаду,3
создание,3
полноте,3
огромные,3
побои,3
оглянулся,3
привез,3
закон,3
центр,3
линии,3
застенчиво,3
талию,3
трубы,3
охота,3
состоянии,3
милостивый,3
государь,3
кумы,3
расстановисто,3
кормилец,3
автор,3
любопытство,3
чищены,3
второпях,3
испуганными,3
неосторожное,3
подумайте,3
подчиненных,3
задели,3
смешит,3
придумал,3
ароматом,3
разлюблю,3
преступление,3
строгих,3
завопил,3
упиться,3
течет,3
бегут,3
дышать,3
неслись,3
загремел,3
пропали,3
выпало,3
покойны,3
знаний,3
проговорила,3
полнотой,3
клянусь,3
обедни,3
женщинам,3
статочное,3
перчатках,3
поцеловала,3
красках,3
запела,3
наказание,3
вдвое,3
поднялась,3
чище,3
вздохами,3
надевая,3
сирень,3
радостный,3
контракта,3
вернулся,3
несносный,3
момента,3
недоумении,3
свежа,3
отвести,3
палит,3
университет,3
быстротой,3
поверял,3
мошенники,3
хозяйстве,3
волнуется,3
поделом,3
перестану,3
мыслях,3
пойдешь,3
останавливая,3
смеются,3
одолеть,3
ваших,3
вообразите,3
пытки,3
водка,3
беды,3
лодке,3
засухи,3
тихого,3
сарказма,3
мест,3
предмете,3
беззаботный,3
отдавала,3
полтинник,3
массу,3
строгая,3
завести,3
гладко,3
получили,3
следующей,3
надеждой,3
обморок,3
нейдут,3
убивает,3
москву,3
сходках,3
била,3
отчаянно,3
гроз,3
размышлял,3
шагами,3
недостало,3
свиданий,3
последнем,3
опустилась,3
мотив,3
взглядывала,3
отер,3
тоненьким,3
уединение,3
мелькает,3
рассказе,3
василисе,3
спеть,3
подобного,3
позволил,3
представь,3
убыток,3
щек,3
статью,3
застыдилась,3
считала,3
серого,3
креслах,3
тяжелые,3
понимания,3
простился,3
возьмем,3
успевает,3
будущую,3
позову,3
умерло,3
прислать,3
планы,3
длинное,3
напишешь,3
тревожиться,3
захотелось,3
семену,3
посадил,3
слову,3
жаловаться,3
патетической,3
любопытный,3
поклоном,3
няньки,3
алексей,3
дыма,3
припоминать,3
естественно,3
кивнув,3
кружева,3
решили,3
наливая,3
гм,3
стыдясь,3
привстав,3
подъехал,3
оного,3
муже,3
спина,3
постойте,3
бледнее,3
исчезнет,3
паутиной,2
уступил,2
оглянулась,2
станете,2
увлечений,2
грубое,2
милитрисе,2
гряды,2
целость,2
кирбитьевне,2
осадок,2
доказательство,2
прояснялся,2
захотят,2
петухи,2
застать,2
злая,2
носят,2
поту,2
юбке,2
встревоженный,2
проклял,2
разыгрывался,2
вступает,2
подождет,2
перестанешь,2
смести,2
лавочнику,2
покорность,2
поговаривали,2
добиваться,2
комизм,2
именинах,2
селе,2
хозяйственная,2
подождать,2
навострив,2
хрипло,2
конюшню,2
наряд,2
бился,2
хождении,2
исполнять,2
двигался,2
готовую,2
приняли,2
ерани,2
смешной,2
нарядной,2
окрестных,2
ленивом,2
печалей,2
возьмите,2
грезится,2
рукавом,2
прыжка,2
толстой,2
почетном,2
наслаждаться,2
умирать,2
отчаянное,2
ветра,2
побоится,2
устроен,2
поверенному,2
трепете,2
бумажным,2
удобство,2
сбросить,2
оставались,2
уменьшить,2
добродушием,2
повествовала,2
послушать,2
тоню,2
реке,2
злую,2
дерзость,2
улыбнуться,2
понесет,2
небольшой,2
началась,2
пансион,2
воротить,2
колпине,2
прикладывал,2
искусству,2
четырнадцати,2
гасну,2
точностью,2
съездов,2
загремели,2
полного,2
яйца,2
уставала,2
обедов,2
пропустит,2
стуку,2
холодна,2
круги,2
ложась,2
застучали,2
поездки,2
бесконечный,2
затруднялась,2
зимний,2
заказать,2
баран,2
радужные,2
добиться,2
поверьте,2
румянец,2
шлет,2
удержаться,2
церемонии,2
рождество,2
кладбище,2
петух,2
стыдится,2
состариться,2
любя,2
школьник,2
мучительнее,2
переменилась,2
правилам,2
закрывая,2
июня,2
беспорядке,2
намерениях,2
редкими,2
потроха,2
неведомой,2
творческий,2
сношения,2
xii,2
молодцы,2
расскажут,2
пользоваться,2
ходим,2
выставилась,2
средством,2
всеобщей,2
лае,2
тринадцати,2
лихорадку,2
отправления,2
заказал,2
темной,2
сдать,2
прибегала,2
медлил,2
отчаянном,2
потянулась,2
именин,2
тупеет,2
иглу,2
умолот,2
холодную,2
дорогам,2
дорожный,2
значило,2
праздниках,2
закапали,2
учителем,2
улетает,2
прошелся,2
думы,2
полю,2
лишний,2
крестин,2
пили,2
малейшую,2
жарче,2
садик,2
мазурке,2
шитье,2
разгула,2
брани,2
скрипи,2
акулину,2
трясясь,2
покрыть,2
подобное,2
замечание,2
парку,2
опасностей,2
повторяла,2
первую,2
построить,2
приняло,2
обстоятельств,2
робкая,2
золовка,2
бедные,2
развитие,2
детском,2
дивились,2
твоих,2
дрожал,2
записывают,2
скрылась,2
грозные,2
рябчики,2
незнание,2
пересчитаешь,2
существованием,2
осетрина,2
заговорит,2
разорились,2
закрыла,2
весну,2
бродить,2
собирает,2
мясо,2
правы,2
разговорах,2
дышал,2
узнав,2
липы,2
сока,2
оземь,2
соберусь,2
бедой,2
сворачивал,2
живым,2
забываться,2
рдеют,2
подарила,2
появлялся,2
уроком,2
ушло,2
убежала,2
понятий,2
замка,2
поступили,2
кустами,2
дрожала,2
искрились,2
открывались,2
суетливо,2
кипела,2
больная,2
могилу,2
пятнышка,2
неудачи,2
называют,2
лился,2
раздражение,2
делалась,2
выговаривало,2
смотрело,2
отекать,2
могил,2
осадка,2
действительности,2
неясных,2
спинку,2
вырвался,2
тратилось,2
шепнет,2
деревням,2
прижала,2
уследить,2
ваточной,2
выхода,2
сдернет,2
панталонах,2
окном,2
хлопотали,2
равнодушие,2
кончиться,2
мелкая,2
орлица,2
постепенная,2
оторвать,2
рассердился,2
свидание,2
укажет,2
шепчет,2
мешало,2
поповича,2
весельем,2
махая,2
тонкий,2
движениях,2
направляясь,2
сваливал,2
ушами,2
одними,2
руси,2
выпьет,2
тарантас,2
здравие,2
подавала,2
спящих,2
пышно,2
накинув,2
дерзкого,2
накинула,2
развилась,2
кирбитьевна,2
милитриса,2
алеши,2
внося,2
борта,2
детство,2
вправо,2
дед,2
сказки,2
старины,2
стыдливого,2
куст,2
наполнится,2
превращается,2
андреичем,2
дядек,2
михеем,2
испуская,2
легло,2
века,2
принуждение,2
пополнела,2
заглядывать,2
дворян,2
секретарем,2
ух,2
пестиком,2
менялась,2
мертвецам,2
шестого,2
жениху,2
облаков,2
выздоровел,2
зверь,2
долгий,2
злой,2
мертвый,2
опрометью,2
попрошу,2
доверчивый,2
идеалом,2
бросался,2
надеясь,2
назначила,2
сыщем,2
выучиться,2
покрывала,2
разрушительными,2
прятала,2
сойду,2
нравственными,2
могилой,2
кочкам,2
образует,2
дернуло,2
ил,2
маленькую,2
прыть,2
оборотням,2
простотою,2
гомера,2
угасло,2
графского,2
беду,2
подробностей,2
должным,2
влево,2
подушка,2
возможным,2
похорошела,2
защиты,2
окружающих,2
стихия,2
похожа,2
сильны,2
власти,2
попробую,2
опасно,2
поднялись,2
кулаками,2
взапуски,2
источник,2
романе,2
влезть,2
сеновала,2
пустит,2
удерживая,2
ступеням,2
соблазнительным,2
олухов,2
молний,2
речку,2
крыльцом,2
земляку,2
пой,2
воротами,2
наслаждается,2
опьянев,2
осмотрел,2
скотный,2
потухал,2
скользят,2
обедает,2
утешался,2
ворочусь,2
поедете,2
соберется,2
эгоизма,2
привезти,2
расход,2
аккордом,2
юла,2
диво,2
опасения,2
наполнены,2
внутренним,2
загадки,2
нынешнего,2
звучал,2
остолбенел,2
догадываясь,2
дамой,2
спрашиваешь,2
бессонницы,2
подхватили,2
свита,2
загорелись,2
старушки,2
переговорю,2
центра,2
настроению,2
серебром,2
просите,2
истинно,2
оглядкой,2
спойте,2
затруднилась,2
чайного,2
полюбили,2
влагала,2
поцелуев,2
оперы,2
напасешься,2
гривенники,2
верный,2
овраге,2
смущения,2
рдели,2
собираешь,2
спрашивая,2
звучало,2
двугривенные,2
дочитывал,2
дрожало,2
противоположную,2
оставлять,2
поговори,2
строгим,2
луг,2
ушах,2
резв,2
устремлен,2
фальшивое,2
решительный,2
обольет,2
окошка,2
верны,2
спешила,2
выплеснет,2
яиц,2
амбара,2
линию,2
бочкой,2
тонкие,2
видения,2
сжатые,2
придавали,2
особенную,2
пушистые,2
симметрично,2
котлеты,2
лежанья,2
обдуманно,2
сводя,2
гармонии,2
портным,2
строгие,2
преследует,2
бездной,2
захватывало,2
винограда,2
бежишь,2
росту,2
терять,2
стыдливом,2
остановит,2
неси,2
излияния,2
горело,2
несу,2
мелькнул,2
опускалась,2
неуменья,2
торжествовала,2
кончилось,2
переулок,2
посылает,2
задумывается,2
гуляет,2
месяцу,2
горам,2
неподвижный,2
сверкает,2
блестит,2
рожью,2
устремленным,2
дымом,2
заплачу,2
захотите,2
растут,2
заговорю,2
переставал,2
властен,2
величиной,2
лугу,2
выходку,2
наклоненной,2
любопытным,2
домашнего,2
утешится,2
неизгладимо,2
стройно,2
памятью,2
ворчит,2
съезжу,2
ром,2
бутылку,2
чулках,2
дружбе,2
учились,2
тропой,2
улыбаться,2
поете,2
сдерживает,2
недоверчивостью,2
одессы,2
мольбой,2
уверенные,2
отверделость,2
ленивее,2
отдайте,2
отравился,2
приготовления,2
известий,2
de,2
задумчивый,2
неве,2
стыду,2
страны,2
рояля,2
разболелась,2
восьмидесяти,2
засмеяться,2
сеют,2
жнут,2
дождя,2
мерцающими,2
молнией,2
огородам,2
обвила,2
перестав,2
спросите,2
извините,2
пристальнее,2
начатые,2
слабости,2
надивиться,2
утренних,2
удержали,2
подоспела,2
светлых,2
находит,2
оброка,2
полнее,2
показывал,2
курица,2
пересел,2
лукавой,2
насущного,2
кровлю,2
отодвигаясь,2
задом,2
посетитель,2
полагая,2
увлекался,2
покоится,2
курице,2
похолодело,2
допроситься,2
мину,2
соскучились,2
незапамятных,2
робким,2
троекратное,2
гнездо,2
откровенности,2
ворочалось,2
успокаивался,2
возили,2
деятелен,2
предприятия,2
пошевелилось,2
случайностей,2
внутреннее,2
вопросу,2
негой,2
мертвое,2
полях,2
застонал,2
шляпа,2
камешек,2
кротость,2
болезненным,2
редкой,2
умыслом,2
обмороками,2
отводя,2
звуках,2
мигни,2
хаос,2
натягивать,2
сумрак,2
пробуждения,2
припал,2
краснеешь,2
фигуры,2
сроком,2
детям,2
бодрой,2
устраняя,2
победу,2
претензию,2
трепещущие,2
удачно,2
выражалось,2
болтает,2
неприятной,2
хохочут,2
качал,2
злое,2
управу,2
встречи,2
молитвы,2
заставили,2
услышу,2
метался,2
читая,2
помириться,2
обратясь,2
сокрушением,2
пойму,2
перепугается,2
лампу,2
сонного,2
ведет,2
повторим,2
странная,2
околоток,2
предварительно,2
особенным,2
соображениям,2
заразил,2
голосами,2
сажен,2
замайте,2
крепка,2
вилами,2
горят,2
труднее,2
стекла,2
прибежали,2
блистали,2
моста,2
редки,2
сиял,2
бодрости,2
палка,2
изнемогал,2
уснула,2
нездешний,2
зародыш,2
вавиловка,2
сосновка,2
разбросанных,2
звуков,2
девического,2
управляет,2
дядя,2
вспыхивал,2
бает,2
замай,2
задумываясь,2
тронуть,2
потекла,2
неприятном,2
почесывая,2
миньятюрных,2
жемчугу,2
рисует,2
заберется,2
родиться,2
бархатцами,2
сбегать,2
открывается,2
вспоминала,2
ямы,2
халате,2
добрался,2
круглых,2
пробегала,2
замерла,2
проходило,2
нетерпения,2
лгу,2
наступила,2
темного,2
подумает,2
огню,2
подвигался,2
переменился,2
поправила,2
поглядывает,2
отнять,2
подозрительно,2
ясность,2
влюблена,2
собачонку,2
горячку,2
огромных,2
коляски,2
сцене,2
вспоминал,2
вихрь,2
перестает,2
объял,2
заливалась,2
халатом,2
шутишь,2
мучителя,2
чулка,2
прах,2
открыв,2
повторяйте,2
пшеницына,2
выходила,2
купец,2
корделии,2
влезет,2
кивая,2
вязать,2
пороге,2
коллежского,2
жарится,2
нитку,2
домик,2
входя,2
свободу,2
заборов,2
осетрины,2
заметного,2
дожидался,2
драгоценное,2
занималась,2
обрадовалась,2
мучительных,2
скучать,2
недоумение,2
страдало,2
празден,2
рваться,2
расставаться,2
сделались,2
заботе,2
охлаждается,2
охотнее,2
лазил,2
отступает,2
физиономию,2
спицы,2
грязными,2
болота,2
пробежит,2
агафью,2
золотые,2
церкви,2
созданной,2
ставит,2
любоваться,2
сталкиваются,2
удивились,2
агафье,2
переносит,2
магазинам,2
страниц,2
выпускать,2
окне,2
новыми,2
матвеевне,2
небрежный,2
матвеевну,2
полосой,2
золотом,2
отворила,2
урывками,2
блуждал,2
представьте,2
втрое,2
жертвовать,2
увидеть,2
голов,2
теряли,2
видаться,2
принеся,2
чащу,2
трепещущего,2
звездах,2
жилец,2
выбираться,2
сосен,2
далекий,2
минутного,2
коленях,2
томным,2
жажда,2
рождали,2
отрывая,2
зевает,2
висках,2
дорожку,2
подумав,2
собираться,2
госпожу,2
нагибаясь,2
пронес,2
располагал,2
пробовала,2
легкими,2
снята,2
поживее,2
убитые,2
появился,2
оханье,2
искали,2
странные,2
густо,2
испытующим,2
пристало,2
глубоком,2
речке,2
скрывает,2
вслушивается,2
вглядывается,2
домашнем,2
маменьки,2
лаяла,2
океан,2
путешественников,2
мечутся,2
тулупе,2
влюблены,2
задумаюсь,2
противиться,2
заборами,2
степанида,2
сомневайтесь,2
индейки,2
ухаживанье,2
покрывалом,2
тонких,2
вспыхнул,2
волнующейся,2
телята,2
пьедестал,2
главная,2
испуг,2
пустыми,2
назвала,2
длинным,2
напомнить,2
ела,2
пригласила,2
орехами,2
влажные,2
заплыли,2
наряде,2
муки,2
сухарей,2
муравьи,2
ошиблись,2
припадках,2
кренделей,2
истерических,2
стыдливый,2
сажая,2
жило,2
суетилось,2
ласках,2
полудня,2
вникнуть,2
мужу,2
голоден,2
передумала,2
настоящей,2
длинными,2
петровна,2
заговорят,2
мечтах,2
обеде,2
заботою,2
сообразил,2
созрело,2
упало,2
яблоко,2
запинаясь,2
практической,2
заклад,2
степаниду,2
ивановну,2
настасью,2
портрет,2
девке,2
девичью,2
диссонанс,2
носился,2
блюдо,2
тихим,2
ковру,2
боскете,2
сумасшедший,2
плющей,2
сойдешь,2
приговору,2
гордым,2
соусу,2
спится,2
отвечаю,2
роялем,2
отказала,2
лапшу,2
предположения,2
приглашения,2
бездне,2
изнеможения,2
поклонится,2
обыкновенной,2
смущение,2
несется,2
отпустить,2
помешал,2
наполнялись,2
листом,2
испытала,2
пройти,2
минутой,2
останавливается,2
шепота,2
проснувшись,2
плох,2
приедем,2
вповалку,2
опытнее,2
услыхала,2
приложив,2
бессмысленно,2
внушил,2
скрывая,2
благословил,2
роптать,2
строгость,2
кокетства,2
умысла,2
посудите,2
пожелаю,2
корделия,2
надежде,2
перевернется,2
неподвижные,2
потерять,2
приятелем,2
друге,2
тайная,2
заснет,2
просидела,2
послушает,2
смешно,2
садовник,2
полезно,2
достойно,2
нерешительностью,2
выслушала,2
расцветало,2
знойный,2
хлопотливо,2
устремленный,2
кренделями,2
остановила,2
дорогих,2
герасимович,2
пирогом,2
безответный,2
услыхать,2
кулебяки,2
особой,2
пошлю,2
невозмутимая,2
повалил,2
крестом,2
мух,2
молчать,2
сенях,2
доктора,2
наступил,2
воцарилась,2
любовники,2
завалился,2
звонко,2
сидевшему,2
заблагорассудит,2
жук,2
пролетит,2
саженях,2
человеческий,2
деревьям,2
полет,2
бредила,2
хаосе,2
ухом,2
оделась,2
обратив,2
флегматически,2
ругает,2
бойкий,2
скача,2
отъездом,2
пищат,2
лезет,2
усиленно,2
вкусу,2
белое,2
смешного,2
сыру,2
славу,2
обещала,2
тьфу,2
нынешнее,2
двинется,2
кати,2
опустила,2
держаться,2
рыдала,2
девушкой,2
озадаченный,2
подожду,2
казачку,2
ложилась,2
сиреневая,2
присылки,2
смела,2
отойти,2
востер,2
мутный,2
поворотил,2
чортом,2
возражения,2
омут,2
идешь,2
крадешь,2
свободным,2
философия,2
кареты,2
нормальное,2
одобрительно,2
попадет,2
поскачет,2
капли,2
наклонила,2
менялись,2
сомнениями,2
прибавлял,2
мажет,2
оправдать,2
надеется,2
парадное,2
съезжал,2
объявив,2
управлюсь,2
терзался,2
антракте,2
строгом,2
веяло,2
испугали,2
неугодлив,2
дорогим,2
пальцах,2
тираду,2
эгоистом,2
бесчувственным,2
местоположение,2
cousin,2
потянулись,2
границ,2
захаровых,2
состояния,2
заговор,2
нешто,2
поймет,2
бесится,2
нервическое,2
действует,2
оставляя,2
судьбой,2
царствии,2
вздрагивал,2
цссс,2
разделаешься,2
желчи,2
никиты,2
собраться,2
противника,2
отроду,2
этакий,2
тяжелая,2
отступая,2
напирая,2
драть,2
наивности,2
доверчивости,2
врага,2
сдержанным,2
коснуться,2
плече,2
святки,2
проснулась,2
высказалась,2
насмешливо,2
сыт,2
желая,2
князья,2
столбовой,2
взглядами,2
унимал,2
жалость,2
лакейским,2
присланные,2
проклятая,2
кучером,2
неву,2
мокрый,2
работай,2
ядом,2
веселость,2
входят,2
красавец,2
умница,2
маятник,2
светлицу,2
войлок,2
ухватит,2
посторонних,2
часах,2
продадут,2
будни,2
карет,2
дышу,2
сознаваться,2
сердечных,2
лысый,2
сжав,2
ведома,2
обмана,2
следующие,2
действие,2
догадок,2
дружескую,2
одетой,2
приходите,2
откапывать,2
европе,2
выйдешь,2
рождества,2
таинственному,2
приставлен,2
унять,2
разочарования,2
ручонками,2
вершок,2
локтей,2
мелет,2
гладить,2
работают,2
поднимал,2
горазд,2
ронял,2
троих,2
кучи,2
нужных,2
гулял,2
кров,2
поздравляли,2
ступает,2
южной,2
решалась,2
березовую,2
чистоте,2
свиданиях,2
боишься,2
выучился,2
навыворот,2
милым,2
система,2
садится,2
обломовская,2
горланит,2
честного,2
торжеством,2
победе,2
взволнует,2
великолепных,2
переводы,2
грозной,2
мальчику,2
михайловны,2
захочет,2
усмехнется,2
умышленно,2
заставала,2
пью,2
светлую,2
вытянув,2
усмехнулись,2
тусклые,2
взаимности,2
теченье,2
недовольный,2
натягивает,2
видится,2
огромного,2
запаса,2
утраты,2
носиться,2
мешают,2
вашу,2
симпатией,2
нагрянет,2
песком,2
домашних,2
плут,2
выгодно,2
чины,2
невыгодно,2
просвещения,2
уверял,2
щадил,2
ропота,2
выведения,2
приносить,2
жаре,2
привычках,2
легкомысленное,2
преграды,2
негде,2
камни,2
раю,2
подешевле,2
блеске,2
хору,2
мундире,2
подозрения,2
америку,2
идеальная,2
отдаленное,2
успокоения,2
странен,2
господом,2
краям,2
привычки,2
мостом,2
советником,2
исполненное,2
десятом,2
жгло,2
мчатся,2
отвагой,2
свежая,2
сверкнуло,2
бледная,2
решительная,2
ошиблась,2
пошутила,2
выслали,2
банку,2
присмирел,2
звуком,2
пятки,2
предлог,2
верного,2
ждут,2
корицей,2
элементы,2
полными,2
здоровая,2
погружался,2
лексиконе,2
хорошую,2
извозчиком,2
поверите,2
едят,2
дрыхнет,2
признаком,2
уважении,2
прибавлять,2
шагая,2
неприятное,2
совершилось,2
лучший,2
пожаловать,2
вступила,2
достигло,2
милее,2
разговаривают,2
заговорить,2
выскочил,2
непривычки,2
поспеет,2
посидеть,2
хвост,2
крышу,2
жирные,2
ручку,2
бесенок,2
барское,2
кота,2
артемий,2
пиво,2
принялась,2
сипел,2
кроткая,2
наслаждаются,2
доброе,2
сени,2
раздались,2
задумает,2
поскакать,2
заборе,2
снились,2
явиться,2
колее,2
снегу,2
оставленный,2
смутные,2
терялась,2
ботвинья,2
щиплет,2
снега,2
погуляй,2
затаенной,2
крепится,2
высокие,2
бойкие,2
рожа,2
ровным,2
снежки,2
двугривенный,2
мерзавцы,2
полпивную,2
ринулся,2
варьяции,2
учила,2
зажмурился,2
каретой,2
воротнички,2
налицо,2
читалась,2
подходит,2
ногти,2
широкую,2
княжеский,2
лодочник,2
глупую,2
смольный,2
намеке,2
успокоила,2
неудобно,2
возвращаться,2
жернова,2
краснеть,2
колеи,2
звукам,2
переворот,2
почве,2
побыть,2
поводя,2
трудовой,2
внешней,2
заложили,2
соберутся,2
имело,2
ближайшем,2
университете,2
высокой,2
профессоров,2
решив,2
приходить,2
отодвигая,2
богданович,2
чрезвычайно,2
местность,2
ясен,2
класть,2
акулине,2
привыкли,2
ново,2
пошлый,2
охотника,2
бросятся,2
посмотрят,2
купцов,2
мастеровых,2
приказчиков,2
смешала,2
светлыми,2
имела,2
богатом,2
некоторый,2
проживу,2
готовы,2
забыв,2
доверчива,2
грубой,2
бойким,2
беспокойство,2
отправили,2
маленькими,2
помогать,2
покажи,2
помнил,2
черного,2
германии,2
шучу,2
добивался,2
выдумаешь,2
портнихи,2
курил,2
ярмарка,2
вносит,2
белых,2
опираясь,2
добудет,2
доходило,2
музыкой,2
подозревает,2
гувернантка,2
приснилось,2
официальный,2
рассуждает,2
девочки,2
сострадания,2
стройные,2
блещет,2
поклонника,2
оленька,2
сбывают,2
успокоил,2
говорящий,2
научила,2
звездами,2
длинную,2
клала,2
маешься,2
седой,2
поцелует,2
русскому,2
повалился,2
летнем,2
выражала,2
познакомился,2
остановившись,2
брюхо,2
английская,2
народу,2
задрожит,2
сабли,2
прося,2
бьют,2
мишель,2
пестрые,2
жадно,2
городской,2
послушание,2
основании,2
свежести,2
кричат,2
семейством,2
княгиня,2
женской,2
синими,2
полные,2
pensee,2
договаривала,2
пудрой,2
шайка,2
голубые,2
тайные,2
залы,2
стая,2
колес,2
бабушкой,2
доверчивостью,2
написала,2
сказанное,2
шумом,2
разговору,2
игривого,2
палевых,2
просты,2
положенные,2
сильной,2
пущенными,2
шляпке,2
неловкого,2
выражения,2
белыми,2
картофелем,2
фразах,2
целовала,2
саксонии,2
неприятно,2
лицах,2
любимые,2
отчетливо,2
рассчитывать,2
пуговицы,2
расспросы,2
положено,2
обычай,2
стучатся,2
вырос,2
телемака,2
англию,2
безграмотным,2
ношу,2
посылают,2
птичка,2
разговоре,2
проект,2
костей,2
нарушить,2
нездорова,2
толках,2
разумела,2
невесту,2
замахал,2
задал,2
унес,2
веру,2
участвует,2
шелковых,2
класса,2
василиса,2
возник,2
хлопочете,2
привели,2
погоду,2
улицы,2
объясню,2
канве,2
настолько,2
облаке,2
фуфайку,2
невпопад,2
долгу,2
выслать,2
бросились,2
берется,2
входили,2
залились,2
жирной,2
тесно,2
подойди,2
принудить,2
указывала,2
обопрется,2
свободы,2
высказать,2
лорнет,2
ленты,2
потрогивая,2
приписывал,2
кафтан,2
мерное,2
берегся,2
присел,2
увял,2
вскакивал,2
горечи,2
сделан,2
горд,2
разбудить,2
трогай,2
владеет,2
томно,2
лишних,2
оспу,2
улетит,2
молодая,2
настоял,2
практических,2
тихих,2
улыбаясь,2
явлениях,2
выбить,2
спальня,2
божий,2
пораженный,2
рекой,2
смеялась,2
небрежным,2
трогал,2
горячих,2
заплакал,2
озиралась,2
осторожен,2
карета,2
поручения,2
бросает,2
нынешнем,2
седла,2
злые,2
сало,2
стрелка,2
взятые,2
тонкого,2
фортепиано,2
фон,2
глину,2
присутственные,2
тележку,2
вани,2
маше,2
схожу,2
померкло,2
комедии,2
стоять,2
правило,2
мягкости,2
захохотал,2
спрятать,2
давит,2
побледнел,2
предъявляет,2
уменья,2
внимательнее,2
грубости,2
надежду,2
сумеешь,2
намекают,2
беспокоит,2
немецкую,2
сватался,2
мантилью,2
задала,2
выучи,2
полсутки,2
нехристь,2
поплачет,2
фальшивые,2
слаба,2
невесте,2
осторожность,2
такт,2
жалась,2
громкий,2
приговаривала,2
утирая,2
прежней,2
сеном,2
надвязать,2
утру,2
стирка,2
покупать,2
держала,2
догадывался,2
предложил,2
двигались,2
каплют,2
ватрушки,2
ботинки,2
наказал,2
кучка,2
разинутыми,2
ртами,2
пороху,2
слышали,2
невесты,2
жениха,2
тайн,2
вида,2
предложение,2
выплакала,2
пристает,2
понятливый,2
клавиши,2
ставало,2
приискивать,2
боя,2
ананас,2
ивановича,2
позавтракать,2
немногими,2
записка,2
раздаются,2
царское,2
нотами,2
неблагодарность,2
обычные,2
наследникам,2
пытая,2
сундуке,2
купила,2
будущие,2
попросите,2
единственное,2
вопросам,2
свести,2
воротиться,2
готовые,2
решетку,2
маятником,2
переедете,2
причем,2
ровна,2
просторный,2
легких,2
участвовала,2
фазисы,2
углубиться,2
постучал,2
наблюдала,2
зевнет,2
прислушивалась,2
госпожа,2
тишину,2
нарушает,2
ветерка,2
нарисованного,2
доброму,2
исполнение,2
капиталов,2
продаст,2
устроятся,2
лучшее,2
шутки,2
дымился,2
потери,2
удовлетворенных,2
странный,2
прятались,2
услышишь,2
извини,2
суетясь,2
свежими,2
спальню,2
дотронется,2
искренний,2
пекут,2
дергая,2
трата,2
неконченный,2
захлопнулась,2
постройки,2
собирать,2
тарелке,2
просунулась,2
заплатил,2
выглянув,2
листу,2
смородинном,2
мороженое,2
надулся,2
слезла,2
горячий,2
пересиливает,2
сказанные,2
подслушал,2
начнем,2
вчерашний,2
материалов,2
покойное,2
балкон,2
графине,2
кончен,2
приходится,2
родится,2
двойной,2
поучительно,2
сосредоточенным,2
непроницаемости,2
изба,2
указала,2
приданого,2
доступ,2
осторожны,2
женихи,2
андреевна,2
анна,2
крестить,2
прятал,2
известную,2
здоровый,2
садиться,2
сонным,2
трудовую,2
трусливо,2
выдумала,2
батюшки,2
проста,2
девок,2
окружающее,2
кудахтанье,2
раннего,2
беспокойтесь,2
доселе,2
благодетельствовал,2
погостить,2
добрыми,2
разбросались,2
направились,2
кашлянув,2
скрипят,2
избрать,2
сомнение,2
строку,2
дремлет,2
окрестности,2
железные,2
сонными,2
язвила,2
помогала,2
снимает,2
горшки,2
приятели,2
подкладывая,2
обедне,2
затертого,2
обнялись,2
погода,2
подышать,2
занавесками,2
большому,2
отворяется,2
купаться,2
деспотически,2
гадят,2
погрузится,2
смыслят,2
брось,2
направить,2
барских,2
замолчит,2
загляну,2
чисел,2
числа,2
меняет,2
пазуху,2
онисимовна,2
компанию,2
перебрала,2
переходить,2
лопнет,2
казните,2
возражает,2
петровки,2
положат,2
чиновница,2
оперся,2
забыться,2
отдыха,2
начались,2
исчезло,2
холодными,2
уверений,2
прибежит,2
вспомни,2
отдыхать,2
гвалт,2
едешь,2
комнатам,2
непрерывный,2
зелеными,2
ладони,2
следя,2
рыдания,2
протекал,2
прощение,2
запиской,2
истории,2
струя,2
нескончаемый,2
совещание,2
коснувшись,2
неясное,2
исказилось,2
предлогом,2
продолжалось,2
отпустит,2
выстроить,2
отрезвится,2
вздрогнет,2
клетки,2
грезы,2
мечтаю,2
смея,2
галерее,2
углубится,2
идеалу,2
развалинами,2
существе,2
обрушилась,2
подругу,2
выронила,2
молодца,2
заглушить,2
беречь,2
полжизни,2
синевой,2
пир,2
благороден,2
обряды,2
бродил,2
рождался,2
мучений,2
резиновых,2
погружались,2
вдумываясь,2
верите,2
довольна,2
блеснули,2
безумная,2
вдоль,2
настает,2
прошедшем,2
поперек,2
забылось,2
заплакать,2
морскую,2
встречали,2
порой,2
калошах,2
обожгло,2
жалко,2
листок,2
уступают,2
сердиться,2
италии,2
начинались,2
бейте,2
сеть,2
бирже,2
боитесь,2
ошибаюсь,2
болтовня,2
попадая,2
буквами,2
прислушиваясь,2
прошлогодних,2
удовольствии,2
сияющий,2
носы,2
соображать,2
падала,2
подпереть,2
игнатьевна,2
вяжет,2
поджав,2
набрел,2
длинный,2
кожаным,2
ягод,2
жестким,2
восторга,2
рояль,2
дождаться,2
свечка,2
лишней,2
дюжину,2
индейку,2
отличную,2
нагибалась,2
выручки,2
мостов,2
разбирала,2
полотно,2
грозным,2
экономии,2
разбудит,2
силится,2
ложиться,2
старались,2
летние,2
осенние,2
родительском,2
темная,2
бока,2
испугать,2
невозмутимый,2
полюблю,2
развалилось,2
шаталось,2
расшаталось,2
устану,2
уголовное,2
масленицы,2
кошки,2
ложились,2
красиво,2
протянул,2
нравственности,2
концу,2
упавшим,2
пугает,2
гробовой,2
внезапному,2
отвлекайся,2
разинутым,2
поговорю,2
стеклянную,2
замысел,2
последовало,2
грибов,2
настлали,2
луне,2
оглядывала,2
красоте,2
озарилось,2
простер,2
плетня,2
сладить,2
встревожить,2
крыльцу,2
мечтательность,2
принять,2
пожертвовать,2
опал,2
грубостью,2
стыдился,2
взобьет,2
окинет,2
рецепта,2
подробный,2
приема,2
хозяйскую,2
осторожностью,2
рукавами,2
остановлюсь,2
собрался,2
подашь,2
карандаши,2
оденусь,2
герасимыч,2
письмецо,2
лишние,2
пива,2
молодость,2
поправит,2
размахи,2
бросать,2
узнаешь,2
мужикам,2
жир,2
дьявол,2
бумажный,2
перевес,2
надета,2
фразу,2
кружево,2
портниха,2
сознался,2
женская,2
обойтись,2
послан,2
роскошью,2
существенной,2
примерять,2
успеем,2
спрашивай,2
филипп,2
принадлежит,2
сыры,2
николавна,2
биением,2
обедаем,2
позвать,2
взвесила,2
луча,2
значат,2
вашим,2
гроза,2
поехали,2
подлинно,2
бабье,2
застали,2
видоизменения,2
розовой,2
трубу,2
характером,2
главным,2
обломовских,2
вдругорядь,2
диваны,2
разделила,2
матвеича,2
кухней,2
болтают,2
явлением,2
необыкновенным,2
канареек,2
закуска,2
установила,2
сыскать,2
тупик,2
смахнет,2
адрес,2
претензий,2
мелькнувший,2
думайте,2
отвернется,2
виделись,2
чистые,2
трагедии,2
удовлетворение,2
шарить,2
возишься,2
имению,2
покачает,2
останешься,2
потонет,2
гуляли,2
вынимала,2
безобразных,2
приятною,2
киева,2
сосредоточенное,2
встречает,2
умна,2
хватал,2
присутствовала,2
утри,2
поворачиваясь,2
пожмет,2
пахать,2
непритворным,2
проку,2
избегал,2
выдумывала,2
нежные,2
дорожки,2
ниток,2
таскаться,2
поменялись,2
налюбуются,2
выпрямляясь,2
бакенбарду,2
вырастет,2
словцо,2
чаи,2
сметаны,2
шопот,2
знакомой,2
действуют,2
гадко,2
сознании,2
михею,2
андреичу,2
монета,2
слушателей,2
король,2
предложением,2
известия,2
живая,2
поблагодарил,2
пьяницей,2
изумленный,2
дереве,2
кусте,2
политику,2
утраченное,2
мешала,2
перешагнуть,2
спокойно,2
ведомости,2
весела,2
погасил,2
жанлис,2
наивные,2
угадывает,2
несчастью,2
иронией,2
подойти,2
воротилось,2
разлилась,2
накормить,2
опере,2
бываешь,2
заботливой,2
прибавит,2
бываю,2
тревожит,2
васьки,2
черте,2
указав,2
страница,2
проворная,2
мучительницы,2
хрен,2
продажей,2
встряхнуть,2
сбоку,2
сконфуженный,2
вор,2
капуста,2
свернула,2
держась,2
встревоженным,2
кротостью,2
дыры,2
лакеев,2
погрузилось,2
канву,2
решите,2
глядят,2
жмут,2
чин,2
комода,2
пытала,2
высшую,2
показав,2
такова,2
глуп,2
поблекли,2
назади,2
несчастные,2
некоторое,2
ошибок,2
осенний,2
ряду,2
сойдутся,2
краска,2
полки,2
выбрала,2
левой,2
доброты,2
взаимного,2
руке,2
разлюбить,2
возражал,2
столике,2
рассуждаешь,2
врозь,2
девичьей,2
сполна,2
вздыхать,2
хлопочут,2
пристал,2
разъехались,2
промежутках,2
виден,2
змей,2
ненужным,2
смеху,2
бутылка,2
одежонку,2
стоили,2
наклонив,2
несправедливо,2
недель,2
расскажи,2
разлился,2
вспомнили,2
писали,2
дружно,2
перевести,2
продолжай,2
нести,2
исай,2
неистово,2
акацию,2
честнейшая,2
вознаграждение,2
охотник,2
постом,2
будьте,2
спрятался,2
радуешься,2
вдумывалась,2
святках,2
подозреваю,2
одолевает,2
господах,2
какою,2
бумажник,2
темные,2
выборам,2
высокомерием,2
клубе,2
добру,2
строиться,2
лоскуток,2
пришлют,2
пришлет,2
праздное,2
пота,2
надеждами,2
припомню,2
тяжко,2
умнее,2
молчанию,2
изобретений,2
вареньями,2
горизонта,2
нечаянным,2
архитектором,2
случаем,2
произвела,2
случался,2
петербургская,2
известность,2
дрянных,2
страстишек,2
испытанные,2
сплетни,2
поблизости,2
судьи,2
изумления,2
безоблачность,2
сосредоточится,2
визитом,2
доска,2
кол,2
долее,2
разберет,2
кружевами,2
невскому,2
усадил,2
продолжали,2
замолчали,2
требуют,2
выгоды,2
припомнить,2
послужили,2
внесли,2
представляли,2
вечеров,2
департаментах,2
чашками,2
вчерашнем,2
понес,2
лучшая,2
постелям,2
расходятся,2
молодежь,2
богатый,2
глубокомысленно,2
взысканию,2
вицмундира,2
замять,2
охоту,2
показала,2
крестины,2
справа,2
чашка,2
покорнейше,2
стащил,2
стаканы,2
поставила,2
неумолимый,2
войдешь,2
поведет,2
деятельные,2
рассказывали,2
собираясь,2
извозчику,2
нормальной,2
праздного,2
занимаетесь,2
примите,2
искреннее,2
подошвы,2
ласков,2
поручений,2
показывай,2
особых,2
ершика,2
небывалой,2
напиться,2
указать,2
схитрила,2
обратила,2
мохнатую,2
колода,2
свинкин,2
заголосил,2
кисель,2
надеюсь,2
калоши,2
сморщившись,2
нездоровится,2
глядишь,2
прохожих,2
настанут,2
пораньше,2
вопил,2
спросишь,2
лаской,2
чисты,2
этакими,2
строгостью,2
черепки,2
подвиг,2
неблагодарный,2
получаешь,2
терпел,2
важной,2
картинки,2
согласный,2
наград,2
протянет,2
прилягу,2
перевезут,2
изменит,2
покорный,2
перевозка,2
директор,2
итоги,2
порывались,2
связи,2
разговором,2
испортилось,2
зажгут,2
важностью,2
платить,2
дрожь,2
возу,2
отыщется,2
табак,2
путали,2
лишить,2
встанешь,2
жалованья,2
сверкнет,2
погожу,2
удалился,2
спросят,2
выпуча,2
афанасьев,2
посвятить,2
дружбой,2
труду,2
лаская,2
подопрет,2
успокоиться,2
родня,2
исполнитель,2
свиньи,2
умываться,2
фраке,2
возможна,2
примем,2
справедлива,2
параллель,2
пустых,2
радуясь,2
оскорбил,2
сорвалось,2
планом,2
перевертываясь,2
уезжал,2
расположение,2
оскорбленное,2
высшей,2
разговаривает,2
вытянет,2
ударить,2
дров,2
бегай,2
последних,2
правее,2
иную,2
глубине,2
допросишься,2
скорбей,2
помыслов,2
высоких,2
расставлено,2
занял,2
отличие,2
щеткой,2
привстал,2
усну,2
загрызет,2
деловую,2
ежели,2
столика,2
кивнул,2
отделения,2
забытьи,2
одолела,2
разойтись,2
трудов,2
иронически,2
чудес,2
столовых,2
почты,2
горькие,2
снов,2
пошевелиться,2
мяса,2
летел,2
погруженная,2
таковы,2
мнение,2
усердно,2
переменилось,2
прекрасный,2
посетителя,2
русские,2
подставить,2
повеся,2
представление,2
знаменитый,2
курить,2
хорошие,2
догадка,2
перевели,2
находили,2
махов,2
отчаивался,2
радушный,2
васильев,2
прием,2
изберет,2
легкий,2
голубую,2
попечение,2
зависти,2
пейте,2
взяток,2
достойное,2
работе,2
миру,2
официальных,2
спустя,2
теории,2
наводить,2
смету,2
хрустальная,2
знающий,2
июль,2
огромным,2
дельный,2
участи,2
праздничный,2
тироль,2
снился,2
казенного,2
поношенное,2
чужд,2
нашему,2
напряжения,2
приличным,2
количеством,2
чурбан,2
греза,2
играл,2
бульон,2
бродит,2
последствий,2
честно,2
молодец,2
желает,2
совершенном,2
провожал,2
выводил,2
ценят,2
великолепно,2
устремив,2
кладя,2
неподвижности,2
спорил,2
повесил,2
смыслит,2
составлял,2
пишешь,2
род,2
сцен,2
горькой,2
редьки,2
довольный,2
вскочив,2
извне,2
клонится,2
выручил,2
молоть,2
высокого,2
чудовище,2
ожидать,2
терпения,2
гляжу,2
простонал,2
необходимы,2
казнит,2
отвел,2
устремила,2
казенная,2
действительный,2
маскарад,2
нравственной,2
чином,2
решает,2
скрытой,2
мила,2
сядьте,2
хорошенькая,2
женюсь,2
книжку,2
ломят,2
прогоны,2
лишнего,2
исполню,2
подаст,2
устроит,2
обещает,2
мучаюсь,2
войну,2
апоплексический,2
комок,2
потребовать,2
откликнулся,2
срамить,2
протяжно,2
потребностями,2
тружусь,2
которому,2
воровать,2
скверно,2
благодетельствует,2
выдержал,2
избыток,2
лакированные,2
обмакнул,2
куплено,2
шляпе,2
понимая,2
готовом,2
размышлять,2
спишь,2
вставали,2
сложный,2
цепочка,2
простых,2
представляла,2
изящная,2
крепкую,2
шагах,2
перчаток,2
белья,2
нужным,2
подписью,2
рисовала,2
страшном,2
оскорбить,2
носить,2
столпами,2
славные,2
премудрости,2
вашему,2
чертить,2
помешает,2
дремлющей,2
полку,2
устали,2
понизив,2
длилось,2
науке,2
цветник,2
полицию,2
выгода,2
замужества,2
перенял,2
правам,2
существующим,2
дню,2
худощав,2
ездите,2
воспитан,2
верховой,2
сшит,2
духу,2
равнять,2
перенести,2
портного,2
здорово,2
учености,2
геркулесовыми,2
веселье,2
бодр,2
рыданий,2
перестали,2
прибавь,2
поворотился,2
отсыпной,2
назначил,2
недоволен,2
пожаловал,2
портеру,2
великим,2
распоряжусь,2
прочитывал,2
постараться,2
напоминать,2
уговорить,2
смей,2
разиня,2
довел,2
обаятельной,2
призывая,2
съезжайте,2
далекой,2
надзором,2
дадим,2
пристаешь,2
посвятил,2
пространства,2
съедем,2
поминал,2
умоляющим,2
зависть,2
свободного,2
тронулся,2
последними,2
немудрено,2
здоровьем,2
всхлипывать,2
бесцветной,2
кутаясь,2
реши,2
навязывал,2
ноту,2
пробыл,2
восклицания,2
разглядеть,2
слышались,2
исправно,2
тома,2
скомканное,2
сводить,2
змею,2
прочитав,2
дряни,2
всплеснув,2
облагодетельствовал,2
споришь,2
хозяйского,2
переплетом,2
клал,2
строкам,2
душенька,2
перемолвить,2
открылась,2
спорить,2
перевернулся,2
принесу,2
чемоданов,2
слева,2
ассигнацию,2
разнообразия,2
яровое,2
дыхания,2
отпуск,2
постепенного,2
угрюмый,2
благодарить,2
французском,2
русском,2
неловкость,2
актриса,2
знакомого,2
визитами,2
предмета,2
ильиче,2
генерала,2
божья,2
пообедаю,2
посижу,2
отрицания,2
засуху,2
платишь,2
почитаешь,2
английском,2
спереди,2
лидией,2
господина,2
подарил,2
услышав,2
прыгнул,2
стуча,2
чертил,2
фамилия,2
узора,2
родов,2
боками,2
поддерживать,2
позе,2
тосковать,2
рассматривал,2
открыта,2
изволь,2
вынув,2
решался,2
отворял,2
снисхождение,2
москвы,2
мило,2
привезу,2
потянул,2
пуговкой,2
сажени,2
мучишься,2
жадный,2
булок,2
аттестат,2
мыкаться,2
шопота,2
золоте,2
ста,2
собственное,2
усиливать,2
распространять,2
известной,2
магазины,2
плача,2
утонула,2
поставлен,2
голь,2
оставили,2
тюменева,2
знакомым,2
грязно,2
приобретать,2
ходишь,2
кой,2
передал,2
позволь,2
благородной,2
шуму,2
дашеньку,2
миленькая,2
лидию,2
честное,2
горюновы,2
кроется,2
горизонт,2
продуктов,2
холостой,2
спасения,2
пустота,2
стараться,2
грехом,2
пятницы,2
гостями,2
семьей,2
угодишь,2
достался,2
раскаяния,2
лукавых,2
получая,2
глупее,2
жалкое,2
выдумок,2
кричи,2
приезжайте,2
revoir,2
мише,2
забывшись,2
отвечай,2
запел,2
победить,2
деваться,2
переезжай,2
растерявшись,2
жалкого,2
волки,2
забегают,2
научите,2
теория,2
умрете,2
естественное,2
портному,2
расстроил,2
проведать,2
встретится,2
ведению,2
артистов,2
устремил,2
деликатности,2
показывало,2
следа,2
налил,2
отозваться,2
начальники,2
неважное,2
прогуливается,2
губернатор,2
смородинной,2
утонуть,2
промолчал,2
бил,2
коленки,2
объяснения,2
входить,2
запашке,2
беспокойных,2
злы,2
построже,2
устройству,2
анализу,2
дрянной,2
сущности,2
внимание,2
неясный,2
прочитать,2
пожелтевшую,2
нехороших,2
предлагает,2
прошлый,2
долгом,2
процессии,2
природным,2
записывать,2
неопределенное,2
прохожего,2
неге,2
обратились,2
появление,2
процессия,2
мечтам,2
обращал,2
дворни,2
зените,2
голоду,2
деревенское,2
смеешься,2
мука,2
исходе,2
пожалеет,2
долетал,2
замечают,2
занимала,2
расположении,2
судьбою,2
бранить,2
пруд,2
развалилась,2
восходит,2
прохладно,2
поре,2
полупрезрением,2
явным,2
ниткой,2
фермуар,2
балалайка,2
девки,2
горелки,2
резвятся,2
продает,2
пила,2
окружающего,2
божество,2
сергеевной,2
изящной,2
воскресят,2
круглый,2
засохли,2
повернул,2
двигаться,2
кипеть,2
деваешь,2
хрусталь,2
полдня,2
оправдывается,2
прохладой,2
отнести,2
примерно,2
дворником,2
столовой,2
постоянную,2
исполнить,2
возбудить,2
страдает,2
споров,2
неохотно,2
исполнял,2
съехал,2
заботясь,2
отнимет,2
добираясь,2
мелькнула,2
дым,2
апелляции,2
перенесся,2
резкой,2
устроено,2
представилось,2
изяществом,2
навесом,2
блондин,2
длинной,2
трубкой,2
ростом,2
низок,2
последним,2
наружно,2
откровенных,2
откроется,2
повода,2
мутно,2
приберет,2
прыгая,2
логики,2
сердечной,2
переезжают,2
глубины,2
находят,2
удовольствие,2
недостатками,2
барскую,2
услыхал,2
некоторого,2
платил,2
сыщу,2
контракту,2
мелких,2
качая,2
ревности,2
хозяйничает,2
дружеского,2
фамильярно,2
сухая,2
сыщешь,2
питали,2
челки,2
платите,2
бросишь,2
милосердый,2
короткое,2
щель,2
сергевне,2
лавочкам,2
прогневали,2
начинал,2
злословия,2
дождей,2
сплетней,2
вотчине,2
доставало,2
середины,2
обилием,2
приветствий,2
ино,2
отказывал,2
верхнего,2
проглотил,2
благословляю,2
сгубил,2
касаясь,2
торжественной,2
ранние,2
тарелок,2
пса,2
управляющего,2
печатью,2
серой,2
авторитета,2
закричали,2
тряхнул,2
наказывал,2
куму,2
роскоши,2
кладовой,2
наружную,2
дожидаются,2
посвистывая,2
ребятишками,2
дразнит,2
собственным,2
обовьет,2
картиной,2
приставил,2
денно,2
ночно,2
подумаем,2
посидите,2
ананасы,2
беглых,2
смотрю,2
василий,2
молодым,2
просятся,2
недоимках,2
лукавым,2
старинная,2
овчинин,2
отобедать,2
кожи,2
гимназию,2
корчаги,2
затруднялся,2
холста,2
грубость,2
удивился,2
привязанности,2
тараску,2
поскорее,2
штуку,2
помещиков,2
водворить,2
бобы,2
испуганное,2
ленивый,2
воспитанию,2
важничал,2
сидится,2
велите,2
дался,2
баранины,2
конуру,2
обузу,2
выносить,2
предложит,2
некого,2
волгу,2
барки,2
кошка,2
пасмурно,2
собирается,2
передавала,2
угрюмость,2
оспаривать,2
вилку,2
воображением,2
посиди,2
попрекаете,2
ванюшу,2
съедает,2
тоскует,2
мировую,2
развился,2
подпишете,2
древних,2
ожидания,2
съесть,2
копейки,2
всплеснул,2
повести,2
говядины,2
истинным,2
жалуется,2
умрет,2
казну,2
замасленные,2
честности,2
избытка,2
страшные,2
похвалами,2
любопытных,2
считай,2
кланяются,2
мещане,2
выработался,2
пудами,2
избежать,2
переговорили,2
ворча,2
вдове,2
горькую,2
падших,2
пьет,2
рой,2
дальнейшие,2
слабый,2
держи,2
пьяница,2
повредить,2
лестницы,2
тронуты,2
этаже,2
пружины,2
произвести,2
действий,2
повадился,2
приобретенной,2
крестясь,2
латынью,2
секрет,2
документ,2
срока,2
моими,2
умоляю,2
уплату,2
особенности,2
обругать,2
скуп,2
старания,2
поведении,2
убеждения,2
испытал,2
пришлю,2
бывали,2
ломаешь,2
наследству,2
темным,2
усами,2
сердит,2
научил,2
соскучился,2
господам,2
настоящие,2
соседа,2
девяти,2
проживет,2
умеренностью,2
ступит,2
подумывал,2
единственную,2
изжога,2
остального,2
жалкой,2
слеп,2
миной,2
пульс,2
увяз,2
готовая,2
наклонил,2
приподнял,2
приличием,2
сильную,2
десятков,2
поверю,2
поступит,2
пятак,2
кончишь,2
ваниль,2
медную,2
губернатором,2
лежащую,2
свидетелем,2
обругали,2
старика,2
отцовских,2
гривенник,2
обрадованный,2
передразнил,2
кости,2
сундука,2
статьи,2
умеренным,2
реальное,2
вседневная,2
затылка,2
корицы,2
пожаров,2
окружали,2
произволу,2
небойсь,2
переставала,2
торговле,2
великих,2
греха,2
почивает,2
деревом,2
тайне,2
уголья,2
рассудит,2
господня,2
тонко,2
вычистить,2
розы,2
горестно,2
природу,2
поэзию,2
налить,2
желанное,2
родные,2
поэтические,2
сладкая,2
нагрубит,2
искусство,2
умеют,2
изображают,2
определился,2
способность,2
загорелой,2
плутовка,2
улыбается,2
посидел,2
хриплым,2
мелкие,2
гибнет,2
литературой,2
рябчиков,2
непота,2
беспорядка,2
лопатой,2
товарищ,2
припасы,2
некотором,2
смутное,2
соображал,2
прикрываясь,2
морщась,2
типографию,2
отдалении,2
поймав,2
милосердия,2
задремал,2
круга,2
двойным,2
носила,2
любимая,2
груб,2
исключая,2
деревеньках,2
узнаем,2
танцевать,2
гражданской,2
серебре,2
видятся,2
форелей,2
круглые,2
вреда,2
касалось,2
потягиваться,2
зевать,2
убил,2
завтракать,2
поставив,2
браниться,2
горшками,2
сочувствия,2
серебра,2
потехи,2
будущей,2
затворяется,2
опытность,2
будочника,2
половинку,2
обиделся,2
отворять,2
плотника,2
квартирой,2
призвание,2
некоторым,2
сухое,2
хватил,2
хватили,2
черных,2
благ,2
никаким,2
выросли,2
изволил,2
корнелия,2
слыхивали,2
видано,2
ловят,2
опоздает,2
злость,2
применить,2
половинки,2
шипел,2
медных,2
индеек,2
созданную,2
вчерашней,2
ветчины,2
толкла,2
закладывала,2
земчуг,2
падшую,2
вора,2
промахнулся,2
кухарке,2
проходя,2
проклятиями,2
падать,2
продолжают,2
хватало,2
подними,2
наклонился,2
позднее,2
насмешкой,2
разразился,2
случится,2
высказались,2
двором,2
откладывал,2
хаоса,2
холоднее,2
опасение,2
мирный,2
колено,2
поведения,2
пуговицами,2
медными,2
приданое,2
остальные,2
погруженный,2
толпой,2
назовет,2
цепной,2
авторитеты,2
боролась,2
любимое,2
подарить,2
пробило,2
подобрал,2
спускать,2
ясный,2
заняться,2
поспел,2
успокоится,2
напившись,2
прочих,2
веку,2
газета,2
решала,2
петербурга,2
равнодушия,2
слаб,2
исчезает,2
рождают,2
доверии,2
облупит,2
надоели,2
часок,2
слабое,2
одежде,2
отважные,2
бороды,2
труды,2
нравились,2
отозвалась,2
ленился,2
страшны,2
поднимать,2
мертвых,2
устремленные,2
напоминают,2
беречься,2
состав,2
вздрагивают,2
непрерывное,2
присмиреет,2
выступал,2
понимание,2
учишься,2
средствах,2
учит,2
заказывать,2
подействовало,2
русских,2
острог,2
неприятного,2
внутренняя,2
скалишь,2
прочно,2
выберет,2
разыгрались,2
муха,2
совершается,2
вырвалась,2
набросать,2
земля,2
рабом,2
теплым,2
ключ,2
поцелуя,2
дном,2
заботливости,2
забытый,2
влюбленным,2
любовные,2
задумавшись,2
радостями,2
скорбями,2
ручьи,2
спеша,2
пониманию,2
вступил,2
веселых,2
нечисто,2
допустить,2
ежегодно,2
обманывает,2
роща,2
зальется,2
уступали,2
простотой,2
предполагалось,2
учатся,2
романы,2
плану,2
управления,2
волнениями,2
улучшений,2
умерли,2
нижний,2
проклятые,2
неблагосклонно,2
выдумки,2
левого,2
поверят,2
вздыхал,2
вполуоборот,2
ветром,2
собаками,2
лентяй,2
проклятый,2
томление,2
отвращение,2
вниманием,2
голубая,2
прочту,2
обидела,2
вспомню,2
потягиваясь,2
переходил,2
англичанин,2
покидает,2
старинным,2
спокойствию,2
синонимы,2
пугался,2
сыщи,2
помещица,2
жало,2
вне,2
ропот,2
чужда,2
вполглаза,2
долгой,2
событиями,2
мученье,2
быстрее,2
романа,2
овладевало,2
доказывать,2
птицу,2
познакомиться,2
разумом,2
терзается,2
терзалась,2
сожаления,2
старость,2
иных,2
заглядывала,2
юношеские,2
иглы,2
найти,2
положили,2
закрылись,2
полуслове,2
валяются,2
песнь,2
андреем,2
встречалось,2
опасности,2
услуга,2
правами,2
манерах,2
робость,2
слабого,2
слуха,2
дорог,2
важность,2
покидала,2
передавали,2
твоим,2
старинном,2
ряда,2
муку,2
чудовища,2
предания,2
зловещие,2
щебечут,2
безмолвные,2
разыграется,2
чердаке,2
рев,2
господского,2
собеседника,2
наблюдателя,2
раздаваться,2
безмятежно,2
поток,2
различия,2
черном,2
взаперти,2
некоторою,2
ненавистью,2
родни,2
спальне,2
позволю,2
лесов,2
дикого,2
покинули,2
капризов,2
смягчился,2
наводит,2
смущается,2
отзываться,2
разнообразных,2
требую,2
взгляду,2
проносилось,2
чернильница,2
красавиц,2
будит,2
туча,2
угождения,2
подчиненные,2
обхождении,2
способности,2
изменять,2
падет,2
покойным,2
домашний,2
разрешалась,2
порах,2
наотмашь,2
мягкостью,2
ученой,2
неприятным,2
начальнику,2
хороши,2
задумчивое,2
нравы,2
мягких,2
смущались,2
беготня,2
перепел,2
пением,2
недрах,2
намека,2
страстные,2
внезапные,2
немилосердно,2
строгому,2
шире,2
сталось,2
пальцев,2
тусклыми,2
соловьев,2
тоненький,2
сквозила,2
гордиться,2
неизменной,2
пропадать,2
талии,2
будущности,2
занимались,2
лезть,2
искренна,2
отвечали,2
луна,2
подвинулся,2
месяцем,2
походила,2
свободна,2
порога,2
арены,2
подчиненного,2
летам,2
кротких,2
посещение,2
кончив,2
переходила,2
яркую,2
прогулках,2
пропадала,2
складках,2
взаимном,2
ожидает,2
удовольствиях,2
эпизод,2
пальца,2
казались,2
теплых,2
коза,2
слякоть,2
идеи,2
определенной,2
отсутствием,2
роста,2
предлогами,2
роду,2
укрыться,2
нашем,2
огорчился,2
краску,2
забудут,2
тесную,2
кидаются,2
обычаев,2
скромной,2
недоступный,2
местности,2
проникнут,2
поглубже,2
начальнике,2
вкусе,2
семейным,2
будило,2
скуку,2
холмы,2
покорностью,2
наблюдательный,2
поверхностно,2
семейного,2
светилась,2
расхода,2
поводу,2
посредством,2
мягкость,2
записки,2
составляли,2
бороду,2
заменил,2
особенный,2
утомлен,2
рамке,2
близкой,2
мал,2
небрежностью,2
прекратить,2
письмом,2
бороться,2
поражал,2
запиши,2
переездом,2
ежедневного,2
воззрения,2
опасным,2
наставил,2
происходят,2
припадки,2
определенные,2
убранство,2
носили,2
нищего,2
девический,2
звезды,2
шапку,2
перенесла,2
тропинке,2
тонкая,2
выздороветь,2
упрямься,2
бархатных,2
немало,2
следов,2
жаловался,2
живых,2
прыжком,2
зима,2
приказывал,2
лежащий,2
остальную,2
холодная,2
смирительный,2
удается,2
крошки,2
лились,2
покойные,2
молодые,2
тарелка,2
пребывания,2
природой,2
редкое,2
самолюбивой,2
заметок,2
небес,2
обильно,2
ранее,2
замечанием,2
приемной,2
свидетельство,2
родила,2
молод,2
полон,2
лентяя,2
редких,2
жителей,2
устал,2
необходимостью,2
собственная,2
жилета,2
стульями,2
огненных,2
уедет,2
раб,2
сможет,2
достоинств,2
улыбалось,2
тьму,2
львов,2
годами,2
архангельск,2
естественный,2
побольше,2
слыхали,2
чехлами,2
газетах,2
займусь,2
помешаю,2
ясной,2
удовольствовался,2
хлопотал,2
отделаться,2
неизбежных,2
беглым,2
безвыездно,2
опытный,2
довольствовался,2
забывая,2
множество,2
фарфор,2
известное,2
предание,2
птицами,2
единственным,2
вопросительные,2
пропадали,2
трехсот,2
бюро,2
бурь,2
ждешь,2
несчетные,2
коротенькие,2
твоем,2
готовит,2
украл,2
просыпались,2
годам,2
жажду,2
настали,2
мышей,2
пятаков,2
встаете,2
вызвал,2
размышления,2
приводила,2
предвидел,2
битву,2
вопросе,2
крайностей,2
советовал,2
поступают,2
одолжение,2
грехи,2
мытья,2
увидала,2
трудится,2
человеками,2
лги,2
влезая,2
кость,2
недоверчивость,2
дар,2
христианин,2
читаешь,2
гложет,2
морозе,2
выразилась,2
режет,2
хорошем,2
заехать,2
моли,2
отвыкла,2
отворяя,2
тревожное,2
бестия,2
ударяя,2
несчастлив,2
убрали,2
ищи,2
нравственных,2
распоряжение,2
уйдите,2
ясное,2
пожалел,2
повод,2
тропе,2
серьезное,2
двенадцатью,2
молчаливее,2
раздвинулись,2
подоспеет,2
известны,2
шути,2
тетрадки,2
отцов,2
обиженным,2
эпоха,2
пущу,2
начинали,2
наивным,2
незаконная,2
стараюсь,2
сделаете,2
положением,2
промаха,2
сделалось,2
поступали,2
принимаясь,2
торчит,2
учителя,2
лежите,2
кровное,2
расшевелить,2
духе,2
обращаться,2
монетой,2
бегают,2
брошенное,2
приятное,2
желал,2
сочла,2
грозный,2
дожидаясь,2
тяжелый,2
несчастье,2
строгости,2
дожди,2
требовать,2
девы,2
вод,2
сладких,2
тропинка,2
распустил,2
плюнул,2
положи,2
чужих,2
толстая,2
хвастаться,2
уладить,2
обнаружил,2
разорение,2
оком,2
справок,2
щелку,2
возьмут,2
лучшие,2
деньгах,2
счастливый,2
героев,2
донести,2
тайный,2
обольстительнее,2
происходящее,2
расцветания,2
сбыта,2
недуг,2
мелькнуло,2
мешали,2
думалось,2
выбраться,2
развалине,2
притворной,2
веселиться,2
назначения,2
истинам,2
плакали,2
естественным,2
враг,2
несчастие,2
признать,2
смыслишь,2
семья,2
паутины,2
затвори,2
просыпается,2
уверенность,2
экономией,2
опустил,2
ощупывая,2
зоркого,2
вначале,2
приятель,2
снисходительно,2
политической,2
вызвало,2
наук,2
уберу,2
расцвело,1
вертит,1
ошибаешься,1
безобразное,1
педантически,1
напоила,1
мешалась,1
вылетело,1
экономической,1
докончил,1
всякою,1
чуют,1
пристала,1
поправлял,1
стукнув,1
рассуждение,1
деньжонки,1
зарыт,1
доказывалось,1
устанешь,1
погасла,1
бичурину,1
выгребла,1
наймет,1
творимый,1
метлой,1
ласковее,1
издалека,1
опоздал,1
тронется,1
пытливо,1
задавлен,1
освещал,1
убитого,1
располагается,1
вывела,1
проговаривается,1
грубого,1
нелегкую,1
кочергой,1
застыдился,1
равных,1
стоявшую,1
полок,1
обидеться,1
кланялись,1
настаиваем,1
заставят,1
смахнула,1
попадались,1
погладил,1
уловив,1
поставили,1
нетопленую,1
побродив,1
привела,1
близ,1
тряпкой,1
помолчать,1
сглаживался,1
засученными,1
глупо,1
восприимчивом,1
рисунок,1
этажерке,1
носишь,1
философских,1
освобождался,1
ужаль,1
матвеичем,1
домашняя,1
оценили,1
оглянуться,1
выпучил,1
социальных,1
мертвого,1
приемам,1
вооруженная,1
пролезая,1
томными,1
скрестил,1
лунный,1
уязви,1
глупостям,1
ядовитая,1
примеривая,1
пшеница,1
фуражка,1
бывалую,1
живую,1
изменюсь,1
бесплодного,1
прояснить,1
родственные,1
взмахнет,1
приподняла,1
поглощен,1
выпутывался,1
отобедал,1
займешь,1
распустившийся,1
билетом,1
просидел,1
запросят,1
повисла,1
обрадуется,1
изворотов,1
будничном,1
крепчал,1
женитьба,1
завесу,1
маевские,1
художник,1
аршин,1
скалу,1
дадите,1
ринется,1
слабыми,1
доверяя,1
полоненная,1
обольстительной,1
ткал,1
зоркая,1
разумное,1
прикрытой,1
сильная,1
сулил,1
алтарю,1
закаливая,1
пивал,1
толстеет,1
фурор,1
любящего,1
мужественности,1
одушевлена,1
чахнет,1
итога,1
лишком,1
пышном,1
угадывая,1
целому,1
нелегко,1
суммам,1
дворников,1
отыскивая,1
тополевой,1
бессильного,1
абонируйся,1
опытах,1
братце,1
померанцевой,1
устоят,1
приискания,1
горделиво,1
подает,1
угаснет,1
опустя,1
теснила,1
пело,1
уедут,1
расстройства,1
обошел,1
загадок,1
высказываясь,1
орла,1
заводе,1
рюмкой,1
переданной,1
поглотит,1
засвидетельствована,1
сильною,1
кашляла,1
переселяемся,1
скрытою,1
отослана,1
переработалась,1
переписана,1
получасу,1
суровая,1
тлеет,1
затворилась,1
далась,1
тяготишься,1
выкуривает,1
взялось,1
космос,1
обычных,1
отправлений,1
светится,1
ворчишь,1
линять,1
рассуждаю,1
отголосок,1
розовый,1
блистать,1
согревать,1
бодрствовал,1
ропщу,1
заживаются,1
хватило,1
знаем,1
пружиной,1
отрада,1
насказала,1
приказчика,1
дворянские,1
заседание,1
прозвучит,1
жемчужина,1
летняя,1
пункт,1
тревожат,1
мыслитель,1
вышиваньем,1
зорче,1
улыбками,1
поймешь,1
жнитво,1
прочитанного,1
откинула,1
восклицание,1
работ,1
разбор,1
проведение,1
почт,1
разъехавшись,1
говоренного,1
погибшими,1
припадком,1
минует,1
понравилась,1
обыкновенны,1
цветущая,1
плодотворная,1
верное,1
неловкое,1
служака,1
нанесенной,1
зашевелится,1
отсталостью,1
писаря,1
замечай,1
сюртучок,1
удушливого,1
мгновенье,1
сдернул,1
тротуару,1
каблуки,1
предположением,1
отправиться,1
щегольские,1
сажала,1
бранила,1
пошлостью,1
ямочками,1
нервическая,1
колебля,1
донесет,1
окошке,1
отпирала,1
отбился,1
приглядывая,1
занавеска,1
высовывалась,1
оскорблялась,1
педантизмом,1
недовольна,1
кисейная,1
юбка,1
мягкой,1
опомнясь,1
остановив,1
неразлучны,1
грубым,1
париком,1
спровадить,1
плакало,1
крапивой,1
нанимал,1
заросшими,1
повел,1
ласкаясь,1
устремлена,1
немцем,1
куплен,1
достань,1
лихорадочность,1
грязная,1
проводила,1
садами,1
глупостях,1
канавами,1
поется,1
отказали,1
происходили,1
луком,1
единственная,1
морковью,1
дикий,1
проголодалась,1
печет,1
простучат,1
оборванной,1
мрачною,1
подавляются,1
тонкость,1
уроненную,1
веревкой,1
подхватить,1
доставала,1
подскакивала,1
статье,1
вопль,1
пустое,1
поверкою,1
ступеньках,1
соображает,1
шитья,1
обижался,1
ворочались,1
усыпанной,1
способностью,1
корову,1
испустил,1
кулинарной,1
хозяйственном,1
обижаются,1
доить,1
чистки,1
отбросив,1
постлан,1
белой,1
коврик,1
смутила,1
материй,1
одобрение,1
ворочает,1
неодобрение,1
гуляю,1
расстаются,1
чахнуть,1
хандра,1
неизбежною,1
поблагодари,1
блонд,1
нейти,1
довариваете,1
заливаясь,1
выпрямлялась,1
кладете,1
захлопывала,1
непоказанной,1
девушек,1
шуточное,1
качелях,1
качающихся,1
нотой,1
журнальной,1
визг,1
вторым,1
делаюсь,1
сменится,1
подноса,1
дождешься,1
шатаешься,1
дворик,1
наградой,1
откровенный,1
вынимать,1
знаниями,1
наклонившись,1
третья,1
засуетятся,1
цикорию,1
питание,1
замахнется,1
ревновала,1
бесконечное,1
разразится,1
идиллией,1
охвачен,1
откровенность,1
глупою,1
тощими,1
опары,1
природное,1
обедаешь,1
прозрачная,1
женского,1
отговорка,1
идолу,1
отравится,1
выкрасили,1
недоуменьем,1
обернуться,1
современного,1
фальшивый,1
совлечет,1
неповоротливой,1
потолки,1
изумленных,1
сходим,1
приказаниями,1
близкие,1
раздражительные,1
обыкновенный,1
скучаешь,1
хозяйским,1
глупейшею,1
увезли,1
половую,1
хвастливостей,1
подкупишь,1
неведения,1
бодростью,1
вынуть,1
искусственной,1
закуску,1
перлы,1
лается,1
закуски,1
очами,1
нарядная,1
соколиными,1
распоряжениям,1
погубить,1
великая,1
потеряв,1
разочарованный,1
убитый,1
оценила,1
обегая,1
охлаждался,1
толчков,1
приедешь,1
золу,1
чета,1
невредимо,1
заглянув,1
коренной,1
строят,1
ковы,1
верности,1
приискал,1
хозяйственным,1
ходатай,1
достаточная,1
изобьешь,1
сподручница,1
обольстит,1
недоступного,1
злобствуют,1
прибавишь,1
таблиц,1
издало,1
враги,1
подмывало,1
фальшивой,1
высокими,1
пропивал,1
подогреть,1
жди,1
врачу,1
сделаем,1
мирилась,1
обещай,1
кольца,1
освободить,1
разделит,1
отнимая,1
знание,1
надобилось,1
оставишь,1
прикрытая,1
стыдливая,1
жалкая,1
выдастся,1
салат,1
застегивать,1
захочешь,1
немощеными,1
тротуарами,1
бьющаяся,1
миновала,1
возвела,1
деревянными,1
улицами,1
покоятся,1
расстроишься,1
отступишься,1
приеду,1
вынудила,1
почтительною,1
испекли,1
тороплюсь,1
можем,1
петрушка,1
посолить,1
погляди,1
переезжали,1
обедай,1
воспоминании,1
лучистыми,1
подбежала,1
прикосновением,1
устроится,1
голубиную,1
мираж,1
погрузясь,1
успокаивал,1
светлее,1
отнекивалась,1
качествами,1
пропил,1
оборотил,1
воскресло,1
безошибочно,1
лунному,1
заплати,1
кроткое,1
виденною,1
шалью,1
извозчик,1
дилижанс,1
техники,1
принесете,1
поспею,1
гряд,1
сорвана,1
глухие,1
сдерут,1
смятение,1
завопит,1
серьезная,1
вынесет,1
старо,1
отправляюсь,1
цыплятах,1
терпи,1
задаток,1
парадному,1
чепцу,1
совестливо,1
поношено,1
дружной,1
домашнее,1
уважай,1
восприняла,1
огороду,1
драпированы,1
играми,1
свободной,1
яйцах,1
выручит,1
скромности,1
погружалась,1
ребятишкам,1
закрытый,1
бюст,1
послужить,1
живописцу,1
годину,1
несла,1
скульптору,1
моделью,1
здоровой,1
могуче,1
негибнущая,1
неувядающая,1
зала,1
нарушая,1
переполненный,1
будничное,1
задатку,1
обыденной,1
изнемогала,1
скучном,1
своевременно,1
вынесем,1
содрогалась,1
молот,1
потеря,1
трещать,1
попона,1
неведомых,1
канарейках,1
вопли,1
впасть,1
прихотей,1
рождающихся,1
серьезном,1
мужественным,1
голубой,1
озирала,1
стражем,1
ситцевыми,1
верным,1
изменяла,1
получено,1
вершинах,1
воскресную,1
полинявшими,1
грубых,1
прикрыла,1
чепцом,1
родятся,1
приищете,1
поищу,1
измеряла,1
откроются,1
обмененном,1
пустым,1
припухлые,1
закону,1
отдыхала,1
бред,1
обращены,1
смущала,1
безграничном,1
пробиться,1
остановка,1
непривычное,1
лоснящиеся,1
платою,1
минутах,1
твердым,1
полосы,1
успокоительным,1
льется,1
бела,1
уловила,1
светелке,1
загадочной,1
безобразные,1
оправилась,1
помешалась,1
непарадных,1
кулак,1
столы,1
вещих,1
страшнее,1
грудой,1
боязливее,1
подгибая,1
наваленные,1
кровать,1
тюфяки,1
щелкать,1
отдаленные,1
вселились,1
посещавшие,1
расплата,1
обтяжку,1
касалась,1
садику,1
обязан,1
терпении,1
прометеев,1
бесконечном,1
слышалась,1
увеличить,1
передайте,1
небывалые,1
объем,1
бедр,1
совокупного,1
буде,1
жизненной,1
условиях,1
туманную,1
сдержанных,1
выступившими,1
насильственно,1
денем,1
стряхивала,1
рыданиях,1
ускоряла,1
просилась,1
удовлетворить,1
узлами,1
синих,1
стереть,1
сидело,1
противном,1
заглушенных,1
примешивается,1
отречения,1
невольного,1
поста,1
хохлом,1
бываем,1
продаем,1
похожими,1
восторженно,1
обвив,1
хохлами,1
небывалых,1
довольным,1
омываемых,1
страстном,1
совершила,1
спрятала,1
спрятаны,1
вооружаться,1
варят,1
вакханка,1
дач,1
поддаться,1
успокоенная,1
собачьи,1
принимало,1
предусмотрительностью,1
взглядывали,1
нежною,1
серые,1
величины,1
внушенным,1
средней,1
опора,1
суеверным,1
подслушала,1
распахнувшийся,1
веселая,1
волнующуюся,1
разгулялось,1
упаду,1
узлом,1
черствым,1
склоним,1
вызова,1
созданного,1
канарейками,1
чижами,1
крапинками,1
твердостью,1
мятежными,1
титаны,1
висели,1
ворвалась,1
дерзкую,1
матвевна,1
еранью,1
кудахтал,1
фаустами,1
алоэ,1
тревогах,1
опоры,1
троекратным,1
глубь,1
завязан,1
четвертого,1
застегнут,1
отрывается,1
кумир,1
однообразное,1
неженского,1
стихию,1
именинники,1
вицмундир,1
отстанут,1
графский,1
приветствие,1
переживем,1
дельное,1
выпытала,1
тупость,1
прозрачный,1
жались,1
приводят,1
открывался,1
живете,1
двукратного,1
синий,1
принятая,1
испытаний,1
приказать,1
заставляют,1
восьмому,1
шестому,1
окует,1
обычное,1
орех,1
освежают,1
окружит,1
напоказ,1
безграничного,1
заведовают,1
сказывала,1
лишений,1
прикрывалось,1
форма,1
утрат,1
обломовскую,1
цепь,1
периодического,1
оцепенения,1
милые,1
подкрадется,1
справишься,1
перегнувшись,1
обилия,1
ломберный,1
вызывают,1
теснились,1
отдых,1
толстоваты,1
глухая,1
положительной,1
послышатся,1
касавшийся,1
знакомом,1
ступеньке,1
туманные,1
познавала,1
истощив,1
выходите,1
беспокойной,1
заговаривала,1
объясняясь,1
даров,1
красноваты,1
береги,1
словоохотливо,1
пораженная,1
осторожный,1
задумчивая,1
упорное,1
выставлять,1
привяжутся,1
еле,1
туманом,1
заразилась,1
грустным,1
николы,1
обстановка,1
зловещая,1
столах,1
средств,1
тряслись,1
завалена,1
оправлялась,1
щелкнул,1
нота,1
возвращаясь,1
квартале,1
травой,1
засохшими,1
тратите,1
делись,1
колеями,1
утрам,1
сознаньем,1
крапиву,1
фальшивая,1
заборы,1
суешь,1
выглядывавшую,1
протолкуешь,1
перевозки,1
переулкам,1
потрясающий,1
разрушенное,1
конюшенную,1
возрождение,1
счастливого,1
упадка,1
ошибаются,1
задымились,1
дачах,1
уцелели,1
буфета,1
августа,1
понедельника,1
колыбелью,1
отчаянием,1
переулке,1
погребло,1
извозчикам,1
рябину,1
будочник,1
девические,1
траты,1
ступал,1
поиски,1
покорять,1
полощет,1
обомлел,1
выработать,1
мужского,1
мужества,1
поклонясь,1
молоды,1
троекратно,1
высказывались,1
дышлом,1
распугала,1
воплотился,1
совершенства,1
продавить,1
располагаешь,1
сознательнее,1
признанных,1
карманах,1
понижения,1
помогал,1
снесла,1
завернул,1
инстанции,1
посредника,1
признавала,1
воротах,1
перестают,1
въехать,1
тротуар,1
деревянный,1
стукнула,1
наполненной,1
завтрака,1
цвела,1
гибельной,1
струсил,1
исполниться,1
погрозила,1
путей,1
слившиеся,1
чей,1
угаданная,1
переговорил,1
сложа,1
развеселился,1
манфредами,1
минуют,1
гибели,1
медовые,1
поднимался,1
сжались,1
ошибке,1
положенный,1
забегал,1
убегая,1
целовать,1
опустел,1
нянчась,1
мигрень,1
неумолкающей,1
визитов,1
рамкой,1
содержанием,1
состарилась,1
формой,1
зажимая,1
сошлется,1
заходил,1
переползанья,1
лелеял,1
смолкнет,1
участница,1
трактирам,1
повезли,1
поэтической,1
ревниво,1
казал,1
сговорились,1
неувядаемая,1
безнравственный,1
грамотеи,1
опустели,1
небывалое,1
гербовой,1
герасимычу,1
подвязанными,1
жители,1
ласк,1
понесли,1
гармоникой,1
приклонить,1
высокое,1
брака,1
переделаешь,1
пообедать,1
возделывал,1
шагни,1
продолжительного,1
эгоистки,1
любящей,1
увядающей,1
дуре,1
нужной,1
деятельно,1
окаменеет,1
таинственного,1
уговора,1
кудахтаньем,1
уверовала,1
предметах,1
выглянуло,1
недовольство,1
копытом,1
поколебалась,1
счетах,1
вопрошающей,1
разнообразна,1
искренние,1
пятить,1
раздраженного,1
спавший,1
щелкнуть,1
вечную,1
помрачилась,1
овощами,1
репой,1
немалая,1
стукнет,1
выехала,1
вышедши,1
вызвала,1
продолжалась,1
роде,1
затворялась,1
коснулось,1
временное,1
разъездов,1
выглядывали,1
творчества,1
мирятся,1
засохшим,1
качества,1
загораживая,1
колыхаться,1
дурные,1
принимают,1
предстояла,1
бледным,1
продовольствие,1
конюшня,1
тревожило,1
упорный,1
парадная,1
бархатную,1
чепца,1
полную,1
ввела,1
упирая,1
просторную,1
держу,1
подготовленного,1
грозных,1
свели,1
известные,1
анфилада,1
политического,1
возвращалось,1
зеленая,1
отделявший,1
деревянная,1
недосягаем,1
беседка,1
самонаслаждением,1
беззаботным,1
манил,1
залилась,1
наставало,1
миновало,1
отскочило,1
несвойственным,1
кланяясь,1
бросилось,1
копию,1
мостовой,1
приготовленным,1
суматоха,1
нанимаете,1
неотделанную,1
морды,1
везет,1
избранном,1
признав,1
уставленных,1
колесах,1
переезжает,1
резедой,1
пробои,1
женских,1
слепой,1
грани,1
порочного,1
лукавого,1
комедию,1
отчаянным,1
палкой,1
прозирать,1
нерешительны,1
угаданы,1
отступив,1
черная,1
щадила,1
порываются,1
создания,1
материалы,1
собирала,1
тяжелы,1
рубит,1
контрактом,1
тонуло,1
житейские,1
стихии,1
шатка,1
мелочную,1
ноготками,1
сферой,1
тряслась,1
бочонок,1
трясся,1
обязательной,1
превышает,1
переулка,1
ответов,1
невозможным,1
немощеного,1
признавая,1
искусстве,1
толстый,1
увлечению,1
значительной,1
случайному,1
распоряжаетесь,1
подписи,1
утрата,1
переделку,1
гордятся,1
окраску,1
засуетились,1
вылез,1
осмелится,1
проделки,1
считаете,1
сморщенной,1
старухой,1
средних,1
женские,1
внезапного,1
сарафане,1
мрачились,1
ожерельем,1
преимуществом,1
иное,1
выкладывал,1
дернет,1
арапка,1
безответного,1
кроткого,1
буйного,1
испитое,1
хитрости,1
плетут,1
появляется,1
властвует,1
вылезая,1
скачет,1
домашнюю,1
узенькая,1
исполняя,1
располагаются,1
брошена,1
направятся,1
лужи,1
изломались,1
дождевые,1
прикрыть,1
немытый,1
небритый,1
переиначить,1
хватит,1
распоряжается,1
тихие,1
крупного,1
вперяя,1
проститься,1
кустов,1
невыносимое,1
урной,1
заболел,1
фигура,1
обеденной,1
умолять,1
признаниям,1
растворились,1
урочные,1
решетчатого,1
пружинами,1
удивленный,1
кисти,1
мантильи,1
конуре,1
доживает,1
хитра,1
хитрят,1
прибавляются,1
корыта,1
ограниченные,1
двигают,1
обозреть,1
главного,1
дружеской,1
непривычным,1
наслаждались,1
упрекала,1
хранил,1
пусти,1
забываю,1
эгоист,1
честность,1
оскорбило,1
отжила,1
оглянувшись,1
поведу,1
сиянии,1
случились,1
перепугаешься,1
грамота,1
пристани,1
причиной,1
покатится,1
помня,1
невыразимого,1
подалась,1
чугунке,1
торжественное,1
насыпь,1
наслаждаюсь,1
угрюмое,1
близорука,1
обежит,1
обветшал,1
попадается,1
ловушку,1
расставила,1
приюта,1
лучам,1
солнечным,1
сегодняшний,1
разрешила,1
мешавшее,1
мышь,1
прячется,1
мучения,1
казенное,1
каменное,1
возвышалось,1
дачами,1
обстроилась,1
ведущая,1
ставить,1
эгоистка,1
улица,1
упрекали,1
соглашаетесь,1
посаженные,1
благоразумия,1
нежна,1
предоставляла,1
независимо,1
эгоизм,1
идите,1
отдельно,1
высохли,1
бельем,1
обшивала,1
поила,1
чертила,1
накрахмалены,1
переменять,1
пантелеевна,1
нуждаясь,1
ложитесь,1
ошибетесь,1
упадете,1
ирина,1
отравил,1
супруга,1
первенствующую,1
обильное,1
квас,1
отравитесь,1
сундучок,1
мрачное,1
детях,1
казнил,1
уз,1
уснете,1
смешивала,1
равняла,1
считают,1
разлюбите,1
выпросили,1
оправдаю,1
смотрителя,1
терзаю,1
пристроились,1
догадками,1
ценю,1
мелочах,1
заблестят,1
отыскиваете,1
карабкаясь,1
святому,1
влечению,1
забываете,1
спешите,1
букетом,1
заставляю,1
обрекает,1
ошибусь,1
невеликодушно,1
спрятанный,1
послушала,1
предсмертного,1
близкую,1
предчувствовал,1
расстанемся,1
ворочало,1
миновал,1
плелся,1
выдуманная,1
повторился,1
стона,1
отталкивать,1
гордою,1
скончался,1
покачивая,1
остановили,1
переползанье,1
ленивое,1
поблеклые,1
любящее,1
сторожило,1
охраняет,1
поблекшей,1
вянут,1
полынь,1
дремлют,1
заученную,1
утверждать,1
бросаетесь,1
лад,1
отдаете,1
наполняя,1
полтинники,1
четвертаки,1
бессонная,1
приносят,1
становитесь,1
нежны,1
поклонами,1
подрядами,1
заботливы,1
вдовеет,1
застала,1
прижата,1
начинающая,1
сдвинулась,1
гоните,1
одре,1
сомневаетесь,1
выпустил,1
покоящимся,1
занесен,1
нож,1
подозреваете,1
слетели,1
кроткие,1
грозой,1
стащила,1
продолжительно,1
выпускает,1
главную,1
разгаре,1
отличная,1
прижимаясь,1
расстается,1
любовник,1
пронзал,1
увела,1
набегают,1
страже,1
городская,1
зрелый,1
залаяла,1
индейский,1
дует,1
ветерок,1
узоров,1
определеннее,1
увереннее,1
синем,1
будущим,1
развернулись,1
ревнивее,1
условный,1
поэтически,1
начинай,1
морщила,1
умолоте,1
проложить,1
упрашивал,1
торговое,1
свободен,1
толк,1
обмануться,1
ухну,1
отвлекали,1
отступлюсь,1
выселить,1
излив,1
пустошь,1
расстались,1
съеду,1
документы,1
заклада,1
владею,1
изливавшейся,1
таившейся,1
отворяются,1
деятельностью,1
доступной,1
проявляется,1
растеряется,1
станцией,1
свойственная,1
добирался,1
виденный,1
возникает,1
повострее,1
повторяются,1
качается,1
бывшая,1
изумить,1
осеняет,1
воскрешает,1
быстротою,1
бессильно,1
освещенная,1
произнесены,1
прожитой,1
мышонка,1
своротит,1
переживает,1
подозрительным,1
задумчивые,1
закроет,1
влезли,1
доступна,1
чувству,1
обдать,1
львицей,1
плывет,1
разглаживается,1
сообразит,1
облачко,1
дребезжащему,1
добьется,1
поднявшись,1
тоненькая,1
старческому,1
заметная,1
складке,1
гнездится,1
прислушивается,1
звон,1
сальной,1
незаработанный,1
обетованной,1
резких,1
достиг,1
приемов,1
наклонностей,1
перемешались,1
увлекают,1
круглым,1
сидящая,1
свечкой,1
слетала,1
услышат,1
небывалым,1
устраняясь,1
придумывала,1
бессмысленными,1
сложив,1
перевел,1
изгадил,1
окаменел,1
отталкиваешь,1
висящие,1
отступил,1
поблек,1
потупив,1
отгонишь,1
смягчить,1
подвинулась,1
опущены,1
поднимала,1
отсрочишь,1
толкал,1
уезжай,1
допускай,1
бегу,1
пылающим,1
испуганного,1
улетающему,1
вспышку,1
сожалению,1
напрасных,1
сжатыми,1
вкопанная,1
окаменелая,1
дыша,1
пали,1
угасшим,1
задушило,1
объятие,1
оскорбленная,1
богиня,1
боем,1
обнимаются,1
уничтоженный,1
уступал,1
волочит,1
топнули,1
подавила,1
розовое,1
появлялось,1
прояснялось,1
жгучую,1
провалился,1
воздвиглась,1
утихал,1
отверзлась,1
ангелу,1
удушьем,1
закипело,1
напоминай,1
спаяешь,1
распался,1
влечешь,1
азию,1
рисовать,1
альбом,1
древности,1
стрелять,1
рассудка,1
завтракают,1
тревожь,1
каторжник,1
отошла,1
норе,1
крот,1
опомнись,1
нормальная,1
архитектору,1
расположен,1
балконами,1
упираясь,1
тащил,1
уговаривай,1
попыток,1
составишь,1
разорванные,1
англичанах,1
прирос,1
сегодняшняя,1
просиди,1
забывчивости,1
повиснет,1
любящимися,1
надень,1
дохнет,1
иисус,1
навин,1
договариваешь,1
движись,1
останавливайся,1
стесненная,1
облегчалась,1
шуберта,1
оглянись,1
запущенную,1
постройкой,1
местом,1
больным,1
яме,1
разыгрывается,1
французах,1
равное,1
отделяла,1
ванюши,1
питаться,1
фальшивым,1
сгиб,1
негреющим,1
попреков,1
норовил,1
дармоедом,1
захотели,1
барынин,1
холеру,1
померла,1
шатался,1
сотворил,1
доказать,1
обтертую,1
меховую,1
босу,1
попрозорливее,1
стоптанные,1
обут,1
пободрее,1
привяжусь,1
вопьется,1
оторваться,1
переживешь,1
попрекать,1
мыкаю,1
полинявшая,1
серьезны,1
гладкие,1
богемскую,1
буфету,1
запахе,1
сиреневой,1
невысказанном,1
участии,1
доверял,1
купцу,1
шалости,1
задумчивы,1
барство,1
потрафил,1
ответили,1
машинку,1
снимают,1
набито,1
вдумайтесь,1
битком,1
знатных,1
лжете,1
спешу,1
грамотных,1
обманываете,1
шинель,1
ветхая,1
восхождения,1
соблазнителям,1
растравлять,1
драпировка,1
увечному,1
бедному,1
милосердые,1
нормальный,1
тип,1
умысел,1
барышом,1
истребить,1
семена,1
перепродай,1
драпируюсь,1
фразами,1
мечтателям,1
прощаясь,1
прощаются,1
добрым,1
отпуская,1
любого,1
petersbourg,1
неимоверные,1
успехи,1
душевный,1
сражениях,1
рисуюсь,1
старше,1
оскорбились,1
комку,1
перепутанные,1
смятые,1
лысая,1
подернут,1
подбородка,1
багровой,1
нескучно,1
прожжено,1
окаянного,1
намерений,1
суетился,1
обливаюсь,1
перенесу,1
честные,1
разлетятся,1
кончатся,1
слепота,1
уговором,1
хорошенького,1
личика,1
признаю,1
воину,1
престарелому,1
скользкие,1
носилась,1
грянулась,1
могилке,1
инда,1
впечатлительное,1
кличет,1
положению,1
самолюбивая,1
стряхнуть,1
зажигая,1
воспринятию,1
почудится,1
ждало,1
притихнет,1
похищаю,1
нажить,1
всхлипывал,1
желт,1
счастливцев,1
подернутым,1
влагой,1
трепещущей,1
походкой,1
звучным,1
помянул,1
дождется,1
захохочет,1
сблизил,1
душеньку,1
улыбающегося,1
прячась,1
журнале,1
опубликован,1
грянет,1
встрепенется,1
полностью,1
гул,1
впервые,1
пригодится,1
пробираться,1
ручей,1
ясна,1
слышным,1
свел,1
журчаньем,1
уезжавшей,1
великонек,1
развертывает,1
одеть,1
приготовление,1
опыт,1
субъект,1
подвернулся,1
велю,1
сносный,1
неохота,1
пьянствуй,1
лихорадочной,1
почтенный,1
булавой,1
гостям,1
хорошим,1
вытолкай,1
летать,1
пропусти,1
послушайтесь,1
зарычи,1
сперва,1
покачивай,1
швейцары,1
понравился,1
бродяжничай,1
научило,1
различать,1
правильное,1
случайного,1
заблуждение,1
предостеречь,1
прогнали,1
предостерегаю,1
заблуждении,1
оглянитесь,1
легкого,1
лестно,1
увлекся,1
зависит,1
неугодливая,1
поспешностью,1
произошло,1
смял,1
изломала,1
злющая,1
стар,1
ознобил,1
нанялся,1
прочитайте,1
избавились,1
засипел,1
больны,1
очнуться,1
отрезвляться,1
очарования,1
почудилось,1
оглядки,1
покатости,1
раскричалась,1
склону,1
растопалась,1
каморку,1
увлекусь,1
антонов,1
mysteres,1
соперницы,1
дочитала,1
несчастное,1
рабочую,1
темном,1
унесите,1
повесив,1
отдадите,1
намерениям,1
убивалась,1
мыкать,1
поспешили,1
производило,1
произвело,1
шерстяном,1
глупа,1
отказываюсь,1
предвижу,1
жертвую,1
говорено,1
спрятались,1
подсмотреть,1
убеждены,1
повидавшись,1
поберечь,1
губить,1
проклятия,1
платке,1
умираю,1
потере,1
раздвигая,1
утирала,1
невыторгованный,1
глотает,1
обожгли,1
следуя,1
истраченный,1
рассердится,1
плачете,1
заливались,1
оживали,1
выплакав,1
затворяет,1
разразилась,1
рыданием,1
значением,1
уразумела,1
приказывайте,1
потерею,1
трупом,1
смыслом,1
затаившимся,1
перебегающими,1
энергии,1
понадобились,1
утешения,1
захождения,1
беспрекословно,1
оправдает,1
горем,1
результатов,1
владела,1
убиваясь,1
детками,1
колко,1
бездны,1
племянниками,1
предвидите,1
черноте,1
шелк,1
держись,1
волоски,1
сходите,1
ручки,1
наливной,1
беленький,1
барчонок,1
цены,1
прибавляла,1
мучаясь,1
замарашки,1
машеньки,1
формируется,1
проторила,1
пошлые,1
мученья,1
обижать,1
нашествие,1
убивается,1
безутешная,1
услышать,1
кладбищенской,1
восклицанием,1
просвирне,1
прикладывая,1
наперед,1
измучились,1
наслаждайтесь,1
питалась,1
провизию,1
лавочник,1
отдавят,1
замыкалась,1
извинение,1
отодвигалась,1
обмахивая,1
покраснеете,1
проницательным,1
истомилась,1
смыкала,1
суету,1
возня,1
подгорелое,1
взволнованный,1
сбыл,1
груз,1
перечитал,1
запечатал,1
управлении,1
упрашивали,1
изумится,1
перспективой,1
общая,1
замиранием,1
связывала,1
беспокоишься,1
тротуарам,1
разорвать,1
заглушал,1
потоком,1
докликался,1
невозмутимым,1
хладнокровием,1
прильнет,1
душегубец,1
запачканное,1
неисходно,1
сосредоточилось,1
деревянным,1
апатическим,1
неумолкаемый,1
разнообразная,1
нищим,1
приятные,1
бурями,1
наползают,1
поступку,1
щелей,1
нищих,1
утешаюсь,1
коротенький,1
благоуханное,1
берутся,1
послужит,1
болтливы,1
коллекция,1
руководством,1
улетайте,1
обедня,1
церковью,1
невзначай,1
поравнялись,1
летало,1
страницам,1
задумчивыми,1
длинно,1
выложить,1
поблагодарить,1
ивановичу,1
трещине,1
кучки,1
горячими,1
толкотня,1
шмель,1
цветка,1
вползает,1
ликует,1
чашечку,1
лепятся,1
выступившей,1
покорным,1
язвительного,1
прибежала,1
повторяет,1
бабочки,1
некрепкий,1
вертясь,1
накрахмаленные,1
вальсе,1
древесных,1
стволов,1
трава,1
невестка,1
несвежую,1
торопятся,1
разбегаются,1
ползало,1
двигалось,1
отпирать,1
ласкала,1
пролетевших,1
разлились,1
сосредоточеннее,1
таила,1
кончили,1
невестки,1
раздражать,1
догнала,1
любовника,1
осмыслилась,1
засветилось,1
обход,1
дойдя,1
погляжу,1
вложил,1
удалюсь,1
деятельною,1
просияла,1
проиграла,1
сожалением,1
торжественном,1
легок,1
ласкового,1
зачахла,1
договорились,1
невозможное,1
удовлетворенное,1
полное,1
высказывало,1
божию,1
качает,1
предавала,1
продлил,1
употребления,1
застрелюсь,1
выздоровеешь,1
молила,1
светились,1
покойников,1
согласились,1
любящие,1
откашлянулся,1
оробев,1
враждебное,1
удалилось,1
удалились,1
долгов,1
воровских,1
горький,1
довольством,1
простужусь,1
возмущающих,1
отдает,1
гадала,1
сообразно,1
одеты,1
намерениями,1
рдеет,1
графинина,1
экономка,1
гадать,1
выставляется,1
картах,1
ярче,1
бубновый,1
нахмурил,1
неторопливо,1
поменьше,1
плавает,1
бранюсь,1
покорных,1
катей,1
цветущие,1
долины,1
властвовала,1
стыдись,1
откашливаться,1
сюртука,1
крупных,1
порывом,1
макароны,1
грызет,1
остаемся,1
волнуюсь,1
непокойна,1
вселяется,1
разнообразило,1
сменялось,1
кулебяка,1
пармезаном,1
меркнет,1
уважение,1
вкусно,1
ответственности,1
подавался,1
продеваемой,1
писаных,1
строках,1
обнаженные,1
великолепного,1
кузьминична,1
покоить,1
разнесется,1
вижусь,1
нежить,1
монотонные,1
снимала,1
диораме,1
гиацинты,1
двигая,1
энергически,1
гремело,1
ванили,1
проповедовал,1
основа,1
гаванской,1
мешавшийся,1
изгиба,1
комнатке,1
изливали,1
чьи,1
ободрился,1
приносимые,1
способнее,1
ерань,1
выпустила,1
уступила,1
самоотвержения,1
загораживаемый,1
полюбишь,1
слушаешь,1
пошутил,1
намекал,1
угадай,1
резва,1
грация,1
битвы,1
жертвой,1
добываемых,1
наслаждений,1
испытав,1
протянуть,1
кольцом,1
радостном,1
ненасытимый,1
протянутая,1
резвая,1
истерзанный,1
битве,1
забытом,1
непрестанной,1
сражается,1
пустяках,1
торжествует,1
снедает,1
великолепные,1
ложные,1
будничных,1
вещах,1
сквозить,1
докучливых,1
отказался,1
побледнели,1
благородного,1
вскакивает,1
повторяться,1
идеале,1
молотком,1
угаснувшем,1
соблазнитель,1
волокита,1
светлом,1
скверный,1
безнадежности,1
селадон,1
маслеными,1
красным,1
чуждом,1
непокойно,1
воткнул,1
прожитую,1
украденный,1
зашевелятся,1
неисполненные,1
забытые,1
восстанут,1
розан,1
петлицу,1
выбивался,1
посмеет,1
прочного,1
сана,1
полугоры,1
отстряпает,1
морской,1
шляпка,1
стыдливое,1
поцелуи,1
гостиного,1
апраксина,1
литейном,1
небеса,1
опирается,1
колеблется,1
заказывались,1
каникулы,1
чепцы,1
салопов,1
пространство,1
мантилий,1
завелся,1
сбежала,1
потащила,1
отерла,1
махать,1
болтлива,1
должностей,1
шерстяное,1
упьется,1
скрывать,1
подслушивать,1
торжествовал,1
застраховать,1
аромате,1
выторговать,1
отделываться,1
колоритом,1
продолжение,1
беспечное,1
широкое,1
рисовало,1
осуществился,1
налагает,1
выпытает,1
честных,1
обживаясь,1
безмятежной,1
довольства,1
мелочной,1
мыслию,1
ближней,1
опечалится,1
цвета,1
полушубком,1
намерении,1
похолодели,1
ломаю,1
предупредить,1
любом,1
выразила,1
выходим,1
выдают,1
принадлежностей,1
доверялась,1
меняясь,1
исполненного,1
домовитой,1
спокойной,1
твердости,1
охмеляющего,1
чищенья,1
ускользая,1
снадобья,1
куреньями,1
порошками,1
камфарой,1
невозмутимого,1
спиртами,1
порывистых,1
неожиданного,1
пластырями,1
примочками,1
завозилась,1
наркотических,1
разверзается,1
травами,1
мечту,1
леденит,1
корзины,1
сметаной,1
крытые,1
отнимала,1
мягка,1
влажна,1
кадки,1
чухонца,1
отворачивалась,1
вспоминая,1
согласии,1
заключить,1
купленными,1
сушеными,1
мешки,1
провесная,1
притянуть,1
портили,1
окорока,1
привешены,1
отворотит,1
распахнул,1
запахов,1
рассчитывает,1
жертвует,1
огласку,1
грудами,1
чайников,1
двигает,1
пузатых,1
ряды,1
закладываемое,1
чепцов,1
выкупленное,1
негодования,1
разложено,1
глиняными,1
чугунными,1
ужасы,1
смелой,1
соусниками,1
блюдами,1
овальными,1
небольшими,1
поставцами,1
казнь,1
установлено,1
чуланы,1
колокольчика,1
вычищенную,1
ежечасные,1
рядов,1
фарфоровых,1
лекарствами,1
ужасный,1
домашними,1
молвой,1
коробочками,1
склянками,1
пачками,1
заменяет,1
загромождены,1
пожертвовала,1
уксусом,1
садки,1
чайницы,1
гибнуть,1
живописью,1
хрустальные,1
ванилью,1
банки,1
стеклянные,1
китайцами,1
мизинца,1
сердцами,1
потребностью,1
девизами,1
позолотой,1
опускали,1
яйцами,1
исчислить,1
подробностью,1
кисейными,1
раскинутыми,1
потрудился,1
несколькими,1
загромождена,1
стеганые,1
сокровенный,1
возвышались,1
спелое,1
сорвать,1
белели,1
фестонами,1
драпри,1
приставленными,1
осенялись,1
замести,1
полинялые,1
трещал,1
ботинками,1
воротись,1
преступника,1
выслушать,1
подались,1
перемене,1
уходи,1
находчивости,1
толпились,1
гордый,1
разделив,1
напугать,1
напрасная,1
выпытывала,1
греть,1
облекать,1
неосторожны,1
награждая,1
прилежанием,1
кратко,1
неутомимым,1
трудилась,1
почерпнуть,1
ломберными,1
откусить,1
припадая,1
простегивала,1
решительного,1
ватой,1
подкладывала,1
подернулось,1
кроила,1
расстилались,1
столами,1
разыгрывалась,1
промолвил,1
всунув,1
преступница,1
проникал,1
способствовала,1
рабой,1
капризничать,1
мораль,1
пугать,1
играете,1
играю,1
темнота,1
предостережения,1
комнатка,1
всесметающая,1
помощницы,1
благоусмотрение,1
советоваться,1
достойной,1
великой,1
усаживая,1
палладиумом,1
ковчега,1
переполнено,1
повинуются,1
полках,1
углах,1
скоплено,1
понравились,1
жилья,1
норы,1
незнакомые,1
инстанцию,1
застанет,1
погибла,1
перенесено,1
обдал,1
трогали,1
сует,1
пауки,1
объяснял,1
предстоял,1
полен,1
бочки,1
днища,1
кирпичей,1
смелый,1
досок,1
веника,1
печкой,1
женское,1
неподвижными,1
объявлял,1
очищений,1
планами,1
залогом,1
дорогом,1
усопшем,1
круглом,1
изволят,1
приготовят,1
вскрикнула,1
взыщите,1
котлетам,1
отшибло,1
жирный,1
усаживался,1
задвижкой,1
пощады,1
дымилась,1
вечере,1
изображена,1
расстройстве,1
отсчитал,1
влечение,1
таинственное,1
захлопнула,1
родство,1
походите,1
догадках,1
щипал,1
хмурилась,1
вспыхивала,1
горошком,1
бифштекс,1
грозила,1
дразнил,1
громче,1
сурдиной,1
присмирели,1
замолкло,1
ровнее,1
доставать,1
примолкла,1
шевельнуться,1
залезал,1
предостерегал,1
ушибется,1
нетвердыми,1
вишневого,1
ванечку,1
зале,1
журил,1
странной,1
бессознательной,1
умилении,1
дразнить,1
отклонить,1
безвреден,1
изнеможение,1
сиропа,1
краской,1
ври,1
ока,1
соблазнительных,1
соседней,1
признавал,1
негодная,1
учение,1
разбивалась,1
вздремнет,1
послеобеденную,1
упивался,1
покушений,1
циников,1
трепетавших,1
целомудрии,1
поклонялся,1
буйному,1
отвлекала,1
подчинила,1
весит,1
правды,1
чистоты,1
извив,1
прорывает,1
ложного,1
мужеством,1
систему,1
зашумят,1
основание,1
досаде,1
всезнающей,1
обдавало,1
версты,1
капали,1
удара,1
нес,1
походку,1
нескромный,1
подлаживаясь,1
дерзко,1
гимназическом,1
юноша,1
двухчасовое,1
дорожка,1
совершал,1
решившей,1
верующей,1
мудро,1
продолжена,1
анализирующей,1
молодежи,1
теплилась,1
ошибался,1
ошибся,1
пошатнулось,1
обдает,1
дымящимся,1
кофейником,1
жуковский,1
сновать,1
являться,1
болезненные,1
изнеможении,1
произнося,1
живости,1
устремляется,1
точку,1
хений,1
пушкина,1
пушкин,1
батюшков,1
бранится,1
пролежала,1
карамзин,1
машет,1
дмитриев,1
нетерпеливым,1
устранит,1
мается,1
вздохнет,1
оглянется,1
литература,1
сподряд,1
чуткими,1
чутки,1
ямской,1
прощипаны,1
подставит,1
сквозного,1
одетая,1
краткие,1
нисходят,1
заученное,1
слышанное,1
сошлются,1
кузины,1
решатся,1
дугой,1
установились,1
калитка,1
загадочное,1
незначительное,1
устремляющий,1
сосредоточивая,1
уверенности,1
похожей,1
воле,1
сходны,1
пустил,1
бдение,1
отлучился,1
впала,1
лунатизм,1
шумел,1
частыми,1
закрой,1
англичан,1
студент,1
спиридоныча,1
алексея,1
новенького,1
нежа,1
карабкался,1
влез,1
горяча,1
облегчается,1
задремали,1
заволакивало,1
очнувшийся,1
пополз,1
кофейник,1
сжимала,1
будил,1
навзрыд,1
растерялся,1
всхлипывая,1
выплакаться,1
пожимает,1
шевелил,1
ружья,1
спиридоныч,1
война,1
прижалась,1
упомянули,1
облаками,1
дмитрий,1
походимте,1
оторопел,1
политика,1
аллеям,1
замерзнет,1
мягки,1
шар,1
смешались,1
беловатой,1
земной,1
политике,1
змеились,1
пашой,1
блуждали,1
пробирались,1
непроницаемых,1
турецким,1
индию,1
испанию,1
теснее,1
состоялось,1
умеренный,1
обожанием,1
ускользнуть,1
трогались,1
здороваться,1
чмокаться,1
кнута,1
взглянули,1
представила,1
осторожности,1
свойственной,1
процветал,1
живности,1
занес,1
рожь,1
ударе,1
воротила,1
привозили,1
сонному,1
скучающему,1
порядочный,1
небрежности,1
аккуратно,1
переносили,1
поставленный,1
устройстве,1
копают,1
окружили,1
мчалась,1
угрызать,1
беззаботными,1
пугало,1
думах,1
чередовалась,1
намекала,1
отправлялись,1
сладостной,1
веровать,1
населенная,1
посещали,1
балаганы,1
дружескими,1
удовлетворенного,1
двинутся,1
поддавался,1
раздумью,1
масленице,1
соснул,1
замедленного,1
налетело,1
возвращались,1
покупками,1
ездила,1
бежало,1
невы,1
сомнительного,1
отворотясь,1
предписано,1
распахнулась,1
выпадало,1
кодексе,1
идеально,1
выразить,1
маловажное,1
степеней,1
пожатие,1
выпрямляя,1
честны,1
предназначена,1
создана,1
сложилась,1
выражать,1
светлая,1
солнечных,1
вечернее,1
холмами,1
серебряной,1
речкой,1
пожаре,1
утопает,1
временных,1
вкусит,1
склоняют,1
посягал,1
тревожные,1
пустынные,1
настойчивые,1
задумчив,1
старцы,1
угрюм,1
собственными,1
сделанный,1
укладывался,1
каяться,1
выразил,1
ласковая,1
шаловливость,1
развеселить,1
головною,1
поверять,1
зритель,1
гладиатор,1
вылить,1
убаюкивала,1
одеколону,1
платона,1
выработалась,1
припухшие,1
разрушающими,1
создающими,1
двигать,1
обычными,1
крылись,1
являлось,1
спирты,1
наслышка,1
сочувствию,1
испорченные,1
освежиться,1
порчи,1
подвигалось,1
уходило,1
темны,1
навык,1
примочки,1
отцвели,1
догнал,1
указывали,1
корабли,1
войском,1
проложат,1
шкафчика,1
франции,1
помышлял,1
засвидетельствовал,1
вращалось,1
вытащила,1
разговоров,1
читалось,1
целомудренные,1
сапоге,1
явлениями,1
произносят,1
криках,1
светских,1
сатиров,1
перл,1
пучину,1
найдется,1
раковина,1
запрещено,1
пряное,1
запинаются,1
рдея,1
мясное,1
чудаками,1
исключениями,1
неистребимого,1
холодном,1
бездушном,1
цинизме,1
рассказов,1
пустили,1
ухаживал,1
переменил,1
повели,1
грязном,1
обложила,1
получаемых,1
настойчивости,1
понятным,1
ощутительно,1
кажутся,1
цвете,1
норки,1
глуше,1
неполнота,1
неудовлетворенность,1
слабее,1
верой,1
норке,1
воздушные,1
мудрить,1
текущей,1
потрясая,1
громовой,1
скинуть,1
безнравственно,1
училась,1
уголков,1
мирных,1
встречала,1
достигали,1
слезой,1
губительных,1
превращался,1
сказочный,1
аппетитно,1
работал,1
иностранной,1
утопало,1
извозчике,1
частые,1
летела,1
озарила,1
провидения,1
основанием,1
светил,1
телеграфировать,1
махал,1
раздумываться,1
повиновался,1
призыв,1
трепетанье,1
дневного,1
тягостную,1
беспечнее,1
холодное,1
вползало,1
смородиновую,1
нарастающие,1
отрезвляло,1
обратилось,1
рожу,1
продолжать,1
казнить,1
мучьтесь,1
великий,1
эпикуреец,1
небрежен,1
покупку,1
развешивал,1
простит,1
чернорабочий,1
накажет,1
отдохните,1
менял,1
взволнованы,1
руководствовался,1
подсудимой,1
вступления,1
оправдана,1
владел,1
логикой,1
стыдилась,1
брюхе,1
толковать,1
порождает,1
пшеницыных,1
янтарная,1
празднично,1
гастрономическом,1
миловать,1
обнюхает,1
призванием,1
обвинять,1
удался,1
спасительницы,1
неудавшуюся,1
обманутое,1
прибавьте,1
пятнице,1
совершаемой,1
прогулке,1
любимой,1
смоленском,1
свежепросоленные,1
огурцы,1
заплачут,1
лгала,1
озарит,1
нехороши,1
лососина,1
ботвинью,1
гибельно,1
голубиная,1
трогала,1
рассказу,1
процветала,1
образцовая,1
обходит,1
повеселело,1
телятины,1
расширялась,1
арена,1
простили,1
приобретала,1
поговорила,1
успокоительно,1
перетаскано,1
отогрелось,1
разжалована,1
открытыми,1
кухарок,1
птичницы,1
огородницы,1
закупка,1
кроткими,1
соленье,1
огурцов,1
вопросительный,1
моченье,1
яблок,1
вишен,1
варенье,1
обширные,1
расправила,1
озарили,1
закипела,1
успокоили,1
обласкали,1
легавая,1
избавить,1
ужасного,1
смигнув,1
милютины,1
притихла,1
полой,1
лучшую,1
балующий,1
пулярку,1
биржи,1
настоенной,1
смородинным,1
выпивалось,1
светлице,1
спрятана,1
насмешливый,1
свечке,1
портфеля,1
выступление,1
осыпка,1
совершались,1
взаимное,1
влеченье,1
превратилось,1
неразрывную,1
продовольствии,1
удавался,1
защищал,1
влетит,1
переваливаться,1
устройством,1
получены,1
удовлетворительные,1
успокоен,1
распорядился,1
определив,1
губернским,1
старосте,1
приказ,1
открытием,1
навернулись,1
возить,1
удерживали,1
кирпича,1
благословясь,1
договаривая,1
стройку,1
вынули,1
повергался,1
болезненную,1
сметал,1
возрождению,1
являясь,1
упоением,1
заступило,1
торгового,1
почудились,1
неизбежно,1
дрогнул,1
смеете,1
выдьте,1
постепенностью,1
геологические,1
планеты,1
страстною,1
осыпается,1
позволите,1
смущенная,1
наносит,1
приращение,1
кокетничаю,1
правах,1
вырученные,1
удовлетворен,1
давешний,1
кокетничаете,1
прогонами,1
суточными,1
вознаграждением,1
находятся,1
приличия,1
мостах,1
предпочитают,1
сердечный,1
немое,1
наносил,1
эпохи,1
рамы,1
вскрылась,1
сажать,1
овощи,1
выздоравливать,1
праздники,1
троица,1
семик,1
сбросила,1
упрочились,1
ознаменовалось,1
послушался,1
березками,1
настоящим,1
назвали,1
наказали,1
равнодушием,1
венками,1
обиженная,1
комической,1
поговаривать,1
шепнула,1
предстоящих,1
иванове,1
призраку,1
ильине,1
расцветая,1
выставили,1
повеселели,1
признательности,1
разгладился,1
сугробы,1
курятники,1
раздумья,1
тяжелого,1
огорода,1
выздоравливаю,1
столбов,1
пирамиды,1
радостная,1
окуталось,1
саван,1
чищенье,1
пробежала,1
мерный,1
почудилась,1
откушать,1
задавал,1
осыпалась,1
отступало,1
приливало,1
прежнюю,1
нормальную,1
напекли,1
жаворонков,1
стирал,1
внесенные,1
наклоняя,1
уварился,1
гущей,1
пенки,1
оценить,1
сливках,1
крышку,1
отведает,1
миндаль,1
закипели,1
толченье,1
принимаюсь,1
глаженье,1
просеванье,1
получило,1
несчастным,1
сладостное,1
водила,1
сопротивлений,1
кокетничала,1
смутных,1
предчувствий,1
томлений,1
выговорила,1
исповедовать,1
догматы,1
крутого,1
отстоялся,1
ложечки,1
тучу,1
перельет,1
прошлому,1
маленьким,1
оригинальным,1
оттенком,1
устроенная,1
принадлежите,1
намелет,1
пощадите,1
наколет,1
просеет,1
стыдитесь,1
часовая,1
поймем,1
дойдем,1
удивляюсь,1
неповоротливом,1
несравненном,1
заслуги,1
слепа,1
полдороге,1
взыскательна,1
отнесет,1
усядется,1
прицеливается,1
защищала,1
повинуясь,1
пятясь,1
обрадованная,1
шелковое,1
шаркнуло,1
исследованы,1
пораженному,1
ученым,1
следить,1
вкрадывается,1
оковывает,1
ослепнув,1
нервное,1
борется,1
видимо,1
изощряется,1
вообразилось,1
холодеющим,1
отдается,1
пшеницын,1
прытью,1
трясется,1
потупилась,1
оседлать,1
клоня,1
красноватое,1
нежное,1
признания,1
трясутся,1
рождающимся,1
собираюсь,1
забегая,1
безотчетным,1
кидается,1
простудилась,1
неизлечимую,1
колебалась,1
выговаривать,1
помогу,1
невыносимо,1
терзали,1
подозревала,1
пытка,1
девочке,1
дрожать,1
сосчитала,1
протертые,1
черед,1
скольку,1
ворочала,1
скучен,1
спросили,1
сходили,1
дожила,1
нашло,1
капризным,1
чудом,1
уст,1
свободны,1
цепей,1
отворились,1
многом,1
завеса,1
осыплет,1
присмотрит,1
положена,1
переварилась,1
совестится,1
неисправной,1
снималась,1
пересказывала,1
постороннего,1
грудных,1
полных,1
сосредоточивалось,1
слипаются,1
возвысился,1
уложив,1
осмотрев,1
полутон,1
потушены,1
явственнее,1
случился,1
пушка,1
шести,1
засидится,1
ворочается,1
развивалось,1
положится,1
закрывает,1
приговора,1
фартуком,1
сдует,1
взвесил,1
избрала,1
уберет,1
наволочки,1
адвокатом,1
осудит,1
безжалостно,1
осыпанье,1
наносный,1
прибавкой,1
вулканических,1
снисходительного,1
взрывов,1
обильным,1
неожиданным,1
проницательного,1
немота,1
могильная,1
бесконечным,1
последствиям,1
подгорит,1
переварится,1
ухе,1
крестится,1
припадок,1
залает,1
бегите,1
поправилась,1
выслушайте,1
просиживала,1
ранней,1
бумажке,1
алтарь,1
помянуть,1
подозревали,1
припав,1
мучениях,1
возвращалась,1
господствующие,1
выздоравливая,1
нехоть,1
накладет,1
цикория,1
доварит,1
разворчатся,1
отчаиваться,1
жалеть,1
уйдут,1
ступкой,1
двигается,1
колотить,1
жалка,1
щадите,1
засмеются,1
душный,1
исповедь,1
застучит,1
поцелуе,1
просветлении,1
застучат,1
накинет,1
надеждах,1
рассказала,1
юбку,1
расталкивает,1
умилялась,1
добросовестная,1
краснела,1
домохозяйка,1
пьяный,1
отопрет,1
перебудить,1
впускала,1
устлала,1
войлоками,1
коврами,1
завесила,1
перекладывала,1
ярость,1
подробная,1
вскрикнут,1
медленною,1
останавливалась,1
подрядчиками,1
покрыта,1
приуныл,1
распорядятся,1
проведет,1
настроит,1
стыдом,1
сирот,1
заведет,1
пощелкивал,1
подписывая,1
потребовали,1
настоятельно,1
напутает,1
ожидаете,1
уезжать,1
сему,1
объявим,1
канула,1
нужная,1
подписывает,1
постарела,1
сконфузился,1
скандалезное,1
замкнутых,1
таится,1
данному,1
претензия,1
наступлением,1
ветчиной,1
сыграть,1
побледнела,1
небольшое,1
заключения,1
дернул,1
прибежавшей,1
спирту,1
поступать,1
тиски,1
стаканом,1
очнулась,1
шатаясь,1
предвидится,1
имеется,1
подождите,1
оправлюсь,1
коридору,1
катю,1
решений,1
наличности,1
выпросит,1
обручится,1
поручит,1
публичную,1
займет,1
подан,1
присылаемые,1
напряженная,1
избытке,1
рану,1
соус,1
оскорбление,1
жалостью,1
поникнув,1
ошибалась,1
простишь,1
предупреждал,1
раскаиваться,1
раскаиваюсь,1
наказана,1
понадеялась,1
потолочь,1
похозяйничать,1
оживлю,1
посуетиться,1
надеялась,1
согласен,1
тужит,1
упрекнешь,1
капризу,1
уныние,1
пряности,1
рассталась,1
нанести,1
тереть,1
возненавидишь,1
зажал,1
залежавшейся,1
раненого,1
жесткой,1
окованная,1
насильственным,1
заправленную,1
яичницу,1
понижая,1
говорящих,1
привидение,1
роковое,1
осилил,1
изменившимся,1
котлетки,1
томна,1
сочной,1
лавочка,1
снабжает,1
покойною,1
чухонка,1
неподвижною,1
сверхъестественный,1
сосредоточенный,1
приносит,1
пораженное,1
сдержать,1
покупается,1
мечтанья,1
окончить,1
шутим,1
содержать,1
ломаются,1
вступаю,1
лишняя,1
переписка,1
подписан,1
прожитье,1
изгадили,1
ухлопали,1
вельможей,1
повысосет,1
пошарил,1
истратила,1
троюродные,1
седьмая,1
киселе,1
пялит,1
телятину,1
жарила,1
дивился,1
молола,1
сущая,1
ударь,1
оставленные,1
доставаться,1
обними,1
семьи,1
одежке,1
овес,1
перебили,1
перевелись,1
олухи,1
подписывают,1
припеваючи,1
высчитал,1
брату,1
пропадай,1
рассчитал,1
послышишь,1
побожился,1
жалуюсь,1
предположив,1
переешь,1
переделает,1
кумом,1
литейной,1
богатой,1
обдумав,1
выводить,1
приманивала,1
времечко,1
красны,1
пьешь,1
протягивайте,1
молокососы,1
ухмыляется,1
спущу,1
посиневших,1
мухоярова,1
незнакомому,1
положительный,1
белоснежная,1
приостановились,1
особую,1
посовестится,1
езжал,1
носком,1
лабазника,1
добьюсь,1
обманут,1
огорчением,1
прищуря,1
дочери,1
проезжавшей,1
присвататься,1
затруднительное,1
закупкой,1
должником,1
сделку,1
добровольную,1
осторожными,1
заикаясь,1
стройкой,1
склонилась,1
появляться,1
чужому,1
принуждений,1
обделать,1
поклоны,1
подозрительных,1
лавочники,1
поднимаясь,1
торопить,1
настойчива,1
рынках,1
непреклонна,1
корица,1
убедить,1
встретив,1
спальной,1
углубилась,1
дочитывали,1
семеновна,1
объясниться,1
советовался,1
кастрюлями,1
рекомендует,1
повисшими,1
очутилось,1
исая,1
собирались,1
фомича,1
поручу,1
заняла,1
беру,1
повторили,1
разливе,1
холмам,1
жизненных,1
совершалось,1
улыбающимся,1
прилив,1
жесток,1
трудным,1
выработывается,1
пространным,1
разлив,1
ослепительных,1
перекрестке,1
сломит,1
горю,1
забрезжилось,1
незаметной,1
озаряющего,1
испытывала,1
жилах,1
столбняка,1
лягнул,1
затворить,1
удержал,1
струилась,1
наметался,1
замерло,1
широких,1
практики,1
зеленых,1
тихую,1
гибнешь,1
сгубило,1
мысленный,1
растолкала,1
раздел,1
накинул,1
забытье,1
шевелилась,1
тих,1
почувствовала,1
вымыли,1
починили,1
мрака,1
плечам,1
утонул,1
холмах,1
убито,1
затихла,1
возвращение,1
порядку,1
течению,1
правильным,1
скопившегося,1
напора,1
долговременной,1
улеглось,1
теплом,1
хлопьями,1
густым,1
слоем,1
покрывший,1
тележка,1
контора,1
свинцовым,1
заслонилось,1
безотрадным,1
обнаженная,1
награждено,1
четвертая,1
взволновал,1
закатилось,1
светило,1
засияло,1
поднимавшийся,1
влюбленными,1
ручаюсь,1
рушились,1
жилища,1
пробивалась,1
поглощенные,1
буйных,1
однообразную,1
выступившие,1
устилал,1
валил,1
урони,1
разбросанный,1
подскочит,1
сконфузит,1
ночной,1
кровати,1
глядь,1
измята,1
улиц,1
чаду,1
полетела,1
сахарница,1
задумчивом,1
найдено,1
покрывал,1
летели,1
каштановые,1
подносе,1
княжеская,1
напасть,1
благоухающая,1
подбирала,1
просидели,1
обернул,1
разлитый,1
воскресла,1
деловая,1
сиянием,1
умен,1
короткого,1
прикусив,1
старую,1
вымыты,1
судорогой,1
зарыдала,1
вырвали,1
оружие,1
полиняли,1
пропала,1
беззащитная,1
заплатами,1
вырывалось,1
истасканное,1
прижав,1
платку,1
оперлась,1
швам,1
текли,1
вырвавшаяся,1
расползается,1
временной,1
изливались,1
зашивались,1
безотрадно,1
истаскался,1
потоками,1
постлал,1
прибор,1
голодно,1
графином,1
внятно,1
лук,1
крошить,1
миндалю,1
расстроена,1
состареюсь,1
управится,1
стирает,1
загрубели,1
загорели,1
благодарили,1
походило,1
зачахну,1
сойти,1
повиновались,1
ситцевое,1
одета,1
лоснятся,1
небледнеющих,1
некраснеющих,1
яичницей,1
шипящую,1
неся,1
сорвался,1
фальшивую,1
беспощадно,1
заплаты,1
погибло,1
клики,1
проворковать,1
научить,1
подкосились,1
уязвило,1
повеяло,1
упрекнули,1
наготой,1
бессилия,1
ослабевший,1
потухший,1
будничные,1
скуден,1
нищ,1
блонды,1
яду,1
газы,1
завернутою,1
жестом,1
плыла,1
распростерла,1
тревожься,1
мечтательница,1
фантазерка,1
терзая,1
выдержу,1
крыло,1
прячешь,1
поливающий,1
неукрашенное,1
нивы,1
терзаешь,1
перенесешь,1
неопрятнее,1
силилась,1
выплачу,1
наказывает,1
возобновились,1
неуклюжее,1
барабанить,1
ядовиты,1
плачь,1
выговаривала,1
строк,1
приросло,1
отрывать,1
качала,1
немочь,1
повторяя,1
умрешь,1
кроток,1
выглядывала,1
честен,1
голубь,1
въелась,1
красные,1
небольшие,1
неизбежного,1
постыдится,1
землянику,1
вызов,1
проронит,1
блондах,1
причесанные,1
неустающие,1
разряженные,1
несут,1
жалуйся,1
опьяневший,1
жадные,1
мелькнуть,1
подсказанное,1
дотянешь,1
пятидесятью,1
попадешь,1
хватает,1
женишься,1
прибирает,1
ямайском,1
привязки,1
придирки,1
выскажется,1
выбирает,1
вскрикнет,1
сморщится,1
пятачку,1
дыму,1
крикнет,1
кровавого,1
мучительным,1
трехрублевому,1
черпнуть,1
источника,1
вскипев,1
нетвердым,1
ровной,1
потекло,1
болтались,1
зачастую,1
медью,1
продиктует,1
причинам,1
порывистой,1
ложись,1
утомленная,1
разум,1
поработать,1
замечтал,1
пьянея,1
просители,1
смеют,1
клуб,1
высказываться,1
испугается,1
созерцательной,1
уставай,1
горячки,1
признаков,1
лихорадочных,1
повалится,1
ворочаться,1
боров,1
подглядели,1
период,1
свидетели,1
способна,1
страху,1
безделицы,1
ниточке,1
угодливости,1
товару,1
срезала,1
плаксиво,1
заготовлю,1
сирота,1
достанутся,1
опечалилась,1
таковую,1
пожала,1
упрется,1
залился,1
смертный,1
прослышал,1
присватывался,1
подпишешь,1
разгадать,1
оцепенеет,1
переведет,1
взойдя,1
выскабливаешь,1
выпучив,1
водопады,1
хмель,1
обрывы,1
отодвигалось,1
выпущу,1
утомлялись,1
залетело,1
затишьях,1
находку,1
посещаемых,1
путешественники,1
понукал,1
перебывали,1
копии,1
пушки,1
мучишь,1
трусоват,1
порядков,1
засиделся,1
поглядим,1
целковому,1
черпай,1
поймана,1
нерешительном,1
тратит,1
выиграет,1
напрасна,1
запускает,1
предчувствовала,1
лапу,1
помещичьи,1
расписки,1
упорным,1
пытливости,1
выражаться,1
погорячится,1
разрешиться,1
покричит,1
развеселясь,1
возрождалась,1
подлил,1
ставило,1
выпьешь,1
восстановляло,1
видов,1
сделаешь,1
выведи,1
предположить,1
навеянной,1
труслив,1
собран,1
нелицемерной,1
запертых,1
мыслителей,1
печалить,1
солгу,1
писателей,1
умниц,1
ищешь,1
заметь,1
ошибались,1
отыскалось,1
простились,1
порылась,1
вызвав,1
гвозди,1
заикнется,1
откупорил,1
бледнела,1
половому,1
замужеству,1
суйся,1
уничтожил,1
увлечь,1
взведет,1
слыханное,1
обвинения,1
обдерет,1
никем,1
истинной,1
разгорался,1
ложатся,1
перепродает,1
послышится,1
борьбах,1
скрытых,1
предприятие,1
вздорожают,1
останутся,1
сгорел,1
достроился,1
изобретатель,1
твоими,1
тратятся,1
втянет,1
втянул,1
чуждо,1
продлятся,1
статья,1
кончена,1
встречах,1
сдано,1
заговелись,1
переворочаешь,1
главный,1
сковывал,1
охватывал,1
покупает,1
пятисот,1
сосчитает,1
неизлечимые,1
сунет,1
верному,1
сыщет,1
разбавлять,1
понюхай,1
нежного,1
отличить,1
бесчувственна,1
глядясь,1
чахнут,1
рассудок,1
теряют,1
русским,1
легкомысленно,1
фермы,1
аренды,1
спесивая,1
акциями,1
допечет,1
выдумка,1
несгораемые,1
домы,1
возьмется,1
порождают,1
раны,1
подмахнет,1
предупредив,1
тонкое,1
сдержанной,1
смешить,1
сердечнее,1
признательный,1
несимметрично,1
лежащими,1
складкой,1
сложнее,1
смешную,1
развить,1
легкомыслии,1
шутку,1
сопровождает,1
настойчивым,1
туманный,1
зазвучит,1
пренебрег,1
изворотливости,1
единственно,1
вопрошающий,1
жаждал,1
тревожился,1
небрежное,1
недосказанного,1
сух,1
милой,1
перерастает,1
серебряным,1
суров,1
громким,1
vient,1
dire,1
дикарь,1
абонировался,1
абонемента,1
заметное,1
штрих,1
дослушал,1
рубини,1
несомненный,1
ницце,1
переменились,1
уловит,1
подбирался,1
изучая,1
жилку,1
ежедневным,1
собеседником,1
путеводителем,1
оправляться,1
давался,1
равнодушию,1
ешь,1
прежнею,1
приятельницею,1
заботливостью,1
материал,1
доверчивость,1
умолкает,1
обстановив,1
основу,1
обложив,1
сухи,1
альбомами,1
необходимые,1
наполнил,1
скучные,1
осматривать,1
копи,1
трепетным,1
образцовое,1
знакомиться,1
подтверждалось,1
победителя,1
сталкиваться,1
удовлетворенной,1
замечательными,1
настойчивое,1
удивлялся,1
приобретенного,1
оценку,1
требование,1
поверив,1
камнях,1
прирастала,1
ткань,1
сжимались,1
факты,1
разливалась,1
двои,1
тончайшей,1
обходиться,1
зарю,1
энергией,1
ясности,1
жаждущего,1
примирения,1
измученный,1
вопросительного,1
борьбой,1
бледное,1
охватывала,1
победителем,1
почерпнешь,1
щегольских,1
затрудняясь,1
побеждая,1
требования,1
всплывало,1
лабиринт,1
складывались,1
открывал,1
изучал,1
любим,1
mais,1
лондон,1
засвидетельствовано,1
форменной,1
допрашивайся,1
нетрезвом,1
перенестись,1
встретятся,1
читателю,1
нескрываемым,1
сообщил,1
разрушено,1
очарование,1
флером,1
задернется,1
расспрашивал,1
драгоценных,1
бульвару,1
перебегал,1
прохожим,1
обольется,1
замрет,1
вывескам,1
магазинов,1
отнес,1
свернули,1
бульвара,1
разглядишь,1
похвалой,1
мельчайшие,1
томного,1
соткать,1
коллежской,1
секретарше,1
горячится,1
покорна,1
предупредительна,1
скрытна,1
годика,1
провозгласил,1
осторожна,1
удивленным,1
опасливо,1
затеять,1
девица,1
оборотится,1
упираться,1
прерывал,1
бросал,1
идущие,1
испортишь,1
принудили,1
закончить,1
упомянет,1
зашумит,1
тончайшее,1
войду,1
подкараулил,1
окнам,1
ребячества,1
входило,1
созрели,1
умный,1
материю,1
изучать,1
незнакомую,1
вырывалась,1
верит,1
выдала,1
подтверждала,1
вес,1
принимает,1
лорнировала,1
неоспоримый,1
проезжавшую,1
захворал,1
притворным,1
шаге,1
проезжавший,1
обязанностью,1
любезностью,1
приношением,1
лестным,1
спутники,1
проехали,1
одолжением,1
развились,1
угадывал,1
вглядываться,1
наблюдению,1
оскорблена,1
оскорбляется,1
безотчетности,1
усмешки,1
скорбная,1
слепоте,1
сдвинулись,1
безотчетно,1
стремительной,1
проникающим,1
приобретается,1
заслуга,1
оправдывались,1
обливает,1
лион,1
обнажает,1
развивает,1
ошибиться,1
ослепления,1
лестного,1
вздумали,1
подтверждало,1
обаятельного,1
непроницаема,1
недоступна,1
изрек,1
обещаясь,1
неуменьем,1
покоит,1
замешан,1
понуканий,1
протерпела,1
прожила,1
рождается,1
самолюбивых,1
позывов,1
мечтой,1
терзаний,1
девической,1
партию,1
гибнут,1
приличную,1
похоронила,1
прозябает,1
оплакала,1
растение,1
неудавшейся,1
потосковала,1
незаконною,1
разумного,1
мрачить,1
ухаживает,1
встречаться,1
лелеет,1
горьких,1
бессонных,1
поддеваете,1
конечные,1
корь,1
расплатишься,1
содрогался,1
куклы,1
мучительном,1
онемела,1
сближался,1
подвинув,1
обращенному,1
агафьей,1
матвеевной,1
преступна,1
свалить,1
укладывала,1
расстилаться,1
поумничала,1
вымыв,1
обтерев,1
останавливал,1
полной,1
неразрешимый,1
запуталось,1
самую,1
опухоли,1
закроется,1
снизу,1
пришили,1
похудевшее,1
теплому,1
вспышки,1
оправдан,1
проворством,1
заставляла,1
ступку,1
толочь,1
дурачила,1
корнета,1
натолочь,1
пудинг,1
полюбил,1
искупление,1
поцелую,1
наклонясь,1
судорогами,1
святая,1
рыданиями,1
поцелуйте,1
накипят,1
доживем,1
наболит,1
пасхи,1
поцелуемся,1
смущаясь,1
робея,1
пожара,1
многими,1
желала,1
отнесла,1
дострочу,1
наслаждалась,1
ужину,1
кислая,1
заискиванье,1
лососиной,1
омуте,1
натянуто,1
изысканно,1
угасающего,1
осетр,1
каретного,1
оживить,1
кокетству,1
дружескому,1
отрезать,1
каша,1
сковороде,1
извлечь,1
милы,1
шипит,1
отворив,1
благовиднее,1
дошила,1
откусила,1
дружился,1
нахмуренные,1
сонечке,1
смущена,1
неуместною,1
ревностью,1
стариками,1
кухарки,1
пококетничать,1
молодыми,1
безграничной,1
предложите,1
гроба,1
переменила,1
свойство,1
бескорыстное,1
поссорились,1
тайною,1
ставила,1
извинялся,1
поминала,1
подавленной,1
рехнулся,1
зачах,1
торжества,1
движущихся,1
сурово,1
схватив,1
останавливающихся,1
лезвию,1
ножа,1
спасенье,1
изменится,1
согласны,1
средство,1
моется,1
непроницаемы,1
душистым,1
чист,1
захаров,1
сияет,1
бархат,1
сделанное,1
внес,1
тьме,1
фальшивом,1
пустило,1
неожиданную,1
недоумения,1
рокового,1
гнетом,1
суетливой,1
главной,1
сказаны,1
замеченной,1
внесла,1
придвигая,1
вразумите,1
бросившись,1
вечном,1
чистыми,1
открытом,1
проворное,1
поведению,1
взойдет,1
застелют,1
скрытому,1
вихри,1
понесется,1
упорному,1
обязана,1
бурный,1
укрываться,1
ветр,1
проницательности,1
противником,1
концов,1
вселенной,1
скрывал,1
простенке,1
угадано,1
принесено,1
угадываете,1
поединку,1
вздрагивая,1
решительности,1
бодрым,1
трогаясь,1
выиграть,1
кладовую,1
закроют,1
тьмы,1
дантово,1
всезнании,1
хозяйственных,1
удобств,1
воплощался,1
мучились,1
необозримого,1
откидываясь,1
выскажусь,1
предвидели,1
пощаде,1
ненарушимого,1
отеческой,1
моля,1
внучата,1
ходящее,1
неприятель,1
промышляющее,1
непокладные,1
обошьют,1
накормят,1
напоят,1
оденут,1
обуют,1
надевают,1
решимости,1
победила,1
доделал,1
посвататься,1
допустила,1
влияние,1
доканчивай,1
получила,1
опеку,1
нравственную,1
опутавшие,1
забился,1
узы,1
гаже,1
стройка,1
совестью,1
сообразишь,1
руководителя,1
кину,1
истолкователя,1
одышка,1
нечувствительно,1
заспишься,1
оживленнее,1
вскочишь,1
наживешь,1
сближались,1
водяную,1
размен,1
похлопотать,1
насмешливого,1
бокалу,1
выписываю,1
журнала,1
помешала,1
забавляет,1
тоскую,1
ежеминутно,1
удержу,1
доверенностью,1
огорчениями,1
смущенья,1
убедился,1
жертвами,1
виню,1
неутешными,1
проклинает,1
платя,1
законно,1
выпрошу,1
вечные,1
теряло,1
разделенная,1
поверенная,1
проведенный,1
отговорил,1
удовольствия,1
крыльях,1
остроумного,1
хомут,1
летаешь,1
толст,1
одолевают,1
рождающейся,1
мимолетной,1
создан,1
положительного,1
знака,1
отталкивала,1
устраивать,1
отрастил,1
отвязал,1
путал,1
нашлась,1
внимании,1
качествах,1
атласная,1
английского,1
блистательных,1
почерк,1
основанная,1
напечатать,1
умерла,1
приятельница,1
затерял,1
приезжих,1
дарования,1
горением,1
деревушку,1
постоянным,1
возиться,1
находила,1
садить,1
слушаюсь,1
умирал,1
погребался,1
заживо,1
сходя,1
прежними,1
ограблен,1
полуторы,1
пользовалась,1
отъезд,1
невозможен,1
морально,1
привыкнет,1
физически,1
арендатором,1
уедешь,1
трехстах,1
выгоню,1
предвидеть,1
являйся,1
хода,1
пофилософствовал,1
сельтерскую,1
полезен,1
киев,1
выспался,1
поварам,1
приглашены,1
графской,1
терзало,1
пирожных,1
соусов,1
спасалась,1
тщательнее,1
отрезвлялась,1
смыть,1
кушают,1
доедаем,1
обливала,1
доели,1
соглашался,1
прелестями,1
господину,1
глубиной,1
всесторонней,1
арене,1
огромная,1
роскошного,1
форель,1
грезами,1
фаршированные,1
очаровательна,1
любезна,1
посыпались,1
утратила,1
просыплю,1
кляла,1
пирожное,1
понюхала,1
лампадки,1
придумала,1
страстного,1
накапало,1
догадалась,1
мазали,1
приобрела,1
петли,1
скиньте,1
выведу,1
замою,1
сбрасывая,1
птичий,1
легким,1
вырвавшихся,1
рвался,1
высоту,1
угорелый,1
городу,1
кульком,1
корзиной,1
совладеть,1
перепелки,1
отличное,1
ознаменовало,1
красовался,1
неразлучна,1
громадный,1
страннее,1
вишни,1
абрикосы,1
вазах,1
обругал,1
выдумку,1
въехал,1
счастливыми,1
сочли,1
рты,1
приношу,1
разинули,1
воззвал,1
обнимать,1
накорми,1
появлении,1
переправился,1
взамен,1
приятен,1
беседку,1
вскакивая,1
дозваться,1
посередине,1
английский,1
тончайшая,1
безмолвный,1
льстивый,1
заглушала,1
годичный,1
обнимались,1
корыстолюбивых,1
превозносили,1
обтерпелась,1
неблагодарности,1
третного,1
пополам,1
героя,1
слабой,1
трюфелями,1
уступить,1
матвеевичу,1
блеснуть,1
тонкостью,1
угощения,1
неизвестными,1
ничтожной,1
выразится,1
начиненные,1
супом,1
папильотках,1
разбитую,1
амбары,1
конюшни,1
оттолкнула,1
добыванья,1
тревожусь,1
песнями,1
подразумевать,1
надоест,1
начертана,1
упали,1
feuilles,1
скрижали,1
каменной,1
таблица,1
супружество,1
гюго,1
покатаемся,1
шинели,1
ваточном,1
числе,1
тащила,1
упирался,1
дразнила,1
выехали,1
сопровождают,1
педантическую,1
убежал,1
зачерпнула,1
поспешил,1
проснитесь,1
самостоятельно,1
нахмуренный,1
закутаться,1
выносил,1
вывода,1
пожимала,1
украденным,1
мгновением,1
разделяет,1
законную,1
оков,1
педантических,1
настроения,1
лишенное,1
сосредоточенной,1
налагал,1
вливалась,1
складку,1
таблицы,1
смущавшей,1
чудной,1
зрелости,1
детскою,1
узоры,1
начертанной,1
отводило,1
разнохарактерный,1
горстью,1
преувеличенно,1
облетели,1
морская,1
разлюбишь,1
приказывала,1
лодочнику,1
блистал,1
прочего,1
спешишь,1
товаров,1
прижималась,1
обязанностях,1
долге,1
томной,1
глин,1
опасением,1
навлечь,1
образцами,1
отталкивал,1
чучелами,1
обманывал,1
раковинами,1
начинаешь,1
несправедлива,1
минералами,1
образумиться,1
порицанию,1
подвергаемся,1
провалятся,1
лодка,1
оригинально,1
утечет,1
женитьбу,1
нетерпеливого,1
оледенела,1
блещущим,1
тополевую,1
золотых,1
великолепный,1
мастеру,1
лодочника,1
переспросил,1
спускалась,1
браслете,1
караулила,1
донизу,1
здания,1
сверху,1
противоположного,1
коттедж,1
браслетом,1
миртов,1
эрара,1
флигель,1
подождал,1
михайловна,1
инкрустацией,1
деревьях,1
синевы,1
висел,1
нахмурившись,1
маски,1
граница,1
говор,1
твердит,1
складывая,1
хрупко,1
ненадежно,1
зло,1
венок,1
злоупотреблении,1
непонимании,1
практическую,1
безобразия,1
неопровержимой,1
тогдашний,1
движет,1
обмер,1
рычага,1
архимедова,1
выработал,1
подвигаясь,1
глупых,1
злом,1
неисправимым,1
притвориться,1
минувшего,1
писан,1
переход,1
вереницу,1
заштопать,1
развратной,1
маркизы,1
напудренные,1
токмо,1
трещала,1
лучину,1
щипала,1
удивилась,1
молвил,1
затряслась,1
грезилось,1
барашками,1
хлой,1
ильинскими,1
видалась,1
простодушными,1
пастушков,1
взаимною,1
пятидесятилетнею,1
набитая,1
стальных,1
донкихотов,1
героинь,1
дураков,1
затаил,1
самых,1
озябшими,1
берегла,1
марьей,1
семеновной,1
налюбуется,1
замешательство,1
разговорчивым,1
любезным,1
чистоту,1
растлелось,1
летнему,1
расплываться,1
шалил,1
отрочестве,1
шаловлив,1
решится,1
предлога,1
походка,1
переступают,1
движутся,1
наклоненная,1
шея,1
заметку,1
платью,1
просидев,1
жизненную,1
моцион,1
девственность,1
инстинктивно,1
глубоких,1
открывать,1
пропастях,1
решении,1
наблюдая,1
соседу,1
поспешить,1
мудреным,1
возможности,1
мыслительной,1
удовлетворительным,1
несносное,1
наполнено,1
невидимой,1
крест,1
беседой,1
некстати,1
воскресенью,1
разбудило,1
неистовое,1
тяжкое,1
распечатывая,1
закалена,1
мужественность,1
метаться,1
беспокойства,1
рождает,1
обманываешь,1
уходишь,1
уверительно,1
куколку,1
вексель,1
благодарность,1
ситцевых,1
успеваем,1
гнусно,1
просим,1
задерживать,1
чулана,1
материя,1
прослужит,1
начальством,1
вымоют,1
обнес,1
наденете,1
усмехаясь,1
захлопывая,1
крепостные,1
отлетел,1
навострились,1
опускаясь,1
приготовленный,1
помину,1
берегли,1
слыхивала,1
ухаживали,1
одену,1
кричите,1
скот,1
накуплю,1
уклоняясь,1
закажу,1
грабят,1
мошенников,1
гниль,1
сделайте,1
притон,1
разбойничий,1
задыхаясь,1
одуревшими,1
надвяжу,1
бабушке,1
оплеуха,1
надвяжем,1
выдергивает,1
громкая,1
раздалась,1
горячую,1
любовницей,1
ватрушку,1
стакнулся,1
обдует,1
олух,1
срамится,1
маши,1
вдобавок,1
попроситься,1
убивают,1
лености,1
кипучими,1
уволь,1
увертывайся,1
волнами,1
осину,1
столкновений,1
посещал,1
проявилось,1
порогами,1
прорывами,1
плотин,1
наводнениями,1
обнаружилось,1
простудился,1
похвалила,1
заменились,1
поберегся,1
наглости,1
апатия,1
утерпел,1
советовала,1
проскучает,1
обрадовал,1
проведу,1
виновником,1
сказок,1
несущейся,1
надает,1
пройдохой,1
акций,1
отворотил,1
рыло,1
доставил,1
распустить,1
среда,1
почте,1
проплакала,1
восклицал,1
привил,1
пристроил,1
мирное,1
громкими,1
доискивался,1
текло,1
поддел,1
капле,1
немом,1
созерцании,1
ползущих,1
глупого,1
семейной,1
воображать,1
шумно,1
гадки,1
покладываться,1
отсчитывать,1
конторка,1
благословит,1
дожидаться,1
воспоминанию,1
приготовлен,1
томлюсь,1
плохих,1
отломанными,1
надоело,1
рассердилась,1
статуй,1
ветхих,1
разнорядицу,1
комфорта,1
любитель,1
подъезжает,1
возов,1
закрывшись,1
приди,1
крепким,1
содрогнулся,1
швейцар,1
провожают,1
дружелюбной,1
тюков,1
положительных,1
готовиться,1
приготовлениях,1
гравюр,1
одевался,1
знатока,1
высокая,1
осмотрительнее,1
недремлющая,1
эстетическое,1
всенародно,1
склонялись,1
устремлялись,1
раздражающим,1
чьей,1
подозрение,1
океане,1
памятной,1
часом,1
гордая,1
отмеченных,1
очертя,1
имеющих,1
разновековой,1
отняв,1
невинный,1
простят,1
монеты,1
безукоризненна,1
ответственность,1
уверишь,1
брился,1
перелистывал,1
мерзавец,1
одессе,1
крыма,1
тупая,1
кивать,1
южный,1
приведенное,1
скакала,1
душегубцы,1
пирамидами,1
лаетесь,1
объедаете,1
опиваете,1
казать,1
негодяя,1
выбрось,1
разобрала,1
разбой,1
худые,1
палки,1
беспокоитесь,1
убью,1
хозяйское,1
ярости,1
годятся,1
штопать,1
бросьте,1
успокоилось,1
смородиновой,1
присылали,1
расстроенного,1
хозяев,1
французские,1
хмурился,1
вкуса,1
подвигается,1
разбранил,1
супа,1
личного,1
носило,1
архитектура,1
наружная,1
проверил,1
сложение,1
вычитание,1
стиль,1
устройство,1
невелик,1
налиновал,1
тетрадь,1
скромен,1
морском,1
азы,1
тихом,1
мелькали,1
поселились,1
застрелившиеся,1
повесившиеся,1
нештопаных,1
видим,1
рытвину,1
разъезде,1
подойдешь,1
прозрачной,1
зевал,1
проглотить,1
светла,1
вручить,1
унимать,1
чесал,1
перекладывал,1
влюбленного,1
раздраженное,1
протеснился,1
успокоивать,1
ускользнул,1
встревоженного,1
входа,1
акт,1
начался,1
беспокойного,1
ложи,1
плавное,1
укладывать,1
прерывать,1
зайдешь,1
собираетесь,1
застучало,1
окидывая,1
иззяб,1
диким,1
неположенные,1
неизменяющейся,1
заслушивался,1
русло,1
строгого,1
довоспиталась,1
умолкала,1
равнодушного,1
выносились,1
понятны,1
кривизны,1
знаменательного,1
улеглись,1
подходило,1
уставали,1
выражали,1
оборвалось,1
нетерпение,1
задумчивую,1
нахмуренными,1
припоминала,1
очутясь,1
прошедшую,1
наполнить,1
наполнять,1
гармония,1
преданиями,1
подавленными,1
приезжая,1
опекой,1
мертвой,1
колодой,1
перспективу,1
сиять,1
засияет,1
мелькавшие,1
многочисленной,1
хлопанья,1
дверец,1
тяготеют,1
поверхностным,1
постукивал,1
оберегаемая,1
останови,1
уроков,1
придает,1
летучих,1
оттенок,1
туфлей,1
узнавал,1
недоумевал,1
повертит,1
бабушек,1
изгладилось,1
выходят,1
сословия,1
рыцари,1
оркестр,1
многообещавшее,1
робком,1
унынии,1
бинокль,1
спускает,1
выросло,1
экое,1
сокровище,1
кивает,1
указывает,1
почесал,1
естественности,1
переложил,1
простоты,1
угадывать,1
застенчивости,1
каватину,1
обручился,1
проча,1
пробивать,1
избитой,1
сентенций,1
устаревших,1
страстям,1
лая,1
удавившиеся,1
поспевать,1
арбузы,1
прогулок,1
астраханские,1
далеких,1
чтений,1
жарких,1
звездной,1
хозяйская,1
грузди,1
рыжики,1
кадочку,1
зазовет,1
затворят,1
голую,1
мелькающие,1
движущиеся,1
привыкнуть,1
чуткие,1
блещущей,1
удивление,1
безмолвное,1
материалом,1
церемонится,1
накидывает,1
задаваемым,1
яблоки,1
томительною,1
одиночку,1
решетчатым,1
лекарственных,1
писалось,1
составов,1
трав,1
вековые,1
опыты,1
уходящего,1
булки,1
сдобные,1
рассыпчатые,1
прочтения,1
посылалось,1
кудахтает,1
операции,1
компанейские,1
наседка,1
обломовскому,1
чижи,1
дочитывать,1
приляжет,1
задыхалась,1
разрешился,1
семейном,1
поясом,1
торопливостью,1
нескончаемым,1
мыслительная,1
скаканья,1
нарисовать,1
выпачкаешь,1
домелю,1
пересыпать,1
работали,1
расходились,1
переделано,1
переговорено,1
передумано,1
томясь,1
тупую,1
окрестность,1
впадая,1
сношение,1
трижды,1
сходясь,1
затишьев,1
вернется,1
накрыт,1
блаженствуют,1
вкусное,1
подано,1
просунется,1
блаженствовать,1
заслуженном,1
стучал,1
оправдывалась,1
ключи,1
слышный,1
завтрему,1
поговорит,1
вертеть,1
возникающей,1
неуловимое,1
рисуя,1
описывал,1
доходили,1
рябило,1
звонкие,1
треща,1
мельницей,1
ужинаете,1
ужинаем,1
всенощной,1
похвалил,1
разносились,1
жарок,1
кончался,1
вялого,1
трактира,1
проводили,1
берем,1
ванечки,1
уныния,1
отдыхаете,1
подхватывает,1
разобрал,1
одежа,1
допустил,1
жен,1
косятся,1
приподнялись,1
поклон,1
отделку,1
вежливости,1
супружества,1
тремястами,1
азбуку,1
раскаялся,1
припрыгнул,1
погрозив,1
столовая,1
сознательным,1
получаем,1
брачной,1
безотрадной,1
перспективы,1
померанцевые,1
блистанье,1
мудреными,1
задумываются,1
мужья,1
сообразные,1
недосказанное,1
необдуманное,1
слягу,1
загадкой,1
досадуя,1
окаянный,1
прелести,1
иголочки,1
букетами,1
естественной,1
изображение,1
неудобств,1
женитьбы,1
теряющая,1
осматривая,1
подготовки,1
недостаток,1
законов,1
суматохи,1
неспособность,1
врожденная,1
наставница,1
сапожникам,1
выгодами,1
мебельщику,1
разорвусь,1
существенными,1
измучусь,1
сатира,1
глупость,1
нелепости,1
сфинкса,1
уходят,1
поледенело,1
примеров,1
поспешила,1
полымя,1
марфе,1
переврала,1
посватал,1
вдалеке,1
ключниц,1
обожающие,1
успеньев,1
рассказывала,1
умники,1
донжуаны,1
сознательные,1
буйным,1
недавних,1
усатые,1
монастырем,1
самойлу,1
вечными,1
увядшие,1
тетеньки,1
готовят,1
вертеры,1
чулков,1
неразрывного,1
побожиться,1
женам,1
разочаровываться,1
браки,1
догнав,1
разболтал,1
осенило,1
вырасти,1
томите,1
выбрался,1
топчут,1
прощают,1
передала,1
жалеют,1
умников,1
выдернула,1
пояса,1
подол,1
ударила,1
ладонями,1
прячутся,1
бедрам,1
робеют,1
застенчивы,1
озарены,1
утерев,1
дано,1
указательным,1
езди,1
одевающаяся,1
понелепее,1
переваливаясь,1
найдена,1
тяготился,1
медали,1
переворачивался,1
дернула,1
нелегкая,1
тревожили,1
вечерних,1
образование,1
зорь,1
домоседа,1
обаятельное,1
поэмы,1
превратится,1
кончаются,1
негоцианта,1
туриста,1
плавать,1
семейною,1
внутреннею,1
затушить,1
распространилось,1
померанцевую,1
неопрятный,1
неутомимая,1
любящихся,1
недоброе,1
поглупее,1
холостою,1
сундуки,1
поклонения,1
чулане,1
обыкновенные,1
мелькают,1
решенном,1
женитесь,1
небрежные,1
пожирая,1
гадая,1
наблюдение,1
барыш,1
меткое,1
смелую,1
восприимчивый,1
забрасывал,1
подающим,1
пренебрегал,1
опомниться,1
брачные,1
кухням,1
близость,1
осмелился,1
почуя,1
забьется,1
мерещилось,1
внешняя,1
притворился,1
скрипу,1
созревшей,1
выросшей,1
очерк,1
раздражения,1
красками,1
постучав,1
сияющей,1
вглядывался,1
пророчески,1
всенаполняющего,1
повсюду,1
праздные,1
разлитого,1
рынкам,1
гаснущая,1
называться,1
петром,1
петровичем,1
видоизменяющаяся,1
пучат,1
шельму,1
шутовский,1
прохода,1
шепчут,1
отчета,1
расцветшей,1
жаждущую,1
разумения,1
бродивших,1
задел,1
примирится,1
распахнулись,1
грохотом,1
подам,1
увязнув,1
связей,1
расчетов,1
подойду,1
путая,1
монумент,1
браке,1
задатки,1
осунулся,1
злоупотреблений,1
делаясь,1
несообразный,1
тоскливом,1
наряда,1
забрать,1
шутовского,1
позволяешь,1
давнишний,1
выдумывал,1
поручением,1
увидим,1
недоваренную,1
командовал,1
заменить,1
перебирала,1
рухлядь,1
решившись,1
груды,1
тряпок,1
свежих,1
бобов,1
ваты,1
пуговиц,1
вдохновению,1
колбасной,1
отрезков,1
мехов,1
стерляжьей,1
разный,1
визита,1
жильцам,1
совершенная,1
ухи,1
заказали,1
покажите,1
покушает,1
француженке,1
выдает,1
швейцарского,1
извинюсь,1
метлинскому,1
лафитом,1
намотал,1
убирая,1
письменном,1
сочтет,1
перескажу,1
грянул,1
вырывая,1
тронут,1
шевелился,1
подпрыгивал,1
простила,1
вытаращив,1
замужем,1
забудешь,1
доходят,1
выдумывать,1
выдумываю,1
накрывай,1
разболтали,1
рачителен,1
заплатах,1
христом,1
суешься,1
обоими,1
левая,1
графу,1
сошьет,1
мелю,1
избалованы,1
плутоват,1
вареники,1
жареная,1
ершей,1
плоха,1
наварю,1
цене,1
присмотрите,1
запасем,1
наличных,1
долгое,1
солонины,1
понадобятся,1
одонцовым,1
беловодовым,1
нельки,1
мундир,1
пожелали,1
баллотироваться,1
синюю,1
сошью,1
уездные,1
поспешайте,1
утер,1
прибавлено,1
мясник,1
барщину,1
изготовить,1
распределить,1
публичный,1
опровергал,1
вбежала,1
басом,1
чудесный,1
экипажах,1
зеленщики,1
мясники,1
лизавета,1
оделся,1
сценой,1
лампе,1
скаканьем,1
неистовым,1
хлопаньем,1
опустились,1
продавца,1
накопилось,1
присматривать,1
отказом,1
сопровождался,1
запущено,1
визит,1
аккуратнее,1
зеленщик,1
замужестве,1
задушевный,1
девкам,1
величайшая,1
шевели,1
вдохновенный,1
заменился,1
озираньем,1
пошевеливаться,1
забродит,1
напоминал,1
убитую,1
горячая,1
шляпку,1
суматохе,1
ревновать,1
успокоивала,1
проводи,1
гордом,1
неопасно,1
простыла,1
плетнем,1
грешен,1
канавы,1
заворотила,1
избегала,1
проспал,1
замолк,1
увезшей,1
отрадно,1
влажный,1
бранили,1
замер,1
замечаю,1
машины,1
убранстве,1
возведен,1
становясь,1
прошлым,1
построен,1
мост,1
засияли,1
отвечаешь,1
велишь,1
поешь,1
отправлюсь,1
пугаешь,1
доводишь,1
счастливых,1
собственном,1
опускают,1
ран,1
вдохновенными,1
засохших,1
касаются,1
жгучая,1
живом,1
прекраснее,1
выпрямились,1
вдохновенное,1
счастливец,1
спустился,1
крошечную,1
предзнаменование,1
напомни,1
прижимая,1
тронутый,1
восторг,1
продавать,1
сдержав,1
извинился,1
перебрал,1
умиление,1
уступая,1
сказанном,1
пел,1
сбежал,1
машей,1
возню,1
прогнала,1
машу,1
окоченели,1
недогадливый,1
остальной,1
поубавил,1
сумасшествия,1
спрошу,1
освятил,1
встречу,1
теплота,1
естественная,1
уединиться,1
рыбинскую,1
ловя,1
наживать,1
вышедшую,1
дышится,1
девственного,1
деток,1
бодрых,1
здравого,1
поздравляем,1
поздравь,1
колодезь,1
теряет,1
стоил,1
прослезится,1
инстинктом,1
прыгал,1
слиться,1
руководитель,1
вождь,1
каюсь,1
краснею,1
владычества,1
чудная,1
скотнице,1
фыркнул,1
фи,1
заплатила,1
изворотиться,1
поручить,1
знающему,1
сослуживец,1
жемчугом,1
доверителю,1
состоит,1
окончании,1
выпила,1
каши,1
условию,1
избавите,1
щей,1
поела,1
обшлагом,1
рябчика,1
приведу,1
потолкуем,1
двухэтажном,1
выходившем,1
набережную,1
белого,1
этажа,1
семгой,1
отличной,1
выкупила,1
приспособились,1
закусывал,1
пригодятся,1
вкусный,1
корпусом,1
веселое,1
косынкой,1
гимназии,1
затасканной,1
прикрывала,1
воскресеньям,1
правление,1
грамматике,1
арифметике,1
ежедневном,1
ситцевом,1
перебиваюсь,1
помаленьку,1
алгебру,1
политическую,1
продала,1
экономию,1
алгеброй,1
перебивалась,1
тянулась,1
спаржу,1
готовила,1
проценты,1
называемое,1
смородинную,1
делайте,1
состоится,1
родне,1
торговаться,1
грозится,1
дока,1
наняла,1
выгонишь,1
додумалась,1
лавочки,1
надзиратель,1
студень,1
домовый,1
судака,1
зуб,1
соленого,1
толкнуть,1
заключили,1
янтарной,1
хвастался,1
гатчинских,1
строчить,1
присяду,1
подмахнул,1
огороды,1
репу,1
предстала,1
прихоти,1
сгнил,1
полученный,1
признайся,1
сообразила,1
пулями,1
дрожек,1
извозчики,1
нижнем,1
блюдечками,1
втолковать,1
гениальной,1
верхний,1
этаж,1
назначался,1
пролетел,1
матвеевичем,1
просимой,1
благодетели,1
серебряные,1
горошек,1
чистейший,1
ямайский,1
побрезгуй,1
угощением,1
зарезу,1
нужду,1
крайнюю,1
заикнулась,1
поданный,1
дочитав,1
приложена,1
дописать,1
блеснуло,1
оттолкнул,1
отдашь,1
вычинила,1
заплатки,1
неприкосновенное,1
займут,1
демона,1
впустят,1
заваривать,1
демон,1
бес,1
изгонишь,1
наберут,1
нахватают,1
ус,1
дуют,1
непонятно,1
последствия,1
переворачивая,1
неисходный,1
ванечкину,1
починивала,1
каторжного,1
бесчестие,1
порешить,1
отодвинуть,1
неотсрочимый,1
ване,1
четвертей,1
снято,1
умолочено,1
ссыпано,1
книжкой,1
назначено,1
поневоле,1
сниму,1
разорвалось,1
призраков,1
обступило,1
признавайся,1
чудится,1
мертвец,1
позор,1
поддамся,1
ознакомиться,1
зажмуренные,1
определительно,1
нужде,1
дрался,1
записках,1
разорвали,1
починю,1
помочи,1
прослушал,1
отодвинулось,1
срамила,1
повелевала,1
выпустив,1
борты,1
советуйте,1
знающими,1
сковород,1
кастрюль,1
шипевших,1
пожили,1
трещавших,1
наполненных,1
формах,1
предписания,1
протокол,1
господствовала,1
променяла,1
познала,1
обнажаться,1
чиновником,1
треволнения,1
окунулась,1
шевельнулось,1
выразилось,1
упрашиванья,1
печальным,1
скольких,1
горшков,1
овса,1
взывала,1
ржи,1
доверилась,1
силам,1
позавтракал,1
подобрали,1
посланную,1
привычными,1
несмыкаемости,1
советуют,1
установится,1
съездили,1
еженочной,1
признаюсь,1
навести,1
беготне,1
подошло,1
расписание,1
тягла,1
каковы,1
богатые,1
слезам,1
разорены,1
невысыхаемым,1
барщина,1
сельский,1
предстанет,1
противно,1
засыпаю,1
удивляешься,1
прибили,1
повторялся,1
цепочку,1
проснетесь,1
сбегала,1
отодвинула,1
описи,1
скучает,1
окончила,1
раскрасневшаяся,1
подшивать,1
влетела,1
повторило,1
вскочившую,1
генералу,1
блузу,1
пододвинула,1
крошечные,1
курьер,1
опущенная,1
соблюдаю,1
барышниной,1
засвидетельствование,1
напилась,1
трепещущим,1
громовым,1
навели,1
промедлить,1
свидетельством,1
продувных,1
стопы,1
сумма,1
выручена,1
обойдешь,1
двухнедельное,1
выспросил,1
пронюхал,1
рисовалось,1
говорящие,1
припутали,1
коса,1
желчно,1
спускала,1
дополняла,1
благородство,1
стана,1
затрепещет,1
сваливается,1
пьяным,1
помещика,1
гортани,1
прилипнет,1
приступить,1
связываться,1
генералом,1
прищурилась,1
помолиться,1
объявлен,1
планах,1
открывалось,1
проделка,1
совершит,1
спадет,1
близким,1
благоприятный,1
прилетит,1
вперегонку,1
благоприятного,1
загордится,1
почувствует,1
мошенническая,1
открылось,1
расстроенный,1
радоваться,1
печалиться,1
преданностью,1
нужные,1
распоряжения,1
чистою,1
выдержит,1
съездит,1
оживет,1
дорожном,1
поедут,1
доследить,1
замечталась,1
нерешительность,1
заклады,1
неизвестность,1
денежной,1
отказывайтесь,1
настало,1
увольте,1
скрыла,1
подаренный,1
причесалась,1
настроить,1
попробовала,1
увижусь,1
подействовали,1
осудят,1
крашеные,1
откажетесь,1
знакомыми,1
пятнышко,1
побываю,1
заложила,1
подтвердите,1
невелико,1
божилась,1
папа,1
прекрасны,1
имеете,1
затевать,1
двинуться,1
мыслю,1
объявлены,1
переселиться,1
невестой,1
экономку,1
уборки,1
закупить,1
скучал,1
смолол,1
фунта,1
петербургом,1
расчеты,1
заглавие,1
сжалиться,1
возвратила,1
попытался,1
мостки,1
выведает,1
подружится,1
возвестили,1
вторичный,1
подошлю,1
кухарку,1
оживляясь,1
мосткам,1
жестокая,1
неглуп,1
сложного,1
посещающие,1
ненаглядную,1
посторонние,1
выпроводил,1
тупоумия,1
удушливая,1
грязный,1
провожать,1
предложению,1
яму,1
поберечься,1
выздоровления,1
упади,1
мороженым,1
безнравственным,1
конфетами,1
перевезли,1
сняли,1
принужденным,1
начинаю,1
замерзнуть,1
захватила,1
переправиться,1
первым,1
заботливым,1
предостережение,1
обширного,1
замолкнут,1
лишает,1
накрепко,1
точке,1
подарю,1
потеряешь,1
беседовал,1
ответе,1
распознавать,1
свидетелями,1
заявить,1
незнанию,1
докончить,1
женскому,1
упрет,1
согнется,1
кашлять,1
ловкий,1
перепало,1
исправляет,1
бессовестно,1
ведаю,1
охнет,1
сжавшись,1
вытер,1
ведать,1
мужественно,1
значительные,1
несовершеннолетний,1
срамил,1
обрубленный,1
обрубила,1
струсит,1
огородишком,1
никитой,1
затеешь,1
никиту,1
казак,1
вольный,1
постукиванье,1
пищали,1
пожилыми,1
курами,1
курятникам,1
присланных,1
пятой,1
свидетелей,1
странице,1
обернув,1
занимается,1
запомнил,1
подсматривать,1
забрал,1
ль,1
вступился,1
следствия,1
выручи,1
разваливается,1
глобус,1
предупредила,1
зайдет,1
приносились,1
выхлопотать,1
толкуют,1
сонечкой,1
неосновательны,1
нештопанного,1
косточку,1
дрожишь,1
обсасывая,1
предосторожности,1
смутить,1
вареников,1
вздором,1
напугано,1
ужасами,1
истерзан,1
наболело,1
нахмурив,1
настаивает,1
сбывающихся,1
пропадающих,1
ожиданий,1
потрясен,1
рюмки,1
полстакана,1
временного,1
крепкие,1
кондитера,1
взялась,1
жесткий,1
угощу,1
сдвинув,1
заправляет,1
школьника,1
споет,1
нетвердо,1
наделала,1
филе,1
толков,1
слегла,1
распространился,1
осетра,1
лукавые,1
замолкнуть,1
заговаривать,1
нынешней,1
бараниной,1
потчевать,1
владея,1
гостиный,1
толками,1
перестаю,1
донесли,1
поблагодарила,1
сергию,1
озабоченным,1
сползая,1
теряюсь,1
любезно,1
бумажками,1
заткнутые,1
перевернуло,1
опускаешься,1
кинулся,1
отложили,1
сомневаешься,1
медлю,1
боязни,1
оберегаю,1
бодрствую,1
требуй,1
пробок,1
доказательств,1
счастливее,1
уксуса,1
уловка,1
предлагать,1
судки,1
толстую,1
дупелей,1
поморщился,1
лукав,1
берусь,1
унесли,1
хлопочи,1
загорелась,1
несносна,1
соображениях,1
тарелках,1
гаснут,1
цыпленка,1
перестанем,1
низенькие,1
вареного,1
обои,1
поместился,1
допрашивала,1
крупой,1
развернутую,1
запылилась,1
измятые,1
шитые,1
черенками,1
запыленные,1
изломанными,1
вилки,1
письменный,1
покрытых,1
пошевелила,1
убирают,1
начнутся,1
колебания,1
ломтю,1
черному,1
болело,1
опрятность,1
отуманенный,1
впустить,1
третьей,1
наемной,1
чайном,1
полтиной,1
удивлении,1
успеете,1
войдут,1
тревожном,1
думают,1
нездоровы,1
доберусь,1
ростовщица,1
тварь,1
жадная,1
просился,1
лихорадочным,1
повеселись,1
отпускает,1
приятелям,1
повидаться,1
пробуду,1
отнекивался,1
киселя,1
копейке,1
проронила,1
очутилась,1
молочнице,1
поступок,1
заплатили,1
жемчуга,1
загорались,1
клавиш,1
закладе,1
настроено,1
переложит,1
сменился,1
расцветание,1
увядать,1
пренебрежения,1
побледневшая,1
разгадке,1
зеленные,1
ванюше,1
обрушила,1
желчь,1
накипевшую,1
едкого,1
переговорить,1
наполнился,1
замыкалова,1
документа,1
овладело,1
дало,1
вздремнула,1
намекает,1
вообразила,1
салопе,1
заспанная,1
поит,1
соврал,1
прячущегося,1
нализаться,1
остроумно,1
сергевну,1
добежав,1
перекрестка,1
присела,1
припасами,1
телега,1
зажили,1
найми,1
кольцо,1
крахмалит,1
проскрежетал,1
калитке,1
неподалеку,1
бегло,1
салопа,1
шляпки,1
дотрогиваясь,1
горла,1
жестки,1
добывающим,1
лжешь,1
напой,1
графскому,1
оробела,1
проветрись,1
жемчуге,1
заложенном,1
выразило,1
осмыслилось,1
кончике,1
испугу,1
тащит,1
грабит,1
побуду,1
истину,1
придумывая,1
артемью,1
хвалит,1
голо,1
спаржа,1
марш,1
оглядывайся,1
столкнувшись,1
задолжал,1
забирали,1
кислое,1
неискусно,1
сметливая,1
утомление,1
неправильный,1
предчувствие,1
окроме,1
нерадению,1
напомнило,1
подернутое,1
кисеей,1
густою,1
исподлобья,1
некрасивый,1
лик,1
отвратил,1
грустного,1
укора,1
написанного,1
потупил,1
пропитанном,1
пятнами,1
усердия,1
господской,1
предчувствуя,1
патетическую,1
отпив,1
дикости,1
блеснувшим,1
проснувшегося,1
подступившего,1
благоговейного,1
горестью,1
заплачешь,1
пропекать,1
низкой,1
пауке,1
бахрому,1
одностороннего,1
задевая,1
нарушение,1
исключительное,1
предпочтение,1
глубину,1
сравнения,1
нанесенная,1
задело,1
разницу,1
разумел,1
почувствовать,1
гнусность,1
заворчал,1
сполз,1
проказа,1
созерцания,1
расправу,1
войди,1
пролезть,1
завяз,1
высвободился,1
притворил,1
прислонился,1
полшага,1
указанного,1
качнулся,1
стукнул,1
подманить,1
укоризной,1
диапазона,1
поставь,1
испытанный,1
понурил,1
унижается,1
мечусь,1
натянул,1
голода,1
зарабатывал,1
черным,1
достало,1
вздулись,1
патетическая,1
сцена,1
гремела,1
прошипел,1
служишь,1
доконало,1
мигать,1
грустнее,1
сипеть,1
глагол,1
оскорбленного,1
оцененного,1
забочусь,1
ворочаешься,1
покроюсь,1
пень,1
потерпели,1
позавидовали,1
плакались,1
господу,1
молились,1
кланяется,1
поест,1
поработает,1
войлоке,1
сознавая,1
метал,1
ища,1
вертись,1
мигает,1
брызнут,1
песней,1
прозе,1
берлоге,1
разумеешь,1
окаянная,1
необразованный,1
выспится,1
картофель,1
напустило,1
селедку,1
мечет,1
переедет,1
лягаев,1
линейку,1
мышку,1
переезжаю,1
переступил,1
одевается,1
прислуга,1
сбегает,1
жалобно,1
понимавший,1
низведении,1
расстроили,1
неблагодарные,1
нездорово,1
попользоваться,1
морским,1
англии,1
пароход,1
прокатитесь,1
америки,1
исполните,1
точности,1
оставив,1
жалком,1
сжался,1
рассудите,1
горькая,1
вогнать,1
шейного,1
затрепетали,1
уморить,1
христос,1
живите,1
трагического,1
оборота,1
заикаться,1
расстроивает,1
душевной,1
судишь,1
согласиться,1
доводить,1
патетических,1
разбери,1
друзья,1
бал,1
задумывайтесь,1
ощущений,1
избегать,1
остеречь,1
вредят,1
лечению,1
развлекать,1
ездой,1
танцами,1
движеньем,1
чистом,1
приятными,1
разговорами,1
дамами,1
приятных,1
чтения,1
развлекайтесь,1
писанья,1
наймите,1
виллу,1
юг,1
мясной,1
животной,1
избегайте,1
мучнистой,1
студенистой,1
берегитесь,1
холера,1
заведите,1
вихре,1
отлучиться,1
нехорошие,1
дельному,1
огурчик,1
картине,1
разбито,1
забыто,1
ину,1
сбегаешь,1
угольев,1
насидишься,1
настудят,1
занимай,1
вязанки,1
ковша,1
хлопотам,1
провозишься,1
привесить,1
приколотить,1
рублев,1
привыкнешь,1
вывески,1
токаря,1
стриженая,1
доводил,1
приподнимаясь,1
патетическому,1
восклицанию,1
жесту,1
договорился,1
равняю,1
эка,1
стонал,1
сломана,1
ножка,1
помадой,1
чубуки,1
неслыханное,1
поглядели,1
тиатр,1
переехали,1
болтай,1
заботишься,1
шатайся,1
невесть,1
недогляди,1
возрастающей,1
убедительностью,1
свалят,1
спинка,1
склянки,1
узле,1
возьмутся,1
растеряли,1
переломали,1
покурить,1
выпачкался,1
вымыться,1
графин,1
стирать,1
ковров,1
выколачивать,1
увлекаясь,1
представившейся,1
разберутся,1
поминали,1
сипенье,1
огорчения,1
скал,1
свергнуть,1
пожаром,1
цепенея,1
пересказать,1
проклинал,1
охи,1
вздохи,1
достигли,1
раздувает,1
поискав,1
враждебного,1
мешающего,1
дремота,1
оковывать,1
примирительный,1
нормальному,1
состоянию,1
поменее,1
любопытно,1
додумался,1
замерли,1
полуоткрыты,1
медленный,1
эпоху,1
перенесемся,1
читателем,1
главе,1
благословенный,1
чудный,1
язвили,1
жгучие,1
бесплодные,1
наложил,1
зарыто,1
умершее,1
золоту,1
ходячей,1
завален,1
клад,1
наносным,1
сором,1
закопал,1
принесенные,1
ринуться,1
лететь,1
парусах,1
отбросил,1
тайной,1
дичи,1
прямую,1
зарастает,1
парализованы,1
безвозвратно,1
умельчились,1
микроскопических,1
размеров,1
справится,1
перебрасывается,1
волну,1
противопоставить,1
упругость,1
моря,1
пропастей,1
мучительное,1
дремучих,1
колебании,1
водяной,1
массы,1
необъятную,1
спящую,1
издевается,1
хоронит,1
созданы,1
увеселения,1
грозны,1
выпущенные,1
когти,1
бренный,1
держат,1
скалами,1
пропастями,1
далеким,1
недосягаемым,1
отступилось,1
метать,1
стрелы,1
обнять,1
покрепче,1
распростерлось,1
невысоко,1
надежная,1
кровля,1
уберечь,1
избранный,1
заметном,1
отрадного,1
неподвижность,1
твердят,1
грандиозного,1
угрюмого,1
дикое,1
грандиозное,1
необозримой,1
пеленой,1
измученному,1
однообразием,1
бесконечной,1
бешеные,1
раскаты,1
валов,1
нежат,1
мрачного,1
морем,1
неразгаданного,1
стон,1
жалобы,1
обреченного,1
пронзительные,1
чайки,1
осужденные,1
носятся,1
прибрежья,1
кружатся,1
бессилен,1
ничтожен,1
подробностях,1
разработана,1
выработывалось,1
хрипенье,1
рассмотрение,1
хозяином,1
бережешь,1
лишил,1
полезной,1
отложу,1
набросаю,1
опусти,1
поплотнее,1
часик,1
разбуди,1
закупоривать,1
подоткнул,1
издохнуть,1
понявший,1
ножом,1
протяну,1
приберешь,1
попотчевать,1
завертываясь,1
устоять,1
зловещее,1
переезд,1
переставали,1
грозит,1
перемениться,1
поправят,1
пополнит,1
бежавших,1
водворят,1
уладь,1
загладить,1
сравнивать,1
жуков,1
невозможную,1
инструмента,1
китайского,1
гонга,1
индийского,1
несете,1
пресвятая,1
богородица,1
стряслась,1
постыдился,1
отогрел,1
приударил,1
плачем,1
влетели,1
хрипит,1
зажужжали,1
поганую,1
мажордом,1
награда,1
честит,1
растроган,1
увещевая,1
проникся,1
благодеяний,1
оказанных,1
крестьянам,1
примирительным,1
пересохло,1
художественное,1
уснут,1
брошен,1
тревожила,1
изложил,1
выдал,1
сравнение,1
формировалась,1
противоположная,1
столкнулись,1
съездил,1
писывал,1
помудренее,1
штука,1
захотеть,1
характеристике,1
тешится,1
высвободил,1
сознательных,1
возникло,1
человеческой,1
назначении,1
назначением,1
беспорядочно,1
пугливо,1
носились,1
пробужденные,1
внезапным,1
неразвитость,1
остановку,1
росте,1
мешающую,1
грызла,1
изложить,1
улетело,1
поверхность,1
примирительных,1
позднейшее,1
успокоительном,1
факта,1
наступала,1
неизбежность,1
отдалял,1
выиграна,1
постарается,1
обойдутся,1
отложат,1
отменят,1
перестройку,1
успокоивался,1
успокоительных,1
туманят,1
ковчег,1
утешений,1
ковчеге,1
завета,1
настоящую,1
оградить,1
несчастий,1
онемение,1
пробежало,1
членам,1
туманить,1
робкие,1
морозцы,1
получаете,1
устраняйте,1
дотла,1
свойственную,1
восторгам,1
вычислять,1
ласковость,1
щедрость,1
доброту,1
качеств,1
панегирика,1
придавал,1
знатность,1
богатство,1
необычайное,1
могущество,1
постращать,1
стращал,1
наружные,1
враждебны,1
живучи,1
сближение,1
жизненного,1
теплоты,1
достоинствами,1
колоться,1
взаимными,1
необъятное,1
привыкши,1
равнодушии,1
сносить,1
бесчисленных,1
недостатков,1
возвышать,1
неумеренно,1
пришедшего,1
буфетчика,1
личность,1
изучение,1
внушало,1
объяснили,1
чердак,1
стойло,1
родилась,1
выработывались,1
особенные,1
личные,1
скотницу,1
варвару,1
поваров,1
променял,1
грубовато,1
тараска,1
шаман,1
идолом,1
обметает,1
присутствует,1
превосходства,1
идола,1
удариться,1
приходивших,1
свысока,1
снисхождением,1
пользуются,1
находясь,1
питая,1
разнился,1
собственно,1
современными,1
мирит,1
устраивает,1
треплет,1
услуг,1
сообщительный,1
нрав,1
бездействию,1
умолкающая,1
жевать,1
влекли,1
лавочку,1
нянчил,1
проворным,1
прожорливым,1
парнем,1
неистребима,1
причесанным,1
обутым,1
одевать,1
кормить,1
грубить,1
лукавить,1
благоговеть,1
заперев,1
неотвязчивый,1
печку,1
проворен,1
прервано,1
неотвязчивую,1
мягкого,1
дикость,1
жесткость,1
старинной,1
ценя,1
родственного,1
расположения,1
позволял,1
надоедал,1
отслужив,1
лакейскую,1
произведен,1
дядьки,1
аристократическою,1
принадлежностью,1
назначенною,1
поддержания,1
одев,1
проявилась,1
раздев,1
лакейскому,1
дворне,1
подмести,1
скрестив,1
сонною,1
посматривал,1
навалили,1
служи,1
чисть,1
побегушках,1
залегла,1
нраве,1
противоречии,1
родственное,1
вытягивая,1
будуаров,1
переломаны,1
перебиты,1
требующие,1
осторожного,1
прилагает,1
способе,1
вещью,1
употребит,1
воспламенился,1
убрать,1
установить,1
бедам,1
убыткам,1
неприятельский,1
ворвавшись,1
нанесет,1
падение,1
битье,1
опрокидыванье,1
стульев,1
выгнать,1
воспламенялся,1
приобретал,1
манеры,1
тесноте,1
полумраке,1
роскошных,1
прихотливо,1
убранных,1
ударится,1
отворенную,1
попадает,1
карт,1
слыхано,1
доставшейся,1
удобном,1
материала,1
внушить,1
интереса,1
слушающей,1
публике,1
небывальщину,1
доверенности,1
картежник,1
производил,1
напролет,1
неопрятен,1
заденет,1
бреется,1
отмоешь,1
бане,1
сделаются,1
неловок,1
подымает,1
нагнется,1
верхние,1
дезертировать,1
полетит,1
бесполезное,1
помешать,1
падающие,1
кабинетов,1
наставлено,1
умалялось,1
просторе,1
бесполезности,1
средствами,1
начертанных,1
ворчаньем,1
приказывать,1
посплетничать,1
пятаки,1
сгореть,1
достойным,1
могущее,1
поступал,1
умозрений,1
теорий,1
подвергать,1
перешли,1
братьев,1
воспитался,1
плоть,1
неизбежным,1
зверем,1
смыкая,1
зависело,1
выказывал,1
подобострастия,1
грубоват,1
фамильярен,1
сердился,1
злословил,1
заслонялось,1
убеждений,1
приказывали,1
дворней,1
лампа,1
вольном,1
стесняя,1
массивных,1
здоровыми,1
солидными,1
инструментами,1
ломом,1
железными,1
дверными,1
скобками,1
своротишь,1
иная,1
подсвечник,1
транспарант,1
вправе,1
сломалась,1
штучку,1
уверит,1
железная,1
вооружался,1
аргументом,1
противоречие,1
правым,1
определенный,1
переступал,1
чистил,1
виси,1
обтирал,1
несчастиях,1
поджимая,1
октябрь,1
хлебнику,1
сем,1
известясь,1
крепостного,1
трофимова,1
сообщить,1
занимаемая,1
нескладно,1
пошептал,1
переставил,1
относится,1
этажу,1
переправил,1
зачеркнет,1
переставлял,1
бессмыслица,1
соседство,1
отвяжешься,1
деловые,1
подбирая,1
приставай,1
измучишь,1
восемьдесят,1
платили,1
записано,1
украли,1
мильон,1
впрок,1
огрызался,1
совал,1
долгого,1
соответствует,1
перестройки,1
тяп,1
рюмка,1
пробка,1
булка,1
присев,1
уроненным,1
дунул,1
намереваясь,1
завтракал,1
обращая,1
подрядчик,1
просипел,1
попятился,1
отравляешь,1
ляп,1
предположили,1
разведу,1
роясь,1
вошедшему,1
браните,1
барине,1
щенком,1
драл,1
отвернулся,1
начерно,1
перепишет,1
скверные,1
востро,1
занимаю,1
отталкивая,1
зеленщику,1
притворить,1
сжевать,1
пальце,1
надет,1
массивный,1
перстень,1
камнем,1
судьбами,1
другою,1
подвигая,1
зовете,1
дотянет,1
водяная,1
ложечкой,1
замучила,1
дыханье,1
поужинаю,1
лысину,1
климате,1
обвел,1
естественному,1
препятствию,1
девал,1
занятие,1
киссинген,1
эмс,1
июнь,1
отправляйтесь,1
лечиться,1
виноградом,1
сентябрь,1
указательном,1
лысине,1
белизной,1
низенький,1
повернувшись,1
пускали,1
выкладку,1
пальцам,1
разное,1
зажмуриваясь,1
позаботься,1
чернилах,1
понемножку,1
народец,1
сосчитав,1
отстань,1
задуматься,1
брюшком,1
блистало,1
белым,1
лысиной,1
бахрома,1
черные,1
лысина,1
кругла,1
лоснилась,1
выточена,1
слоновой,1
отличалось,1
сдержанностью,1
отворявшийся,1
прикосновения,1
пустому,1
шаря,1
клонило,1
накрывался,1
служб,1
липовые,1
дубовые,1
яблони,1
груши,1
акации,1
сделав,1
издержкам,1
отложив,1
цветникам,1
оранжереям,1
соблазнительная,1
фруктах,1
чайным,1
непроницаемым,1
втягивает,1
открывающимся,1
тишиной,1
желтеют,1
опускается,1
румянит,1
гладкий,1
толпами,1
праздная,1
слышатся,1
малютки,1
вешаются,1
царица,1
убранной,1
сараев,1
конюшен,1
намеревался,1
продукты,1
светила,1
отливало,1
ослепительным,1
известковую,1
закатывалось,1
петербургское,1
смешанный,1
нечеловеческих,1
пенье,1
кочующих,1
сопровождаемое,1
предлагали,1
всевозможные,1
разработкою,1
сообразив,1
серьезных,1
коренных,1
статей,1
оброке,1
меру,1
бродяжничества,1
длину,1
ширину,1
бильярдной,1
обращен,1
коврах,1
расположил,1
флигеля,1
приветные,1
произведенный,1
запропастились,1
мажордомы,1
еда,1
картофеля,1
пожертвуйте,1
милосердные,1
построение,1
храма,1
соседнего,1
строящегося,1
топоров,1
рабочих,1
безобразие,1
столичный,1
райское,1
птичек,1
перебывает,1
ветках,1
краснощекая,1
прислужница,1
мягкими,1
потупляет,1
таскают,1
вытягиваться,1
подгибаться,1
сыр,1
позавтракаю,1
переминаясь,1
меди,1
прохаживался,1
кабинету,1
неувядающим,1
подбородком,1
ярким,1
поэтична,1
седыми,1
накрывает,1
приятным,1
звоном,1
расставляет,1
раскладывает,1
роняя,1
садятся,1
обильный,1
неизменный,1
отходят,1
облилось,1
ярка,1
зажаждал,1
смеющиеся,1
полежав,1
ничком,1
сияло,1
трогательным,1
вытянул,1
засучились,1
услужливая,1
поглотила,1
колонии,1
поселятся,1
фермах,1
съезжаться,1
морщин,1
невзгод,1
светит,1
полугода,1
болезнью,1
всепоглощающий,1
непобедимый,1
истинное,1
подобие,1
мертво,1
разнообразное,1
тоны,1
лады,1
спросонья,1
почавкав,1
поворчав,1
предварительных,1
приготовлений,1
драгоценные,1
кружку,1
подув,1
плавающих,1
отнесло,1
шевелиться,1
улучшение,1
промочит,1
подстреленный,1
няней,1
наказов,1
барыни,1
собственную,1
обаянию,1
заражалась,1
господствовавшей,1
водились,1
подводах,1
свезти,1
послеобеденного,1
наставал,1
струиться,1
шелохнутся,1
деревней,1
полем,1
вымерло,1
пустоте,1
прожужжит,1
густой,1
храпит,1
сладким,1
мертвая,1
всеобщего,1
сеновал,1
обокрасть,1
прохлады,1
сморила,1
громоздкий,1
растянулся,1
кустом,1
пешни,1
конюшне,1
предоставив,1
ползают,1
роются,1
песке,1
залезли,1
лаять,1
повальной,1
пускала,1
пропускающим,1
ворчала,1
прибавлением,1
дохнуть,1
пауком,1
сосет,1
пойманной,1
жертва,1
лапах,1
жертву,1
роется,1
отыскивает,1
корешки,1
очищает,1
коры,1
всласть,1
предпочитая,1
яблокам,1
варенью,1
выбежит,1
плетни,1
лешие,1
звери,1
прибегал,1
зажмурил,1
кратер,1
вулкана,1
восстали,1
мертв,1
дрожа,1
вспрянула,1
соломинку,1
проткнет,1
оторвет,1
коленям,1
резвость,1
приближавшейся,1
заразы,1
упрашивать,1
затрогивать,1
козла,1
лазить,1
усаживалась,1
холодке,1
погреба,1
травке,1
унимала,1
клонилась,1
выпадал,1
стрекозу,1
теряла,1
испускала,1
самостоятельная,1
убегал,1
осматривал,1
промычит,1
взбегал,1
обегал,1
скрипучим,1
доскам,1
забирался,1
стрекочет,1
нарушителей,1
проведенного,1
тысячелетней,1
клочки,1
главною,1
облизываясь,1
неукоснительно,1
игнашка,1
несешь,1
идущего,1
точить,1
наточи,1
бабу,1
пролей,1
постреленок,1
позаботится,1
дворняжка,1
курицу,1
беспорядков,1
толкует,1
аверкой,1
фуфайки,1
перешить,1
илюше,1
мелом,1
аверка,1
перейдет,1
задаст,1
сплести,1
агаповну,1
свиты,1
наливается,1
вчерашнее,1
привить,1
хвостом,1
виляя,1
арапку,1
напитывается,1
двинулась,1
делась,1
уведи,1
холодок,1
напечет,1
болеть,1
утаскивая,1
острым,1
переимчивым,1
посвящают,1
ускользает,1
пытливого,1
врезывается,1
живыми,1
мукой,1
примерами,1
чертит,1
программу,1
пропадало,1
рубивших,1
веретена,1
распознать,1
импровизирует,1
заунывную,1
ведрами,1
корытами,1
кувшинами,1
пронесет,1
подрезать,1
совещались,1
черепка,1
престарелая,1
квасы,1
варились,1
пеклись,1
заботилось,1
полною,1
муравьиною,1
праздничные,1
унимались,1
трудолюбивые,1
совершала,1
птичьем,1
стонов,1
кровопролитий,1
исполинский,1
доживал,1
черствый,1
начинки,1
доставался,1
антипу,1
перекрестясь,1
треском,1
неустрашимо,1
разрушал,1
любопытную,1
окаменелость,1
господский,1
археолог,1
пьющий,1
дрянное,1
меды,1
печений,1
солений,1
жизненная,1
приглашалась,1
рубцы,1
красную,1
подливку,1
соображение,1
обсуживался,1
отвергался,1
окончательному,1
посылались,1
отменить,1
кушанья,1
отпущено,1
пище,1
утучнялись,1
варений,1
годовым,1
воспитывалась,1
назначаемые,1
именинам,1
торжественным,1
откармливались,1
гусей,1
лишали,1
моциона,1
висеть,1
мешке,1
жиром,1
запасы,1
подобрала,1
притворяясь,1
удаляется,1
царствовали,1
колечище,1
прохожем,1
странствовали,1
побивали,1
несметные,1
полчища,1
басурманов,1
состязались,1
чару,1
зелена,1
крякнет,1
злых,1
разбойниках,1
царевнах,1
окаменелых,1
городах,1
демонологии,1
чудовищам,1
животрепещущею,1
рельефностью,1
илиаду,1
нашими,1
гомеридами,1
туманных,1
ладил,1
опасностями,1
тайнами,1
трепетал,1
оборотнем,1
никитича,1
добрыни,1
муромца,1
тайным,1
сказку,1
коварную,1
сатиру,1
прадедов,1
взрослый,1
медовых,1
молочных,1
рек,1
волшебниц,1
шутит,1
сказаниями,1
искренняя,1
сопровождается,1
смешалась,1
удали,1
походить,1
незаработанном,1
поесть,1
волшебницы,1
выслушивали,1
прошедшие,1
стереотипном,1
издании,1
устах,1
повествует,1
подвигах,1
ахиллов,1
улиссов,1
лешим,1
неверна,1
вымыслом,1
тогдашнего,1
сцеплений,1
предки,1
окрыляли,1
сдерживали,1
ужасались,1
неудобству,1
допрашивались,1
немых,1
иероглифов,1
приключалась,1
вынесенного,1
пожар,1
выла,1
выносили,1
стольку,1
воющую,1
били,1
сгоняли,1
лучины,1
сбрасывали,1
трещину,1
гнилого,1
поныне,1
лишенной,1
вымысла,1
сказаниям,1
отрешиться,1
руне,1
преградах,1
обыкновенных,1
разгадки,1
праздному,1
непонятного,1
порог,1
запорет,1
зарежет,1
татарин,1
знамения,1
небесные,1
огненные,1
столпы,1
шары,1
свежей,1
огонек,1
фонарем,1
творилось,1
непутное,1
несбыточный,1
учнет,1
коробить,1
прокричала,1
петухом,1
ворон,1
прокаркал,1
крышей,1
таинствам,1
вялой,1
действительных,1
страхов,1
приключений,1
творить,1
рабстве,1
проникшись,1
дрожащими,1
упрямой,1
сказанный,1
займутся,1
толкая,1
камешки,1
мимолетное,1
галка,1
наблюдатель,1
кончиком,1
расчесывает,1
заставляя,1
тихоновну,1
блистательной,1
эпопеи,1
сулят,1
смеркаться,1
трещит,1
дробный,1
опускалось,1
прорезывались,1
огненной,1
обливая,1
верхушки,1
гасли,1
вонзился,1
ветвей,1
потух,1
сливалось,1
серую,1
ослабевало,1
любопытен,1
вялый,1
окружающие,1
неутолимую,1
тыкать,1
лежавшего,1
спадать,1
подвинулось,1
нарушалась,1
сеновале,1
чихнул,1
тяжести,1
належал,1
сопит,1
охает,1
почесывает,1
разминается,1
выпивается,1
находящий,1
стенанье,1
прибегают,1
брусничной,1
грушевой,1
врачебному,1
пособию,1
залить,1
освобождения,1
наказания,1
томятся,1
караван,1
аравийской,1
степи,1
замолкли,1
наперекор,1
существует,1
общей,1
необузданной,1
фантазии,1
сморил,1
коленей,1
уносила,1
повисшей,1
осеняя,1
крестным,1
знамением,1
приснилась,1
нашептывает,1
совершаются,1
красавицы,1
сказке,1
пером,1
описать,1
волшебница,1
являющаяся,1
щуки,1
любимца,1
безобидного,1
обижают,1
осыпает,1
наряжается,1
готовое,1
неслыханной,1
красавице,1
впивался,1
избегали,1
простудишь,1
мама,1
почивают,1
сыростью,1
чирикала,1
промежутками,1
свистнула,1
незвучно,1
встрепенулась,1
пошевелив,1
кузнечики,1
разостлались,1
присмирела,1
погодя,1
плеснул,1
неподвижна,1
запахло,1
сгруппировались,1
преступной,1
заскрипит,1
сучок,1
хрустит,1
сверкнула,1
звездочка,1
кипят,1
вспыхивает,1
больнее,1
ноет,1
жестокой,1
невозмутимее,1
зреет,1
зерно,1
шагнула,1
покрыла,1
бочка,1
песчаной,1
поэта,1
круглолицая,1
красноречивые,1
городского,1
волокиты,1
водилось,1
тенистых,1
приютов,1
обилие,1
перепелов,1
уборке,1
подумают,1
перепела,1
гастрономической,1
проникло,1
уставом,1
показанная,1
услаждает,1
нитяной,1
клетке,1
незатейливой,1
швейцарском,1
шотландском,1
хижин,1
багровым,1
заревом,1
багровому,1
фону,1
оттеняется,1
восторженными,1
таз,1
вычищенный,1
бродят,1
небесных,1
знамений,1
шаров,1
темноты,1
водится,1
ядовитых,1
гадов,1
саранча,1
залетает,1
рыкающих,1
тигров,1
ревущих,1
медведей,1
обилии,1
медный,1
жующие,1
овцы,1
блеющие,1
кудахтающие,1
засматриваться,1
луну,1
наряжалась,1
таинственно,1
дерев,1
сыпала,1
снопы,1
серебряных,1
поклонникам,1
едущая,1
извилистой,1
простыми,1
кавалькада,1
упросит,1
передом,1
висело,1
оврагом,1
ухватиться,1
шагнуть,1
прилепилась,1
пригорку,1
ласточкино,1
очутились,1
отворены,1
настежь,1
тучами,1
летают,1
жужжат,1
духоте,1
кликать,1
отзовется,1
стоном,1
глухим,1
кашлем,1
доживающая,1
появится,1
перегородки,1
босой,1
длинноволосый,1
трехлетний,1
рубашонке,1
вошедшего,1
онисиму,1
жилище,1
уставится,1
баллада,1
сопутствующих,1
леди,1
угрюмой,1
поспешающих,1
крепкий,1
войне,1
рассказанный,1
дедом,1
дикая,1
пропетая,1
молодою,1
мисс,1
лютни,1
богато,1
солидный,1
населило,1
вальтера,1
скотта,1
составляющих,1
брошены,1
гигантской,1
рассыпались,1
обрыв,1
половиной,1
подпираясь,1
жердями,1
онисим,1
суслов,1
язвами,1
египетскими,1
вдесятеро,1
оттепелями,1
незнакомое,1
просится,1
сулит,1
покойную,1
долговременную,1
желтизны,1
незаметную,1
подобную,1
невозмутимо,1
годовой,1
календаря,1
грязные,1
оттает,1
задымится,1
паром,1
скинет,1
полушубок,1
солнцем,1
потянет,1
опрокинутую,1
оглоблю,1
трудам,1
возвращаются,1
вьюги,1
засыпают,1
ломают,1
неприступная,1
выдерживает,1
узаконенной,1
измученное,1
нарисовано,1
мастерски,1
камешкам,1
оборачивается,1
ненастья,1
модели,1
воздвигнутых,1
ужасают,1
отлогих,1
резвясь,1
заходящее,1
шаля,1
стремится,1
быстрой,1
нитью,1
ползет,1
резвые,1
березовая,1
журчанье,1
дремлется,1
живописных,1
этюдов,1
улыбающихся,1
пейзажей,1
отлогие,1
речки,1
подбирающийся,1
холма,1
кустарник,1
искривленный,1
ручьем,1
неожиданными,1
дуги,1
умолчать,1
неслыханными,1
крупные,1
жаркие,1
обрадованного,1
осматривает,1
сушит,1
пригорки,1
страна,1
солнцу,1
приветствует,1
дождичек,1
вымочит,1
высушит,1
ливень,1
благотворны,1
установленное,1
поддержать,1
народе,1
казны,1
отпускалась,1
известная,1
мера,1
электричества,1
разрушений,1
благословенном,1
напечатано,1
крестьянская,1
марина,1
кулькова,1
младенцев,1
запрыгает,1
хлынет,1
благотворный,1
сухого,1
морозами,1
предписанным,1
ноябре,1
крещенью,1
усиливается,1
выйдя,1
инеем,1
бороде,1
феврале,1
чуткий,1
мягкое,1
веянье,1
упоительно,1
напоенного,1
мигают,1
лимоном,1
лавром,1
запахом,1
полыни,1
сосны,1
черемухи,1
жгучих,1
палящих,1
безоблачного,1
длятся,1
тепел,1
душна,1
приветливо,1
муравей,1
черной,1
ниве,1
пользовавшееся,1
беспрерывно,1
ворчавшую,1
девчонку,1
прислуживала,1
стулом,1
пожилые,1
дальние,1
помешанный,1
деверь,1
чекменев,1
гостивший,1
старички,1
штат,1
осыпать,1
ласками,1
успевал,1
утирать,1
непрошеных,1
кормление,1
булочками,1
сухариками,1
сливочками,1
приласкав,1
отпускала,1
подтверждением,1
допускать,1
лошадям,1
собакам,1
козлу,1
престарелую,1
живущую,1
святые,1
осыпала,1
кругленькие,1
чулочки,1
дается,1
шалит,1
умывает,1
причесывает,1
увидев,1
умершую,1
затрепетал,1
жаркой,1
выплыли,1
ресниц,1
теплые,1
страстными,1
иконы,1
поцелуями,1
осмотрела,1
жадными,1
заботливыми,1
мутны,1
глазки,1
расспросила,1
просыпался,1
жару,1
подвела,1
подсказывала,1
лилась,1
прохлада,1
околотке,1
дурною,1
палимый,1
репутацией,1
лестнице,1
поспевала,1
дойти,1
спешить,1
разрушать,1
проникнуть,1
посидишь,1
суматохой,1
беготней,1
пыткой,1
расшибет,1
непритворной,1
смутной,1
отдаленную,1
подогревалась,1
поддерживалась,1
сонная,1
угасла,1
совершающиеся,1
западают,1
зреют,1
великолепное,1
голубятни,1
прохладные,1
уголки,1
манящие,1
речка,1
хмурится,1
просветлеет,1
крутой,1
взобраться,1
сеновалу,1
зеленый,1
признанную,1
бешеною,1
свозили,1
падаль,1
предполагались,1
существа,1
предостережений,1
обежал,1
родительский,1
покривившимися,1
набок,1
севшей,1
середине,1
мох,1
поймала,1
шатающимся,1
пристройками,1
надстройками,1
запущенным,1
садом,1
взбежать,1
огибавшую,1
висячую,1
ветха,1
дозволяется,1
внимал,1
запрещениям,1
направился,1
щечки,1
красненький,1
хорошенький,1
постельке,1
головах,1
великанами,1
оканчивалось,1
рыбой,1
непроезжий,1
неоткуда,1
почерпать,1
новейших,1
обозники,1
сличить,1
богаты,1
бедны,1
пашут,1
взнос,1
подати,1
обходилось,1
сот,1
насильственною,1
естественною,1
застарелой,1
почил,1
вечным,1
необыкновенному,1
нисколько,1
удивительно,1
кузнец,1
тарас,1
запарился,1
землянке,1
чудовищами,1
населенные,1
неизвестные,1
волге,1
зноем,1
пахарь,1
налегая,1
обливаясь,1
невозмутимое,1
царствуют,1
нравах,1
грабежей,1
убийств,1
волновали,1
волновать,1
ближайшие,1
ближайшую,1
колхидой,1
начинался,1
сношений,1
сосредоточены,1
перекрещивались,1
соприкасались,1
чьими,1
губерния,1
губернский,1
езжали,1
саратов,1
москва,1
питер,1
питером,1
французы,1
отливать,1
преступлений,1
кража,1
господская,1
прохожий,1
вилой,1
ишь,1
задайте,1
ребята,1
рассказав,1
старикам,1
завалинке,1
деревень,1
версте,1
наследственной,1
отчиной,1
сосновке,1
усадьба,1
трогать,1
резиденция,1
сосновки,1
сельцо,1
принадлежавшее,1
перешедшее,1
причисленных,1
селу,1
принадлежало,1
богатому,1
помещику,1
показывался,1
заведовал,1
география,1
кричали,1
подходить,1
гороху,1
вестью,1
моркови,1
поросенка,1
происшествие,1
возмутившее,1
приписанное,1
единогласно,1
проходившему,1
обозу,1
найден,1
околицей,1
отставший,1
проходившей,1
артели,1
змее,1
решались,1
оборотне,1
погнался,1
кузьку,1
поудалее,1
вооружились,1
гурьбой,1
унимали,1
аль,1
окликать,1
двинулись,1
пригорок,1
навешаны,1
лаптей,1
сплетник,1
тосковал,1
согреваться,1
гонение,1
вельможа,1
обманывающих,1
взяточников,1
разряды,1
разобраны,1
француженки,1
немки,1
чухонки,1
поразительной,1
животрепещущей,1
отрывки,1
велик,1
дант,1
шекспир,1
азарта,1
пускай,1
тешат,1
верность,1
купца,1
офицера,1
живьем,1
отпечатают,1
бьются,1
гуманитетом,1
воров,1
отводят,1
слышны,1
видимый,1
кипучая,1
порочный,1
автором,1
созваны,1
подхватил,1
расспросить,1
разведывать,1
превозносят,1
торгуют,1
гнилью,1
обвешивают,1
обмеривают,1
безнравственны,1
праведная,1
кара,1
выступают,1
fatum,1
трагиков,1
такта,1
перебраны,1
самоуправство,1
простонародье,1
дурную,1
организацию,1
законных,1
великолепная,1
взяточника,1
падшей,1
обнаружен,1
механизм,1
общественного,1
поэтических,1
ступени,1
желчное,1
порок,1
личности,1
падшим,1
высшее,1
испорченный,1
извергнете,1
лона,1
божия,1
погрузились,1
прочтете,1
поэму,1
отрицательный,1
сообщили,1
веселее,1
высохло,1
редакция,1
отсылать,1
свиданья,1
заработает,1
насиловать,1
натуру,1
гореть,1
колесо,1
пера,1
беззаботен,1
новорожденный,1
младенец,1
разбрасывается,1
звонят,1
раут,1
неопределенных,1
неопределенной,1
присутствовало,1
сосуде,1
негодном,1
изобразить,1
воспламенившись,1
изобрази,1
надутого,1
глупца,1
оплодотворяется,1
протяните,1
падшему,1
плачьте,1
глумитесь,1
обращайтесь,1
склоню,1
улегшись,1
забывают,1
обличайте,1
пенкиным,1
разврат,1
изображать,1
соловья,1
морозное,1
физиология,1
песен,1
давайте,1
ростовщика,1
ханжу,1
ворующего,1
тупоумного,1
горячился,1
карать,1
созвал,1
удостовериться,1
красив,1
выслужиться,1
пересветов,1
прибавочные,1
репутации,1
министр,1
выразился,1
украшение,1
министерства,1
печатал,1
писателями,1
соображаю,1
улучшения,1
ввожу,1
берешь,1
отдохну,1
командировку,1
суточных,1
мурашиной,1
партия,1
статский,1
отопление,1
освещение,1
шафером,1
приглашаю,1
васильева,1
польшу,1
петровичу,1
владимира,1
олешкин,1
малый,1
певец,1
итальянский,1
фу,1
замечен,1
экземпляра,1
представлять,1
прибавляют,1
комиссию,1
закрыли,1
бывшие,1
товарищи,1
задержать,1
взысканиях,1
покровительством,1
ветреная,1
выведет,1
перепутает,1
завалялось,1
награды,1
трудах,1
работаешь,1
оставляет,1
представляет,1
чину,1
кресту,1
выхлопочет,1
тысяча,1
квартирных,1
шестьсот,1
пособия,1
девятьсот,1
разъезды,1
обязательный,1
подгадить,1
ехавшему,1
опередить,1
чувствам,1
философствовал,1
худощавый,1
черненький,1
заросший,1
эспаньолкой,1
умышленной,1
неисправимый,1
ленивец,1
книжной,1
журналы,1
зевоту,1
эмансипации,1
прекрасных,1
апрельских,1
выпали,1
изобретенном,1
составе,1
ратую,1
газету,1
разборы,1
беллетристов,1
городничий,1
зубам,1
провожу,1
смелая,1
проезжий,1
побоев,1
приказал,1
докладом,1
гордился,1
карьерой,1
сбережения,1
напутаешь,1
недоглядишь,1
подведешь,1
записке,1
семеныч,1
неисправим,1
поступило,1
возведении,1
зданиях,1
принадлежащих,1
ведомству,1
собачьих,1
конур,1
имущества,1
нахватает,1
расхищения,1
архитектор,1
умеренную,1
стоить,1
собачьей,1
тридцатью,1
копейками,1
докладную,1
заболтался,1
посоветуюсь,1
любезный,1
глух,1
чинов,1
физиономией,1
дурен,1
формулярных,1
сажает,1
слезно,1
благим,1
матом,1
глупый,1
сей,1
ярмарке,1
сушильню,1
белильню,1
сычуга,1
тверезый,1
стянул,1
пьют,1
недобор,1
пошлем,1
доходцу,1
разорила,1
вконец,1
вышлем,1
предлагаем,1
следовали,1
изъявления,1
всенижайший,1
прокофий,1
вытягушкин,1
неумением,1
шурин,1
демка,1
кривой,1
валялось,1
опричь,1
дворам,1
средствие,1
морозы,1
шествие,1
нарушалось,1
бледночернильным,1
пятном,1
благородие,1
пропустил,1
пожеланий,1
доношу,1
пятую,1
запомнят,1
полымем,1
озимь,1
червь,1
сгубили,1
оную,1
перепахали,1
знамо,1
уродится,1
помилует,1
твою,1
заботимся,1
издохнем,1
лаптев,1
балочов,1
погнал,1
проживают,1
челках,1
заморскую,1
обратил,1
предаваться,1
отвесной,1
отчаянию,1
смущался,1
циническим,1
андреевич,1
недоброжелательством,1
окружающему,1
обиженный,1
несправедливостью,1
непризнанный,1
достоинстве,1
гонимый,1
недобровольно,1
неуныло,1
смелы,1
размашисты,1
пустые,1
телеги,1
мосту,1
стеснялся,1
ничьим,1
заговаривая,1
обедая,1
ужиная,1
бойкого,1
хитрого,1
житейского,1
юридического,1
запутанного,1
построит,1
подведет,1
повидимому,1
обритым,1
гонялся,1
мешкать,1
перемелется,1
утешить,1
неприятности,1
логиныч,1
семнадцати,1
огорчать,1
сладкой,1
комкая,1
подпер,1
упер,1
мучимый,1
приливом,1
пригорюнился,1
вздрогнули,1
неопрятном,1
грубее,1
принадлежащий,1
крупной,1
породе,1
высокий,1
объемистый,1
туловище,1
чертами,1
коротенькой,1
толстогубый,1
беглый,1
рождал,1
грубом,1
нижнему,1
тянулись,1
высок,1
глухое,1
посмеются,1
посмеется,1
богатым,1
бедным,1
назовешь,1
беднее,1
неважной,1
постоянного,1
затрудняется,1
труде,1
поймаешь,1
беседует,1
внешний,1
усвоить,1
зайдем,1
прогуляемся,1
заходит,1
противуположную,1
немногие,1
порадуется,1
врагов,1
похоронная,1
обратит,1
почтит,1
достающеюся,1
почестью,1
забежит,1
андреев,1
неполный,1
прогонят,1
обругают,1
грош,1
особенностей,1
брюнет,1
заметной,1
иванычем,1
васильичем,1
михайлычем,1
фамилию,1
различно,1
васильевым,1
андреевым,1
постороннему,1
придаст,1
остроумия,1
оригинальности,1
выезжал,1
милостыню,1
симпатичен,1
ненавидит,1
страдать,1
избавлен,1
ухитряется,1
бейся,1
вражды,1
мщения,1
ласкаются,1
разделить,1
градусы,1
доходит,1
нищему,1
безличный,1
отзвучие,1
буквы,1
отблеск,1
останетесь,1
отобедайте,1
выпутаться,1
ломки,1
сыграл,1
торопит,1
несносно,1
переездкой,1
растеряют,1
перебьют,1
теплая,1
обокрали,1
непрочен,1
штукатурка,1
отстала,1
валится,1
нанята,1
помесячно,1
полагаю,1
придумает,1
владычица,1
небесная,1
сыскал,1
поищи,1
складок,1
писанное,1
бурого,1
сургуча,1
бледные,1
пробегая,1
барабанил,1
погонит,1
севастьяныч,1
беседах,1
разную,1
характеристику,1
посещавших,1
доходила,1
угловатую,1
уцепиться,1
рожи,1
ведения,1
альянов,1
казимир,1
альбертыч,1
пхайло,1
колымягин,1
заикнитесь,1
отправляются,1
наняли,1
отобедаем,1
едемте,1
умывайтесь,1
мельком,1
повертел,1
овчинину,1
мыты,1
зги,1
божией,1
штора,1
опущена,1
списков,1
уверение,1
поручают,1
фамильные,1
рассудил,1
десятого,1
отделялась,1
небольшим,1
коридором,1
спрыгнувших,1
прорехою,1
торчал,1
жилете,1
голым,1
черепом,1
необъятно,1
широкими,1
густыми,1
русыми,1
проседью,1
данного,1
шилось,1
вывезенному,1
образцу,1
полуформенной,1
ливреи,1
покойных,1
ливрея,1
воспоминаниях,1
единственною,1
представительницею,1
напоминало,1
старику,1
мучась,1
записать,1
вознамерился,1
неприятностях,1
валялась,1
перьями,1
страницы,1
развернуты,1
покрылись,1
пожелтели,1
нумер,1
прошлогодний,1
чернильницы,1
обмакнуть,1
жужжаньем,1
обыкновения,1
одолевала,1
уменьшение,1
решительное,1
неприятный,1
принятию,1
неприятному,1
полученному,1
создавать,1
экономические,1
полицейские,1
обдуман,1
повторялись,1
побуждали,1
нарушали,1
окончания,1
предпринять,1
широкого,1
быте,1
этажерках,1
глохнут,1
проклятом,1
посматривая,1
охоте,1
дунуло,1
отсохли,1
постоять,1
подожди,1
залежался,1
почтальона,1
грязное,1
похлопывая,1
бумагам,1
лежавшим,1
корзине,1
завалилось,1
починена,1
призвать,1
столяра,1
изломал,1
изломалась,1
изломаться,1
противное,1
прыгнуть,1
отправляясь,1
неблаговоления,1
необъятная,1
бакенбарда,1
вылетят,1
догадаться,1
украшением,1
аристократическим,1
дорожил,1
хроники,1
немногих,1
оставшихся,1
признаках,1
сохранившихся,1
напоминавших,1
капризах,1
уважал,1
слабые,1
отжившее,1
величие,1
воскрешало,1
преданий,1
единственной,1
веденной,1
святынею,1
слугами,1
няньками,1
мамками,1
передаваемой,1
знаменит,1
беднел,1
мельчал,1
дворянскими,1
домами,1
поседевшие,1
хранили,1
верную,1
дорожа,1
развернутые,1
лишено,1
упреке,1
ткани,1
сдерживались,1
лишенною,1
набегала,1
туманился,1
застывала,1
форме,1
превращалась,1
замирала,1
костюм,1
чертам,1
изнеженному,1
персидской,1
материи,1
восточный,1
кистей,1
бархата,1
поместительный,1
дважды,1
завернуться,1
азиатской,1
моде,1
утратил,1
первоначальную,1
первобытный,1
лоск,1
благоприобретенным,1
сохранял,1
яркость,1
восточной,1
встревожен,1
изнеженным,1
пухлых,1
шлафрока,1
гончаров,1
частях,1
народонаселения,1
среднего,1
приятной,1
сосредоточенности,1
гуляла,1
вольной,1
птицей,1
порхала,1
полуотворенные,1
теплился,1
беспечность,1
помрачался,1
белому,1
согнать,1
господствующим,1
основным,1
добряк,1
простота,1
посимпатичнее,1
приятном,1
румяный,1
смуглый,1
безразличный,1
казался,1
судя,1
матовому,1
прочность,1
неоцененных,1
полиняло,1
мягок,1
неграциозными,1
шаткими,1
этажерками,1
задок,1
оселся,1
наклеенное,1
отстало,1
вазы,1
натащил,1
собственность,1
повнимательнее,1
господствующею,1
запущенностью,1
лепилась,1
фестонов,1
напитанная,1
зеркала,1
отражать,1
скрижалями,1
записывания,1
убранная,1
солонкой,1
обглоданной,1
косточкой,1
хлебные,1
прислоненная,1
выкуренная,1
трубка,1
запылилось,1
утонченный,1
убирал,1
приличий,1
спальней,1
гибок,1
послушный,1
самомалейшему,1
галстука,1
приволье,1
мягкие,1
опускал,1
попадал,1
лежанье,1
случайностью,1
нормальным,1
состоянием,1
служившей,1
кабинетом,1
decorum,1
закрыта,1
спущены,1
убранною,1
обитые,1
шелковою,1
материею,1
красивые,1
вышитыми,1
небывалыми,1
плодами,1
занавесы,1
бронза,1
красивых,1
приказании,1
обходя,1
покорнейший,1
lacets,1
муссинских,1
полгорода,1
посещайте,1
мездровых,1
искусствах,1
венецианская,1
бетховен,1
бах,1
леонардо,1
винчи,1
педанты,1
савиновых,1
четвергам,1
маклашиных,1
вязниковых,1
середы,1
сияющими,1
превесело,1
courant,1
опера,1
абонируюсь,1
отличные,1
bals,1
champetres,1
оглядеть,1
запыленное,1
pardon,1
угощает,1
вылитую,1
представлю,1
муссинским,1
приглашал,1
новичок,1
рыжая,1
рыжие,1
вороная,1
екатерингофе,1
софья,1
николаевна,1
скамеечка,1
усядусь,1
скамеечке,1
дашеньки,1
танцует,1
балете,1
робок,1
камелий,1
балета,1
лидинька,1
пристроили,1
gothique,1
танцы,1
нынешнюю,1
средам,1
набиралось,1
веселей,1
лидия,1
бывала,1
рассудком,1
отирать,1
камелиями,1
перчатке,1
стягивает,1
произвели,1
шнурочек,1
докладу,1
курьеру,1
располагать,1
езжу,1
ударение,1
догадываюсь,1
занимаюсь,1
поздравляю,1
канцелярскими,1
чиновниками,1
статские,1
махнешь,1
корону,1
представят,1
повышение,1
четвергу,1
доклад,1
представления,1
проверить,1
списки,1
мнительный,1
засядем,1
недоверчиво,1
отделаюсь,1
успею,1
прокатиться,1
вздохнуть,1
письмах,1
отменили,1
везу,1
дьявольская,1
холоду,1
яичка,1
пробу,1
привезите,1
отыскав,1
брелок,1
визитная,1
карточка,1
загнутым,1
углом,1
pr,1
prince,1
michel,1
тюменев,1
уписалась,1
раздробляется,1
сослуживцу,1
рассыпается,1
недурно,1
влюбиться,1
мыкается,1
сохраняя,1
человеческое,1
гербовыми,1
выбритый,1
темными,1
окаймляющими,1
утружденным,1
потертым,1
поздоровался,1
отличаемся,1
мишу,1
стульях,1
тяжбу,1
выбирай,1
уберешь,1
вымети,1
перебирай,1
настройщика,1
любо,1
дочерях,1
платьишки,1
поджимают,1
гусыни,1
изношенного,1
набрался,1
корок,1
корка,1
зря,1
наделают,1
сухариков,1
пивом,1
выпьют,1
скаредном,1
убирай,1
убрал,1
даете,1
управимся,1
перемыть,1
затеи,1
тронешь,1
деликатный,1
оберешься,1
спанье,1
влезешь,1
усмотришь,1
рождеством,1
теряете,1
разводя,1
спрашиваете,1
виноватым,1
жалею,1
стираю,1
подметено,1
забытую,1
ломтем,1
убираю,1
чищу,1
снимаю,1
обмести,1
переберем,1
клопом,1
уборка,1
мудреные,1
заводится,1
моль,1
блохи,1
охватила,1
расплылось,1
клопы,1
нечистоты,1
нечистоту,1
твари,1
кошек,1
всяким,1
заводил,1
сметания,1
горюнова,1
громадной,1
отрывистые,1
достает,1
нерешительности,1
блещущий,1
смеющимися,1
причесан,1
безукоризненно,1
ослеплял,1
жилету,1
множеством,1
мельчайших,1
брелоков,1
тончайший,1
батистовый,1
вдохнул,1
ароматы,1
востока,1
глянцевитой,1
блистающий,1
сибарит,1
раздвинул,1
стыдил,1
приливы,1
замучили,1
поживаете,1
езды,1
нынешнему,1
заказывал,1
горюновым,1
житейских,1
приливе,1
затруднении,1
съезжаете,1
исписанной,1
замасленной,1
тетрадкой,1
клочками,1
мясника,1
зеленщика,1
прачки,1
хлебника,1
подаешь,1
прогоняли,1
умоюсь,1
приподниматься,1
почивали,1
полиции,1
ослы,1
переедем,1
потеплее,1
рабочие,1
отделывается,1
беспокой,1
распорядись,1
сипеньем,1
платим,1
наладили,1
переезжайте,1
переделывать,1
докторской,1
этакие,1
доказательства,1
посоветуется,1
канцелярию,1
докучливого,1
сыграет,1
сверхъестественное,1
разыгралась,1
обманувшие,1
обманутые,1
замечательном,1
произведении,1
позыв,1
формироваться,1
апатически,1
недочитанная,1
непонятая,1
охлаждение,1
покинутой,1
проследил,1
апатический,1
обнаруживать,1
капризы,1
исключений,1
балованых,1
сынков,1
классе,1
выучивал,1
задаваемые,1
ниспосланное,1
небом,1
задавая,1
расспросов,1
пояснений,1
косится,1
нервический,1
нападал,1
спертый,1
крым,1
ввергался,1
одиночество,1
необыкновенное,1
выходящее,1
предвиделось,1
возвратилась,1
ребяческая,1
ожидание,1
отвычки,1
внешних,1
пугала,1
трещина,1
постоянное,1
разобьют,1
губительнее,1
ночная,1
сырость,1
переполнять,1
постепенное,1
самоубийство,1
многолюдству,1
суете,1
тесной,1
неверною,1
надеждою,1
добраться,1
понесут,1
тетрадке,1
обнаруживал,1
вытаскивать,1
называемую,1
изменяющий,1
улыбающийся,1
бытие,1
доблести,1
биения,1
восторженных,1
просветлели,1
стряхнул,1
запросила,1
помог,1
продлить,1
натура,1
поэтах,1
ферулой,1
пользуясь,1
восторженным,1
вставлял,1
волновались,1
торжественные,1
обещания,1
разумною,1
дорогою,1
юношеский,1
заражал,1
сгорал,1
распустился,1
плодов,1
пробегал,1
интересно,1
поэты,1
умозрительным,1
мыслителям,1
шалить,1
статистикой,1
историей,1
выученного,1
брут,1
неестественно,1
неумеренное,1
изведешь,1
учебные,1
затворничества,1
взыскания,1
томленье,1
уроками,1
запрет,1
оборот,1
утомляло,1
политическая,1
экономия,1
алгебра,1
геометрия,1
повергает,1
учишь,1
година,1
бедствий,1
отдохнула,1
тучи,1
рухнуло,1
гомозиться,1
остановятся,1
отлучался,1
причуды,1
свечу,1
оживлялись,1
одержим,1
отолщением,1
расширением,1
желудочка,1
hypertrophia,1
cordis,1
cum,1
dilatatione,1
ejus,1
ventriculi,1
sinistri,1
хроническою,1
печени,1
hetitis,1
угрожающею,1
развитием,1
здоровью,1
каковые,1
полагать,1
посему,1
предотвращение,1
усиления,1
болезненных,1
припадков,1
предписываю,1
воздержание,1
помогло,1
возобновлялась,1
государственная,1
печати,1
приложением,1
свидетельствую,1
чина,1
приятного,1
желали,1
крика,1
арест,1
робели,1
присутствии,1
робел,1
гадкий,1
исстрадался,1
снисходительном,1
взыскательному,1
прослужил,1
дотянул,1
покинуть,1
нижеподписавшийся,1
отправил,1
нужную,1
астрахани,1
объяснилось,1
недоумевали,1
полагали,1
перепугался,1
ограничится,1
выговора,1
заслуженной,1
кары,1
медицинское,1
свидетельстве,1
удалась,1
пустякам,1
вредны,1
нежную,1
светятся,1
мучительные,1
неправедные,1
неведомыми,1
вверить,1
заливаются,1
внезапными,1
обовьют,1
обречена,1
проклятию,1
обходил,1
девственна,1
отчаялась,1
неурожае,1
кухаркой,1
продал,1
влекло,1
постояннее,1
водворялся,1
одетым,1
холостых,1
расстегнуть,1
поваляться,1
бриться,1
вычитал,1
утренние,1
испарения,1
полезны,1
вечерние,1
бледных,1
возрасте,1
пансионерки,1
красавицам,1
предполагает,1
влюбляется,1
совершить,1
великому,1
прискорбию,1
блаженные,1
страстных,1
многообещающих,1
непривилегированные,1
дружеских,1
рукопожатий,1
отдавался,1
плен,1
прилежным,1
повестям,1
поклонником,1
ограничивался,1
поклонением,1
почтительном,1
расстоянии,1
сталкивала,1
женщиною,1
вспыхнуть,1
почесть,1
интриги,1
разыгрывались,1
невинностью,1
чистотой,1
гасил,1
прочтении,1
писцом,1
бурю,1
наполеон,1
еруслан,1
лазаревич,1
хлынут,1
народы,1
африки,1
крестовые,1
походы,1
воюет,1
участь,1
народов,1
разоряет,1
щадит,1
оказывает,1
великодушия,1
арену,1
мыслителя,1
великого,1
художника,1
поклоняются,1
пожинает,1
лавры,1
гоняется,1
восклицая,1
перевертывается,1
потеряется,1
колена,1
умоляя,1
отвратить,1
полководцем,1
непобедимым,1
вообразить,1
промелькнет,1
задвигаются,1
мускулы,1
напрягутся,1
жилы,1
преображаются,1
движимый,1
нравственною,1
блистающими,1
привстанет,1
осуществится,1
обратится,1
благих,1
усилия,1
клонятся,1
наутро,1
покою,1
утомленные,1
бури,1
смиряются,1
отрезвляется,1
дум,1
медленнее,1
пробирается,1
жилам,1
переворачивается,1
садящееся,1
солнечный,1
закат,1
угрожающую,1
сдав,1
загораются,1
небесам,1
безграничная,1
позднейшей,1
утонченность,1
редкий,1
солжет,1
расточительности,1
невоздержания,1
барский,1
целомудрен,1
евнух,1
подозрительного,1
свойства,1
сбережет,1
усчитать,1
издержке,1
присвоить,1
гривну,1
сумм,1
крал,1
измерял,1
гривнами,1
гривенниками,1
замеченным,1
старинный,1
калеб,1
выдрессированная,1
охотничья,1
съестным,1
поручат,1
эпохам,1
принадлежал,1
рыцарь,1
гуманного,1
равнодушен,1
буря,1
нравственные,1
склонится,1
шаром,1
опускаться,1
проводит,1
печальной,1
опочиет,1
вяжутся,1
толковали,1
способностях,1
пылкой,1
подробно,1
пороков,1
свидетельствовать,1
обращающийся,1
подробнее,1
внутренний,1
нормально,1
потомок,1
калебов,1
рыцарей,1
лакейской,1
исполненных,1
самозабвения,1
отличались,1
добродетелями,1
вырастают,1
язвы,1
осиливал,1
крестился,1
вдумывался,1
удел,1
порядочно,1
ведал,1
бюджета,1
мудрил,1
затеями,1
нынешние,1
источники,1
земель,1
засевались,1
дедушке,1
полевых,1
урожай,1
возвышенная,1
цена,1
прошлогоднего,1
называл,1
благословением,1
божиим,1
натяжек,1
приобретению,1
отцы,1
деды,1
вредные,1
проживем,1
сыты,1
ухищрений,1
ссылался,1
изменив,1
исчерпаешь,1
гуляющей,1
истин,1
локтя,1
учебное,1
выслушал,1
лекцию,1
заведения,1
аттестате,1
простирать,1
ученые,1
эпох,1
цифр,1
религий,1
связанных,1
математических,1
задач,1
груза,1
положений,1
библиотека,1
состоящая,1
разрозненных,1
томов,1
частям,1
наукой,1
пытался,1
практического,1
судопроизводства,1
покражи,1
писарем,1
сводил,1
град,1
улучшились,1
разгорится,1
разыскать,1
возобновляет,1
придуманное,1
неожиданная,1
готовой,1
творец,1
идей,1
обдумывает,1
щадя,1
утомится,1
тяжелой,1
заботливую,1
позу,1
строгую,1
удобную,1
мечтаний,1
освободясь,1
деловых,1
созданном,1
доступны,1
всеобщих,1
бедствиями,1
безвестные,1
безыменные,1
потекут,1
исполнится,1
людскому,1
пороку,1
клевете,1
разлитому,1
изменяет,1
дополняет,1
размышляет,1
приготовился,1
уменьшения,1
сбирался,1
неизвестным,1
долгих,1
перин,1
ларцов,1
окороков,1
жареной,1
вареной,1
скотины,1
сопровождении,1
норму,1
путешествий,1
наводило,1
неутомимо,1
чуждые,1
приобретение,1
гражданина,1
честными,1
трудами,1
общее,1
благосостояние,1
уединении,1
сообразный,1
крестьянами,1
основная,1
сметы,1
цифры,1
ревность,1
почтение,1
выскочившего,1
коробочке,1
лайтесь,1
натоптали,1
образина,1
проходившего,1
ощетинился,1
троньте,1
неугомонный,1
трогаешь,1
шмыгнул,1
облокотясь,1
перейдя,1
помаду,1
напомадил,1
пробор,1
причесал,1
причесывал,1
оторопевший,1
невзрачный,1
васильем,1
николаичем,1
алексеичем,1
понюхав,1
видывал,1
взаймы,1
велики,1
встретит,1
должок,1
департамент,1
богач,1
провалялся,1
встаешь,1
попав,1
рассуждать,1
избавляя,1
царствовал,1
бойкое,1
движущееся,1
говорящее,1
простодушие,1
посоветовать,1
путное,1
посещения,1
зевотой,1
вещицы,1
наскучивало,1
выразиться,1
проявить,1
бери,1
слушатель,1
участник,1
разделявший,1
согласно,1
заходили,1
пятиминутным,1
удовлетворенный,1
взаимностью,1
интересовало,1
купались,1
отталкивало,1
науку,1
отлучке,1
отваливать,1
этажерку,1
покупкой,1
говорилось,1
советовать,1
перебивай,1
островов,1
огородами,1
благородная,1
заткнет,1
слушайся,1
нахлобучив,1
гаму,1
опрятно,1
постоялом,1
соскучишься,1
играй,1
светленькие,1
аккуратного,1
назначаю,1
рассуди,1
выгадаешь,1
порядка,1
хватишься,1
перцу,1
уксусу,1
мерзость,1
твоему,1
дураку,1
псу,1
гниешь,1
безбородкин,1
охта,1
благодари,1
шуми,1
воображаю,1
красненькую,1
гладил,1
заграничных,1
субботе,1
дрянь,1
закурив,1
пустив,1
втянув,1
приходишь,1
кормишь,1
говядина,1
куплена,1
порылся,1
тогдашнюю,1
десятирублевую,1
воображаешь,1
мадера,1
выхватил,1
питейной,1
конторе,1
понаведаться,1
наймешь,1
кое,1
обрушились,1
отдаю,1
отделывать,1
научи,1
торопят,1
съехали,1
спектакля,1
ближайший,1
одурения,1
дремлющую,1
чести,1
присутствовать,1
земском,1
присутствовал,1
пирушках,1
тонкости,1
юношескою,1
впечатлительностью,1
вслушивался,1
товарищей,1
гражданских,1
уголовных,1
подьячих,1
повело,1
делец,1
крючкотворец,1
клонились,1
увенчались,1
успехом,1
разрушила,1
замыслов,1
увезен,1
благодетелем,1
писца,1
теоретиком,1
петербургской,1
теорией,1
вершать,1
правые,1
забывать,1
шестнадцатилетний,1
присутственных,1
пройденное,1
дожил,1
решал,1
двинуть,1
тронуться,1
оказать,1
распорядительность,1
быстроту,1
нездоровилось,1
доглядит,1
изгадит,1
провинциальный,1
подьячий,1
назначал,1
служения,1
поколением,1
присутственном,1
распорядилась,1
учившийся,1
отставал,1
поучить,1
священнику,1
способный,1
латынскую,1
грамматику,1
синтаксис,1
познания,1
огромное,1
преимущество,1
неправые,1
запертую,1
посылается,1
враждебными,1
назойливостью,1
угощать,1
незаслуженного,1
придирчив,1
смущал,1
громадного,1
сторожевой,1
усердные,1
пролетария,1
приют,1
равнодушный,1
отдавал,1
обломовках,1
зажиточном,1
толпился,1
обоего,1
ремесла,1
желудком,1
потребления,1
званием,1
сибариты,1
дополнения,1
запропастившуюся,1
упавший,1
головную,1
правом,1
истолкования,1
грядущий,1
пролетарий,1
сослуживцев,1
просителей,1
взятки,1
последняя,1
обстоятельствами,1
запираемы,1
сказкам,1
тесных,1
заколдованных,1
духи,1
лишенные,1
вредить,1
бесполезной,1
недоброжелателен,1
бранчив,1
переписыванье,1
подшиванье,1
винным,1
ухитрялся,1
откупам,1
выгодную,1
замену,1
поприща,1
завещанного,1
достигнутого,1
созданная,1
миновав,1
применилась,1
мелочам,1
вкралась,1
приятельские,1
взяточник,1
духоты,1
слетаю,1
ухитрись,1
мелькавшим,1
перышко,1
очинил,1
очините,1
перепишете,1
подобрав,1
подгорюнившись,1
дворянин,1
родом,1
потеснее,1
помещался,1
вывезенным,1
слугой,1
обладателем,1
доставшихся,1
азии,1
штату,1
поприщу,1
отдаленной,1
повороте,1
юности,1
зрелым,1
мелькало,1
счастие,1
сменялись,1
пушок,1
жесткую,1
сменились,1
точками,1
талия,1
трескотней,1
предстоящим,1
расстроен,1
хмурясь,1
понятно,1
разбогател,1
землям,1
учили,1
верь,1
малого,1
надворный,1
мутят,1
оставим,1
алексеевичем,1
заодно,1
рокотов,1
пообтерся,1
требовании,1
ненарушимая,1
примеривал,1
зарычал,1
позови,1
черный,1
примерит,1
приказывает,1
отправишь,1
бархатный,1
голландская,1
найму,1
отвязаться,1
уходом,1
водворилась,1
округлилась,1
годом,1
наведаюсь,1
отбрасывать,1
пакеты,1
выписки,1
рыться,1
тетради,1
толщиной,1
записками,1
требовали,1
успеют,1
спустить,1
хватаются,1
поднимали,1
добывали,1
курьера,1
записок,1
навело,1
великую,1
смеющееся,1
сплошь,1
награждать,1
заботиться,1
нуждах,1
расспросит,1
почивал,1
мутные,1
разочаровался,1
приездом,1
сбивали,1
обдергивались,1
испуганном,1
призадумался,1
преградой,1
наводнение,1
дружную,1
узоре,1
разделялась,1
состояла,1
озадачила,1
воспитанный,1
переходя,1
родных,1
началом,1
представлялась,1
записыванья,1
тетрадку,1
делывал,1
полагал,1
семью,1
землетрясений,1
неусыпно,1
пекущуюся,1
спокойствии,1
присутственного,1
обязательная,1
придерживаться,1
нерасположение,1
достаточными,1
законными,1
нехождению,1
надобно,1
землетрясению,1
здоровому,1
откупа,1
полегоньку,1
пострел,1
путешествует,1
средины,1
услыхали,1
выдумай,1
сдвинешься,1
польза,1
отечеству,1
преобразований,1
управитель,1
шатающихся,1
предписал,1
отеческое,1
взгляните,1
неминуемое,1
угрожающее,1
ужаснейшее,1
буйственных,1
поступков,1
крайнее,1
коему,1
неминуемо,1
подвергнуться,1
малолетними,1
остающимися,1
призрения,1
наберу,1
попросят,1
проскользнет,1
передаст,1
секретарю,1
придержаться,1
избегнуть,1
предлагаешь,1
уплатили,1
уродился,1
солома,1
отыскание,1
неблагодарен,1
заходить,1
старостой,1
набавил,1
сдача,1
красненькой,1
шумиловой,1
прошлогодним,1
урожаем,1
долги,1
сожгло,1
отчаянные,1
запускал,1
содрал,1
исправника,1
передает,1
поверь,1
честная,1
овца,1
овцой,1
прибрал,1
смени,1
назначу,1
пробудь,1
похлопочу,1
вложением,1
добрынин,1
виделся,1
приличнее,1
невелика,1
величайшим,1
спросив,1
попрекаешь,1
портером,1
шампанским,1
замасленную,1
исписанную,1
шарил,1
карманам,1
трудись,1
доставай,1
упрекаю,1
русского,1
побагровел,1
бродягу,1
натерпелся,1
обид,1
тревожишь,1
виноваты,1
губернию,1
башмаках,1
сентябре,1
наследства,1
капиталу,1
надворного,1
перевалился,1
ученый,1
меняешь,1
дерзостей,1
обяжете,1
надуло,1
приложи,1
петербургский,1
гостинец,1
сигар,1
поступи,1
наплясался,1
почта,1
доверши,1
благодеяния,1
присядь,1
настрочить,1
рассказываешь,1
переписал,1
затекает,1
воздержнее,1
нагнусь,1
копейку,1
продувная,1
питал,1
инстинктивное,1
иностранцам,1
француз,1
мошенника,1
обманщика,1
хитреца,1
разбойника,1
нациями,1
одинаковы,1
тайниках,1
волшебного,1
бодрился,1
заплывали,1
моцарта,1
зажмешь,1
мусье,1
настроении,1
зажмет,1
предательство,1
мщение,1
неумышленное,1
нашлось,1
комплимента,1
грубиян,1
залежаться,1
доставит,1
готовь,1
засветили,1
трельяже,1
плющом,1
скрыл,1
очертания,1
набросил,1
флеровое,1
нервной,1
дрожью,1
арий,1
романсов,1
страдание,1
неясным,1
предчувствием,1
таился,1
песня,1
зашевелит,1
мейербер,1
путешествиях,1
приготовляюсь,1
едете,1
ползает,1
осветит,1
сжаты,1
солгать,1
выманила,1
ленивы,1
приметным,1
лукавством,1
вздумала,1
экзаменовать,1
угадали,1
смеялось,1
заронился,1
осторожным,1
музыкант,1
сергеевне,1
наговариваешь,1
рекомендую,1
порядочного,1
разочаровать,1
уклоняюсь,1
любителя,1
сомнительная,1
трудная,1
сиплую,1
шарманку,1
чистого,1
пробуждаться,1
балкона,1
жаждало,1
белизна,1
пучине,1
зыблется,1
добываю,1
вихрем,1
бездонную,1
самозабвением,1
отворачивая,1
превозмогало,1
сводила,1
порхнули,1
левом,1
неконченные,1
лгут,1
усилиться,1
впечатлению,1
насмешка,1
пропела,1
задрожало,1
самолюбивы,1
перебирая,1
единственный,1
двигатель,1
замяла,1
вкралось,1
погрузил,1
напряженный,1
испытующии,1
молчаливым,1
имея,1
магнетизер,1
ласковые,1
выставлены,1
сдерживал,1
душить,1
вырваться,1
восторги,1
несущиеся,1
пробегающий,1
уничтожило,1
изнемог,1
пробормотал,1
проходила,1
сиплая,1
шарманка,1
вмешалась,1
наруже,1
рассмешил,1
приписать,1
грустный,1
заре,1
уселись,1
коллекцию,1
рисунков,1
стараетесь,1
насмешливое,1
глядите,1
удвоилось,1
добываете,1
плохая,1
преступления,1
скучаете,1
выскажу,1
васильевну,1
навязал,1
певица,1
искренен,1
заразителен,1
удвоенным,1
переносила,1
подозвала,1
перекрестный,1
выпачкан,1
развязался,1
подавить,1
развязным,1
развязности,1
бисквитов,1
сидевшая,1
поглядывали,1
навострила,1
съем,1
бисквиты,1
таяли,1
сухаря,1
бюста,1
ужином,1
оборачивался,1
исполненный,1
надеты,1
настойчивый,1
ленивые,1
противен,1
невыносим,1
подруге,1
пансионной,1
умолка,1
недальней,1
губу,1
недурна,1
взгляну,1
испугаюсь,1
вскрикну,1
подбегут,1
выставлю,1
жеманства,1
мишуры,1
ценил,1
мазурку,1
любезные,1
неразговорчивы,1
неглубокой,1
небойкие,1
сыпались,1
мудрые,1
сентенции,1
быстрые,1
неожиданные,1
смелые,1
реплики,1
вычитанные,1
подслушанные,1
суждения,1
музыке,1
обходили,1
кавалеры,1
нестерпима,1
покровитель,1
посмирнее,1
бедных,1
красоту,1
дугообразны,1
округляли,1
тоненькими,1
нащипанными,1
ниточками,1
русые,1
прямые,1
полоски,1
покоилась,1
благородно,1
покоившейся,1
неуловимо,1
божится,1
росли,1
мерцает,1
замереть,1
облиться,1
отобедаю,1
перевез,1
свободная,1
заочно,1
озеру,1
пытку,1
жевал,1
шевелит,1
сигарой,1
скрыться,1
настойчивого,1
темных,1
пропускающем,1
бодром,1
величина,1
штору,1
протереть,1
смахнул,1
продумал,1
наружностью,1
смысле,1
белизны,1
яркого,1
колорита,1
кораллов,1
пятилетнего,1
статую,1
высокому,1
величине,1
зорком,1
овал,1
гармонировало,1
станом,1
рассеянный,1
артистически,1
созданным,1
существом,1
образовал,1
выпуклую,1
грациозную,1
устремленной,1
говорящей,1
светилось,1
анну,1
зинаиду,1
прочтешь,1
корнету,1
погибающий,1
гордого,1
радостного,1
назначенным,1
свыше,1
библиотекарем,1
встречалась,1
испугал,1
молниеносных,1
холодной,1
крестьянских,1
утки,1
полощутся,1
пруде,1
брякнуть,1
мгновенным,1
действием,1
неловкости,1
срама,1
анализировал,1
свернулись,1
минутно,1
возникал,1
воплощенного,1
сходились,1
сливались,1
провались,1
забираясь,1
боковую,1
спасти,1
безнадежного,1
спасет,1
умненькой,1
мучить,1
уязвлять,1
насмешками,1
лежаньем,1
неловкостью,1
закрыт,1
оковы,1
познакомились,1
добрее,1
прощал,1
насмешки,1
завещал,1
приглядеть,1
хорошенькой,1
доктору,1
головке,1
отучит,1
прикажет,1
дописывать,1
задремлет,1
разлюбил,1
молчаливая,1
слушался,1
виновница,1
превращения,1
благословлять,1
возвратить,1
славы,1
суровую,1
хлопотала,1
опаленные,1
вскружить,1
удивляетесь,1
глупая,1
вооружаясь,1
смелостью,1
гром,1
нюхая,1
выпрямилась,1
раскрылись,1
уверяю,1
минутное,1
потускли,1
рванула,1
оторвала,1
наклоняясь,1
беспамятная,1
внезапную,1
ускоряя,1
объясняться,1
разобидел,1
выпросить,1
позволили,1
лгал,1
коснулся,1
отдернула,1
уверить,1
уверяйте,1
замолчу,1
уходите,1
заплакали,1
пересилил,1
отвезите,1
терпите,1
пересиливал,1
кажет,1
апатичен,1
мосье,1
завлекала,1
топнув,1
обидно,1
кидает,1
идя,1
идете,1
ничуть,1
кинув,1
линейки,1
директора,1
неимоверно,1
резеды,1
дерзкий,1
понюхайте,1
нарву,1
пахнут,1
полями,1
рощей,1
приторный,1
роса,1
ландышах,1
высохла,1
поднес,1
ландышей,1
резеду,1
прятался,1
ослепление,1
михайловну,1
страстная,1
летучим,1
намекам,1
вспышкам,1
долгим,1
певучим,1
растроганная,1
взволнованная,1
пробужденного,1
восставшего,1
наполненный,1
безумный,1
шевелясь,1
ленивых,1
позах,1
тупой,1
вдохновенных,1
любовница,1
стройной,1
сложенными,1
сидящей,1
ступающей,1
колеблющейся,1
талией,1
положенной,1
воплощение,1
исполненной,1
торжественного,1
алтаря,1
супружеского,1
временным,1
подвластной,1
заиграть,1
чувстве,1
новостях,1
дочерью,1
послушаюсь,1
соглашусь,1
захворала,1
скрывали,1
дурная,1
постыдились,1
стыдлив,1
согласился,1
согласишься,1
умным,1
искренним,1
аккорда,1
настроением,1
неясная,1
счастия,1
песне,1
детски,1
свежем,1
сверкала,1
зрелой,1
переживала,1
далекую,1
мгновенный,1
серебристо,1
разрывались,1
вызванные,1
группы,1
симпатичная,1
оглушение,1
снисходительная,1
феномен,1
воспитаться,1
стихах,1
плащах,1
ножами,1
расхаживают,1
актеры,1
убийцы,1
кончались,1
смрад,1
рвание,1
постигнет,1
избитую,1
гористую,1
несносную,1
седок,1
изнемогает,1
родное,1
опасного,1
ограничить,1
задушить,1
утопить,1
женитьбе,1
прожжет,1
застонет,1
закрытыми,1
удушья,1
бочонка,1
порохом,1
указывают,1
примеры,1
нравственное,1
страдаем,1
благосклонный,1
томления,1
бешеного,1
перехода,1
луны,1
потрясающие,1
взрывы,1
причуд,1
засыпает,1
симпатичный,1
мерцающий,1
неизменную,1
изменяется,1
выработанности,1
сок,1
выяснения,1
взаимных,1
течения,1
общечеловеческая,1
вершина,1
прогресса,1
жорж,1
занды,1
сбиваются,1
решением,1
измен,1
охлаждений,1
наполненная,1
подожму,1
естественную,1
воображая,1
шапка,1
пеной,1
отсутствующему,1
подметишь,1
брошенного,1
обещанием,1
обмакнешь,1
солонку,1
симпатию,1
шутке,1
незлобный,1
мокка,1
гавана,1
рисуешь,1
дедов,1
обидевшись,1
тальки,1
колымаге,1
гуся,1
посланника,1
свалит,1
десертом,1
скошенную,1
разостлали,1
стогами,1
блаженствовали,1
окрошки,1
бифштекса,1
косами,1
воз,1
филиппики,1
сенатского,1
красноречивое,1
завтрашнему,1
весло,1
искажать,1
оранжерею,1
упиваясь,1
извлекал,1
нарисованные,1
виноград,1
петровны,1
парнике,1
созрел,1
чудовищный,1
арбуз,1
пошлешь,1
отправишься,1
женишь,1
фартуке,1
колпаке,1
снимет,1
валять,1
тесто,1
крошат,1
вертят,1
свертывают,1
сбивают,1
кушетку,1
останавливаемся,1
спорим,1
ба,1
проползет,1
босоногих,1
волнуются,1
серпами,1
министра,1
чинах,1
прибавке,1
странному,1
разбирая,1
добиваются,1
войн,1
торговли,1
политики,1
выделка,1
утраченного,1
рая,1
погружаясь,1
разработывания,1
неистощимых,1
источников,1
слаще,1
артистической,1
художников,1
объехать,1
безвестный,1
сбирались,1
изъездить,1
исходить,1
обжечь,1
везувии,1
спуститься,1
геркулан,1
сошли,1
приеме,1
докладах,1
акциях,1
выплакивает,1
голосят,1
завидели,1
притихли,1
лукавыми,1
обороняется,1
тс,1
покатились,1
опрокинутое,1
копытами,1
засветились,1
сковорода,1
пропев,1
каватины,1
заложена,1
сенате,1
вверяет,1
арию,1
познакомлю,1
очаровательное,1
пристрастно,1
сужу,1
рассказывай,1
флигелям,1
павильонам,1
удить,1
ружьем,1
бледного,1
страдальческого,1
правит,1
колосья,1
мадонн,1
вкось,1
успеха,1
товарища,1
присутственное,1
противная,1
сбить,1
благосостояния,1
осужден,1
благодати,1
философ,1
желтый,1
очках,1
депутата,1
привязался,1
обречь,1
заряжанье,1
всесветными,1
новостями,1
выкричишься,1
константинополь,1
ломает,1
ужасной,1
роют,1
канал,1
отряд,1
войска,1
загорелось,1
войско,1
рассуждают,1
соображают,1
бледнеют,1
заражаются,1
бегаешь,1
залезть,1
воображают,1
служим,1
бале,1
перепьются,1
подерутся,1
дикие,1
взрослых,1
радушия,1
влечения,1
похвастать,1
поваром,1
салоном,1
осмеять,1
терзание,1
климат,1
репутаций,1
отсутствующих,1
смешон,1
травля,1
сходятся,1
проблеска,1
стараются,1
залучить,1
хвастают,1
научусь,1
извлеку,1
древний,1
здорового,1
вкривь,1
непробудный,1
плещет,1
постороннее,1
управляющих,1
праздных,1
разряду,1
причисляешь,1
буквально,1
закатился,1
дорисовывать,1
разлилось,1
прекрасная,1
обращена,1
балконом,1
походил,1
утренними,1
испарениями,1
садовника,1
поливали,1
подстригали,1
составляю,1
ванну,1
возвращаюсь,1
отворен,1
блузе,1
легком,1
чепчике,1
слетит,1
сажусь,1
сухари,1
надев,1
талью,1
пароходы,1
усидел,1
усидишь,1
достанут,1
шапке,1
всеобъемлемостью,1
скромную,1
прорывать,1
всезнание,1
скромная,1
трудовая,1
кончу,1
трогаю,1
искажение,1
идеала,1
позволяет,1
воспитаешь,1
умей,1
устроенный,1
говорится,1
наползет,1
любое,1
семейство,1
экономки,1
прокормить,1
стами,1
подарили,1
задетым,1
ломбард,1
процентами,1
надуешь,1
банк,1
рафаэлевских,1
корреджиевой,1
простоту,1
запереть,1
лукавлю,1
подробную,1
инструкцию,1
отправить,1
прикупить,1
построек,1
освежить,1
железным,1
пароходах,1
посев,1
завод,1
кузница,1
трескотня,1
прыганье,1
дочитать,1
туфлю,1
дорожное,1
подвинулись,1
доказывал,1
подкинуть,1
подметки,1
шерстяную,1
несессер,1
возят,1
мастеровым,1
сдач,1
стащить,1
поленился,1
поручено,1
прозреть,1
гамлетовского,1
передумать,1
затворяя,1
степанов,1
легион,1
утекло,1
похудеешь,1
хандрить,1
паспорте,1
спустившись,1
откладывать,1
обдумать,1
почтовом,1
пароходе,1
любека,1
удобнее,1
услал,1
вытащил,1
запыленному,1
стер,1
бальтазару,1
пиру,1
тупом,1
причесать,1
вышиб,1
ляжете,1
разума,1
взвешивал,1
остатке,1
скудный,1
остаток,1
отвезти,1
хранить,1
петров,1
возвращения,1
небритая,1
борода,1
прореха,1
разрыва,1
кумой,1
убеждению,1
вопреки,1
пословице,1
познакомил,1
лампой,1
поодаль,1
зажглись,1
запылали,1
недозрелости,1
расстояния,1
летах,1
чудесным,1
созданием,1
благоухающею,1
прелестный,1
подающий,1
здравому,1
перехитренному,1
уклонялась,1
шагала,1
уверенно,1
соразмеряла,1
девице,1
встретишь,1
елей,1
прекрасной,1
тросточку,1
исписанная,1
сдвинулся,1
раздулась,1
губа,1
укусила,1
губой,1
парохода,1
август,1
неистовые,1
обломовском,1
стиле,1
грозном,1
клике,1
гербовая,1
слог,1
подбежал,1
красноречиво,1
оны,1
путешествии,1
отваги,1
самоуверенности,1
вещами,1
косынка,1
выпущены,1
сшитом,1
щегольской,1
напевает,1
дописывает,1
захрустел,1
семенов,1
михайлов,1
аполлона,1
руссо,1
вояж,1
обязаны,1
россия,1
россию,1
трудиться,1
удвоишь,1
капиталы,1
учетверю,1
бьешься,1
обеспечить,1
удалиться,1
службой,1
бездействии,1
заслуженным,1
отдыхом,1
замечания,1
выгнал,1
тарантьевыми,1
алексеевыми,1
тягость,1
встревоженными,1
подставил,1
копаю,1
оплакиваю,1
веди,1
сдвинусь,1
пречистенки,1
кудрино,1
садике,1
эрлангене,1
иене,1
бонне,1
обещание,1
бельведерского,1
оригиналы,1
онеметь,1
произведением,1
микельанджело,1
тициана,1
попираешь,1
мирты,1
кипарисы,1
померанцы,1
оранжереях,1
родине,1
фейерверков,1
увидавши,1
скамьях,1
сея,1
посвящением,1
цел,1
запирался,1
математики,1
квадраты,1
добился,1
доучился,1
германские,1
университеты,1
немножко,1
актер,1
студенческих,1
сестер,1
шиллера,1
прописываешь,1
гете,1
енотовых,1
шуб,1
бобровых,1
воротников,1
вечерах,1
приемные,1
оказывали,1
радушие,1
сносному,1
переезжая,1
определяя,1
привозом,1
омаров,1
положенными,1
гуляньями,1
известного,1
соль,1
комета,1
небрежной,1
дряблый,1
ветхий,1
изношенный,1
климата,1
заперт,1
угас,1
просыпаться,1
погибал,1
сибирь,1
ситху,1
проспекту,1
унылом,1
губил,1
загоралось,1
байрона,1
отнимал,1
коттень,1
очистить,1
нашептывал,1
развивал,1
повторялось,1
погасло,1
непостижимо,1
потрясений,1
терял,1
никакое,1
ярмо,1
спасительного,1
сходками,1
разрушительного,1
пылает,1
ярком,1
полудне,1
гаснет,1
погасания,1
сознал,1
гаснуть,1
писаньем,1
вычитывая,1
передразниванье,1
пустоту,1
поддерживаемую,1
ахнул,1
уйдете,1
улыбнетесь,1
сумрачен,1
небывалый,1
пробуждающейся,1
вдалась,1
покорилась,1
трепету,1
листьев,1
ночным,1
видениям,1
шепоту,1
наклонится,1
повторит,1
пересиливая,1
выдерживая,1
неокрепших,1
пробуждавшимися,1
помашет,1
примешивал,1
открытия,1
изобретал,1
встретиться,1
разговаривал,1
нечищеные,1
разделался,1
беззаботность,1
отлетела,1
принимал,1
исполнен,1
радужного,1
сияния,1
сфер,1
заиграют,1
девочку,1
спектакль,1
запасе,1
наблюдениями,1
ступить,1
скользит,1
подобным,1
отзывов,1
сентенцию,1
зарубить,1
галатея,1
пигмалионом,1
наполнилась,1
возбуждая,1
видимых,1
пьесы,1
обижалась,1
получало,1
искрами,1
записаны,1
шуме,1
водворилось,1
распускается,1
снах,1
населились,1
видениями,1
образами,1
рассказывают,1
неясно,1
предсказания,1
бесцветен,1
отражалось,1
инстинкта,1
ежеминутных,1
трепала,1
кликал,1
сойтись,1
сдерживая,1
взойти,1
взывал,1
пробравшись,1
наверх,1
удержала,1
полез,1
помучить,1
мучитесь,1
бранились,1
невозможному,1
revue,1
созерцание,1
профиля,1
продевала,1
вытаскивала,1
наводил,1
зажигательное,1
поворачивался,1
деятельная,1
усиленное,1
кровообращение,1
удвоенное,1
кипение,1
действовало,1
дышат,1
расцветала,1
непреложным,1
проявлялась,1
объездили,1
предвидений,1
неизвестности,1
поручение,1
насущными,1
теплоту,1
втеснилось,1
претрудная,1
неимоверным,1
терпением,1
сменил,1
старосту,1
посредство,1
ужинал,1
петербургские,1
развивалась,1
загородных,1
концертах,1
поговаривают,1
финляндию,1
иматру,1
придумывает,1
замнется,1
наверное,1
предпринималась,1
улыбкам,1
пригорка,1
влезал,1
нескольку,1
бывшими,1
раскрывались,1
высочайшей,1
проблеск,1
окружила,1
облаком,1
малейший,1
вызовет,1
холодности,1
неосторожно,1
раздуть,1
возврата,1
рубикон,1
шагает,1
рождалось,1
играло,1
лукавство,1
орудия,1
активной,1
мигом,1
нравилась,1
путеводной,1
разольет,1
стоячим,1
озером,1
отразится,1
первенство,1
поединке,1
действующие,1
первенствующей,1
поиграть,1
вырвется,1
нежданный,1
сосредоточенность,1
прелесть,1
объяснений,1
доложил,1
листы,1
листа,1
фестоны,1
заведен,1
приведи,1
костяной,1
ножик,1
столовый,1
предпочел,1
направиться,1
дивану,1
половчей,1
приладиться,1
губишь,1
досказано,1
левую,1
понамеднишнему,1
ввернет,1
куртины,1
беседки,1
придете,1
пройдете,1
задало,1
ласка,1
сдержанная,1
определенное,1
ребяческий,1
пережит,1
каприз,1
толкала,1
ссылалась,1
вышивая,1
погрузишь,1
сдвинутых,1
бровях,1
таилась,1
суровость,1
ползала,1
пренебрежение,1
клевещете,1
предвидя,1
едучи,1
шипы,1
оторопев,1
слетело,1
говорящ,1
понятен,1
позволила,1
заветное,1
туманное,1
сонное,1
преобразилось,1
открылись,1
заиграли,1
задвигались,1
сверкнули,1
игре,1
ищите,1
восторгом,1
стан,1
сжимал,1
занимайтесь,1
веселы,1
оправила,1
поужинать,1
простонало,1
подняла,1
романов,1
аллея,1
благодарна,1
указали,1
правый,1
примачивайте,1
зачешется,1
ячменях,1
ужинайте,1
шевелилось,1
яростное,1
ду,1
распустила,1
ак,1
грянуло,1
обращение,1
работаете,1
сонетку,1
развертывая,1
свиток,1
мил,1
наугад,1
покраснев,1
продолжится,1
добыл,1
нахмурился,1
казнью,1
неотразимо,1
подадите,1
прихотливый,1
прислушивались,1
уловляли,1
спешили,1
выпевать,1
зазвучат,1
одевала,1
невинном,1
бессознательном,1
кокетстве,1
прекрасном,1
уборе,1
веровал,1
волшебные,1
обаятельный,1
предстать,1
всеоружии,1
пожирал,1
лгали,1
выдавали,1
корделией,1
преобразилась,1
видение,1
справлялась,1
пасть,1
льву,1
верен,1
просыпающегося,1
мелькнувшем,1
отразилось,1
окружавшей,1
трепетали,1
дробились,1
тревожьте,1
испытываю,1
окружавшее,1
четверти,1
деревьями,1
повела,1
скучной,1
произнести,1
подробность,1
позавидовать,1
думаем,1
ждем,1
надеемся,1
убеждаюсь,1
отнимут,1
преломлялись,1
сомневаться,1
требуйте,1
уверен,1
мучительная,1
зараженный,1
встретя,1
дань,1
ровны,1
пройдут,1
суток,1
шутите,1
спускаясь,1
варьяциях,1
эфемерное,1
закатившееся,1
истязаний,1
летнее,1
безумцы,1
исполнив,1
клясть,1
расстался,1
подул,1
нанес,1
печальное,1
гороскоп,1
поужинал,1
полежал,1
поэтическое,1
настроение,1
уступило,1
ужасам,1
просыпаешься,1
стука,1
серых,1
биению,1
ощупал,1
увеличилась,1
анализ,1
каплю,1
отрава,1
подействовала,1
сотый,1
подступило,1
многостороннее,1
разбила,1
начинало,1
наслаждение,1
ускользнет,1
бредить,1
пожимал,1
возвращении,1
покоились,1
определял,1
степень,1
мрачный,1
морщинах,1
умеренная,1
сознательная,1
занятого,1
напился,1
тянуло,1
намекавший,1
наклонности,1
мудрое,1
закрывать,1
строптивый,1
впадешь,1
противоречий,1
распутает,1
глубок,1
дерзок,1
достигаешь,1
желаемого,1
клянешь,1
исполнилось,1
самостоятельного,1
шагания,1
своевольного,1
испытаю,1
пролюбить,1
устремлены,1
дальнейшее,1
изворачивался,1
помочь,1
разъяснить,1
геройски,1
рассечь,1
тактика,1
проникнута,1
поспеть,1
дышали,1
неподвижного,1
удивленного,1
восхищенного,1
затаившиеся,1
заметную,1
примешивалась,1
зевнуть,1
поражает,1
сомкнет,1
стукнут,1
преследовала,1
сонливости,1
просыпалась,1
небрежною,1
холодною,1
появлялась,1
исчезала,1
выходили,1
магического,1
отрицательная,1
доступном,1
неясном,1
жизненный,1
взаимные,1
кидала,1
немудреный,1
начертанный,1
любовалась,1
гордилась,1
поверженным,1
символических,1
знаменательных,1
сиреневых,1
веток,1
невозвратно,1
взыскательнее,1
превращаться,1
недоразумения,1
запутывая,1
положительным,1
колола,1
сарказмами,1
изрекала,1
суровый,1
действительнее,1
сарказмов,1
вялым,1
дряблым,1
деспотическому,1
проявлению,1
напомнила,1
вызывала,1
подумывает,1
ночевал,1
проклинать,1
дрянном,1
внушению,1
каприза,1
продолжительным,1
молчите,1
обморока,1
сравнила,1
поверка,1
удовлетворительною,1
разлито,1
возмутишь,1
лю,1
блю,1
покрывается,1
собирательным,1
понятием,1
порывается,1
назовете,1
влюбляются,1
вникая,1
особенное,1
высказаться,1
обновлять,1
любящим,1
опрокидываясь,1
блуждая,1
несущихся,1
облаках,1
запинкой,1
улыбнусь,1
рассеянностью,1
женскою,1
предлагала,1
неосторожности,1
специальный,1
профессора,1
удовлетворения,1
педантизма,1
забывала,1
относительно,1
учат,1
приступила,1
двойных,1
неосторожность,1
сослаться,1
гершеля,1
удовлетворилась,1
школах,1
архива,1
живописи,1
эрмитаж,1
подтверждать,1
прочитанное,1
наобум,1
пристанет,1
лучших,1
зады,1
книжные,1
увражами,1
рылся,1
знанием,1
вынутым,1
неразрезанною,1
перевернуть,1
развернул,1
свежим,1
развалинах,1
катается,1
гондоле,1
лондона,1
земном,1
лепетом,1
изящным,1
беленьким,1
личиком,1
ниц,1
ангелом,1
березняка,1
струи,1
плесканье,1
впадает,1
омрачилось,1
дряблыми,1
прояснел,1
получше,1
посвежее,1
здешнего,1
заведу,1
коты,1
ласковы,1
мурлычут,1
поэтическая,1
юноши,1
кудрями,1
тонет,1
озерах,1
волшебная,1
засияла,1
гримасой,1
скрипучие,1
бегавшими,1
цепкими,1
устающими,1
заметен,1
нижняя,1
вздернута,1
оттянулось,1
выцвело,1
носе,1
заметишь,1
дипломат,1
администратор,1
важном,1
заиграла,1
докладывает,1
министру,1
обходятся,1
женами,1
удостаивают,1
цветки,1
холстинными,1
навесами,1
группами,1
полуденными,1
смыслу,1
утреннего,1
заразила,1
добирается,1
металлическая,1
скользнет,1
струна,1
спрашивайте,1
приличной,1
шелковом,1
изящных,1
кружевных,1
воротничках,1
чепец,1
прибраны,1
кокетливо,1
пятидесятилетнему,1
свежему,1
цепочке,1
жесты,1
исполнены,1
драпируется,1
богатую,1
величественно,1
раскинется,1
нагибаться,1
мелочью,1
фигуре,1
служанкам,1
французским,1
русскую,1
умничает,1
проведена,1
элементами,1
вопросах,1
простора,1
пейзаж,1
освещает,1
пробирался,1
сатанинский,1
отвагу,1
ловкость,1
дюжинная,1
пощекотать,1
смирялась,1
склоняла,1
прославленный,1
артист,1
сойдется,1
инструменте,1
кокетничает,1
оцепенел,1
коварство,1
идущую,1
наполнялось,1
веселой,1
обманщица,1
обманщицы,1
ласковым,1
сорвали,1
подняли,1
потряс,1
нахмуренной,1
передаваемая,1
di,1
зазвучала,1
решительнее,1
ужасное,1
заслыша,1
салфетку,1
нескромности,1
полке,1
гневается,1
спряталась,1
прилег,1
стучит,1
вредно,1
абиссинию,1
женаты,1
убирании,1
мыли,1
покои,1
возложил,1
ковер,1
навалено,1
вынесла,1
блаженствовал,1
блаженство,1
миновалось,1
окажется,1
глупостью,1
доказала,1
обидной,1
снисходительностью,1
совершенными,1
дураками,1
закрываешь,1
форточки,1
отворяешь,1
настудишь,1
затопишь,1
указывать,1
насядет,1
сметаешь,1
кустам,1
жечь,1
оборотилась,1
рассердитесь,1
стыжусь,1
отхлынули,1
подошли,1
всходила,1
чув,1
сержусь,1
прощаю,1
порхнула,1
вкопанный,1
поводил,1
пролетела,1
метешь,1
столбняк,1
продолжался,1
уронила,1
прощенья,1
выражению,1
начертил,1
кучерами,1
обращенных,1
проходу,1
смети,1
облокотиться,1
знакомое,1
набирается,1
нагреется,1
лимон,1
стащит,1
умывальном,1
страдала,1
оказывалось,1
оказывалась,1
разбитою,1
собиралась,1
сопровождаемая,1
кивал,1
повелительным,1
объяснением,1
проскакивать,1
заглохло,1
причислила,1
неразрываемую,1
женский,1
заботливая,1
бодрствовали,1
запущенных,1
покоях,1
диванов,1
кинутые,1
повешенные,1
парадных,1
переберет,1
ножичек,1
перья,1
измятую,1
подвинет,1
задвинет,1
полуотворенный,1
жест,1
угрожающий,1
бабья,1
вымыла,1
особом,1
будоражишь,1
разбросала,1
пахнул,1
почистить,1
выколочу,1
веничком,1
веничек,1
пенять,1
понапрасну,1
тараканов,1
завалявшиеся,1
вымела,1
тараканы,1
братьи,1
усердию,1
стаканами,1
сахарницу,1
уставила,1
придержать,1
вертя,1
ложечка,1
пошевелилась,1
разронял,1
простить,1
солдатка,1
умничать,1
держалось,1
равновесии,1
исполнением,1
неприготовленную,1
умозрительная,1
поют,1
девицы,1
слушателе,1
шевельнулся,1
лукавит,1
притворяется,1
сердится,1
раскланялся,1
соскучитесь,1
знакомому,1
повернулась,1
удалявшиеся,1
двинули,1
способны,1
быстроте,1
развития,1
схватывается,1
неизъяснимо,1
кривая,1
описанная,1
линия,1
неизгладимым,1
указанием,1
поверстный,1
столб,1
прошумевшего,1
трепетного,1
уловимого,1
сотрясения,1
ушам,1
романс,1
искренности,1
девственное,1
шевелить,1
показывалась,1
тянулось,1
кидать,1
тяжеле,1
сырую,1
дождливую,1
исправимая,1
впопад,1
неуклюже,1
фат,1
спугнуть,1
стучится,1
шорох,1
возвратится,1
сойдет,1
сошла,1
наивная,1
простодушное,1
нечему,1
удивляться,1
изучила,1
суровости,1
шутила,1
непринужденности,1
позволяющей,1
тете,1
расположены,1
беззаботной,1
опытная,1
врасплох,1
девочкой,1
нелепо,1
котеночка,1
развлечь,1
котенком,1
перевозиться,1
умаялись,1
доищусь,1
таща,1
девать,1
толкнув,1
усмехнувшись,1
пропадете,1
вынеси,1
булочную,1
сергеевну,1
прибавляешь,1
глупые,1
рассуждения,1
ужинали,1
ужинает,1
скушали,1
промолвили,1
надеваешь,1
кулаки,1
вискам,1
осмелишься,1
яд,1
брань,1
отпил,1
пообедал,1
тарелками,1
битое,1
поспала,1
эполеты,1
потрепать,1
повертеться,1
стульям,1
диванам,1
оробеет,1
драма,1
громкое,1
maman,1
oncle,1
протанцевала,1
мазурки,1
контрдансов,1
груше,1
накрытый,1
библиотек,1
шатанья,1
некоторой,1
нравственного,1
аромата,1
вступление,1
обошлось,1
пыльную,1
тащиться,1
тяжелым,1
сыпал,1
запыленной,1
шторами,1
всячески,1
втягивать,1
почаще,1
приглашать,1
прекратило,1
свеж,1
красил,1
прихрамывал,1
вежлив,1
утонченности,1
дамах,1
порицал,1
позволяют,1
опрокидываться,1
коленку,1
петлице,1
ленточек,1
сбрую,1
копыта,1
белый,1
потрет,1
хребту,1
вычищены,1
незнакомого,1
холодность,1
заменялась,1
представленный,1
добродетели,1
дороговизне,1
науках,1
выражал,1
законченных,1
сентенциями,1
окончание,1
счастливое,1
скорое,1
языки,1
бдительного,1
подкараульте,1
встретите,1
ожидающий,1
открывает,1
сокровенных,1
поверяет,1
душевных,1
шепталась,1
чашкой,1
лангвагеном,1
полуночи,1
благосклонно,1
воспользовались,1
удовлетворительный,1
намекать,1
старинную,1
проглядывало,1
затаившейся,1
особенной,1
прорвалось,1
опекун,1
небольшого,1
подряде,1
лорнетку,1
подписывал,1
связями,1
процессу,1
готовыми,1
записанными,1
руководства,1
знакомя,1
познакомить,1
чопорно,1
предложат,1
свежеодетым,1
задремать,1
опуститься,1
современный,1
сонную,1
симпатичной,1
насмешливой,1
градусов,1
повеселеет,1
результат,1
высидел,1
возбудило,1
чинно,1
разговаривая,1
прилично,1
подвинул,1
скамеечку,1
чиннее,1
франтом,1
свойственным,1
тактом,1
запрещала,1
мучила,1
тиранила,1
распоряжалась,1
бароне,1
завадских,1
переходили,1
особенная,1
умеренности,1
ложилось,1
противоречило,1
желаниям,1
последовать,1
проявлялись,1
выборе,1
прическе,1
слушалась,1
сухости,1
допускали,1
бесцветны,1
притязания,1
племянница,1
лангвагену,1
дочь,1
ехали,1
наскучил,1
пьесе,1
торопливого,1
спорили,1
приглядится,1
нравятся,1
трясла,1
советов,1
законом,1
опытной,1
затруднялись,1
звания,1
отталкивающим,1
перетасовка,1
пузырь,1
фаддеевны,1
восставал,1
кометы,1
старух,1
предчувствия,1
провождение,1
нарушится,1
угорят,1
болезней,1
напорется,1
свернется,1
крыши,1
свалится,1
нечаянностей,1
употреблялись,1
домашние,1
ушибленное,1
потрут,1
бодягой,1
водицы,1
пошепчут,1
угар,1
обложит,1
огурцами,1
повяжется,1
полотенцем,1
клюквы,1
периодически,1
закрывали,1
натальи,1
заключению,1
выговаривает,1
истощится,1
обсудят,1
недостойных,1
неверных,1
пересчитают,1
случаи,1
угощал,1
уставши,1
обновки,1
салопы,1
похвастается,1
полотнами,1
нитками,1
изделия,1
пробавляются,1
светопреставление,1
кофеями,1
чаями,1
переходят,1
вздыхают,1
голубушка,1
тяжким,1
гостья,1
окаянные,1
пугай,1
стращай,1
родная,1
прерывает,1
восстанет,1
приложить,1
однообразие,1
влезут,1
нарушилось,1
рецепт,1
варили,1
разговеемся,1
зашла,1
топать,1
шуметь,1
опасное,1
шкафу,1
почтой,1
календарь,1
подождем,1
оказии,1
пощелкав,1
всунул,1
чтении,1
прогуляться,1
назначенную,1
почитаю,1
доставшуюся,1
небольшую,1
кучку,1
выбирая,1
голиков,1
новейший,1
сонник,1
хераскова,1
россияда,1
сумарокова,1
третьегодичные,1
поднялось,1
филиппа,1
радищев,1
деть,1
отдохнув,1
трудного,1
воротившийся,1
пазухи,1
обомлели,1
устремились,1
вытянулись,1
направлению,1
опомнившись,1
пошты,1
притаился,1
верхлевский,1
дьячок,1
наказывали,1
распечатали,1
начальству,1
знакомая,1
отыскивали,1
вскрыть,1
распечатывай,1
очками,1
спрятано,1
занялись,1
пролежало,1
взволновало,1
умы,1
вытерпели,1
собравшись,1
побранят,1
помыслы,1
приговаривая,1
упомнишь,1
проник,1
забавный,1
несказанно,1
олимпийские,1
боги,1
умолкать,1
подхватит,1
успокоились,1
продолжавшийся,1
антипке,1
терпится,1
целы,1
смеялись,1
затихать,1
утирал,1
сморкался,1
кашлял,1
плевал,1
выговаривая,1
задушила,1
мокрота,1
насмешил,1
кафтана,1
раскат,1
приговоркой,1
качанье,1
покойнику,1
переносье,1
беспамятный,1
подо,1
подсунул,1
салазки,1
топить,1
стареемся,1
старится,1
вздумавший,1
пофилософствовать,1
продеваемые,1
нарушит,1
святок,1
повеселее,1
проходить,1
маланья,1
олово,1
лить,1
воск,1
собьет,1
старается,1
светская,1
дама,1
расшиб,1
встрепенулись,1
луку,1
савича,1
разразились,1
помирает,1
хохотать,1
наумыч,1
хором,1
рубец,1
смеетесь,1
путаю,1
подхватила,1
сокровенные,1
означает,1
заливаться,1
добродушным,1
юмора,1
кружок,1
страшный,1
задумывались,1
пророческий,1
непритворно,1
радовались,1
печалились,1
горестное,1
утешительное,1
соблюдения,1
приметы,1
принимались,1
дураки,1
козыри,1
бостон,1
раскладывают,1
гранпасьянс,1
гадают,1
червонного,1
короля,1
трефовую,1
даму,1
предсказывая,1
марьяж,1
переберут,1
закулисную,1
сопеть,1
десятки,1
поворачивайся,1
перекрестив,1
чешутся,1
зачешутся,1
дождю,1
целоваться,1
гостинцы,1
перешептываться,1
улыбались,1
загудели,1
заспанные,1
физиономии,1
накрываете,1
чесался,1
почмокавшись,1
воцаряется,1
торгуй,1
беспечными,1
проводимых,1
нарушало,1
однообразия,1
тяготились,1
смогли,1
отвернулись,1
разнообразие,1
напрашиваются,1
расхлебывают,1
чашу,1
обломовцам,1
беспокойны,1
равным,1
относились,1
бутылки,1
печалью,1
баловал,1
подсказывая,1
камердинер,1
четырнадцатилетний,1
подставляет,1
поддаст,1
захарке,1
старших,1
колотушку,1
чешет,1
продевая,1
беспокоить,1
напоминает,1
вставши,1
мигнуть,1
резвому,1
закричат,1
разини,1
покрикивать,1
сбегай,1
нежная,1
надоедала,1
отчаянных,1
поддержите,1
остановите,1
расшибется,1
выскочить,1
отворяй,1
убьешься,1
суждено,1
затруднения,1
закоснелость,1
трудясь,1
убрались,1
подобру,1
поздорову,1
благоприобретенные,1
смекали,1
образования,1
очевидную,1
блестящие,1
преимущества,1
шитом,1
воображали,1
разбросанные,1
честей,1
перескакивать,1
упрямство,1
изнурения,1
благословенной,1
предписанную,1
искусства,1
встретила,1
оппозицию,1
системе,1
упорная,1
соперников,1
уклонялись,1
вышесказанными,1
победа,1
преодолела,1
простудишься,1
лелеемый,1
выгнали,1
экзотический,1
митька,1
растерянные,1
кинулись,1
бегущего,1
криками,1
набежали,1
чинить,1
правосудие,1
иному,1
подзатыльника,1
пригрозили,1
отцам,1
овладели,1
барчонком,1
окутали,1
захваченный,1
тулуп,1
отцовскую,1
шубу,1
отчаялись,1
погибшим,1
невредимого,1
неописанна,1
возблагодарили,1
мятой,1
бузиной,1
малиной,1
продержали,1
кажись,1
глыба,1
залепила,1
снежку,1
подразнить,1
теплице,1
стеклом,1
ищущие,1
обращались,1
внутрь,1
никли,1
увядая,1
поселился,1
поддразнивает,1
савраску,1
луга,1
сено,1
косят,1
деревенских,1
захватить,1
пуститься,1
буеракам,1
скачка,1
увязаться,1
подмывает,1
вытерпит,1
картуза,1
прыг,1
охватило,1
взялись,1
визжит,1
бац,1
сноровки,1
неблагонадежность,1
исчезать,1
авторам,1
здоровехонек,1
пилюлю,1
вздыхая,1
напекут,1
булочек,1
крендельков,1
отпустят,1
соленья,1
печенья,1
пастил,1
сухих,1
мокрых,1
лакомств,1
съестных,1
припасов,1
отпускалось,1
видах,1
жирно,1
разъешься,1
супу,1
жаркого,1
картофелю,1
морген,1
фри,1
понедельники,1
приказывающего,1
закладывать,1
пегашку,1
блины,1
печь,1
золотить,1
дрогнет,1
пегую,1
величество,1
звание,1
пользовалось,1
полупрезрение,1
писателям,1
почитал,1
сочинителя,1
весельчаком,1
гулякой,1
потешником,1
плясуна,1
третьегодичных,1
сообщает,1
гаги,1
возвратиться,1
закладывай,1
кратковременного,1
дворец,1
вене,1
вручил,1
кредитивные,1
сочинения,1
российский,1
переводят,1
мелкопоместный,1
дворянина,1
выманивать,1
нападает,1
резкий,1
несвежи,1
недельку,1
питомцы,1
проникнуты,1
доннерветтеров,1
баловство,1
времена,1
простаковых,1
скотининых,1
миновались,1
пословица,1
неученых,1
тьма,1
бродила,1
развозимыми,1
букинистами,1
внешнюю,1
кресты,1
подьячим,1
заторелым,1
дельцам,1
состарившимся,1
давнишних,1
кавычках,1
крючках,1
неслыханных,1
титулярным,1
коллежским,1
асессором,1
разверзалась,1
диплом,1
служаки,1
чада,1
предлогам,1
законности,1
придать,1
отдыхает,1
убеждением,1
совпадать,1
неодолимая,1
преграда,1
ученью,1
достанется,1
проворчат,1
провалишься,1
пегашке,1
савишна,1
кузовковы,1
страстной,1
фоминой,1
отгуляется,1
оборвется,1
потолстеет,1
худ,1
больницы,1
жирок,1
жиденький,1
бараний,1
рог,1
свернет,1
родители,1
предлоги,1
удерживать,1
сомнителен,1
завязнет,1
человеческая,1
повторяют,1
говорим,1
представали,1
умственными,1
цвели,1
боролись,1
трудной,1
дожив,1
умирали,1
застывая,1
объяснять,1
приготовлять,1
мудреному,1
нешуточному,1
томили,1
гложут,1
сокращают,1
преподана,1
родителями,1
дедушки,1
дедушка,1
прадедушки,1
заветом,1
блюсти,1
неприкосновенность,1
весты,1
дедах,1
отцах,1
отце,1
задумываться,1
текла,1
неизбежные,1
туманными,1
смущали,1
избавлялись,1
мягком,1
снующих,1
отдающих,1
вечному,1
нескончаемому,1
душевным,1
тревогам,1
принимали,1
круговорота,1
вечных,1
сгорало,1
душевного,1
помехи,1
утопала,1
клеймила,1
праотцев,1
преждевременными,1
морщинами,1
ударами,1
недугами,1
бездействия,1
нарушаемого,1
неприятными,1
случайностями,1
болезнями,1
убытками,1
ссорами,1
сносили,1
наложенное,1
зову,1
открываться,1
носящих,1
акта,1
кишела,1
исключительно,1
коренными,1
неизбежными,1
задавали,1
уму,1
бьющимся,1
ожидали,1
обряда,1
пира,1
окрестив,1
женив,1
похоронив,1
забывали,1
обычную,1
первою,1
точнее,1
малейших,1
упущений,1
справить,1
требуемые,1
задать,1
задавала,1
здоровенького,1
простуды,1
враждебных,1
кушало,1
поставят,1
закрадывается,1
жаворонка,1
испекут,1
отступятся,1
щекотливое,1
разыгрывавшиеся,1
родственников,1
пестрая,1
подразделений,1
заговенья,1
разговенья,1
шумных,1
родственных,1
поздравлений,1
отправлялось,1
представлялись,1
мины,1
обрядах,1
сватовство,1
здоровенькие,1
торжественную,1
справят,1
упущения,1
примету,1
малейшей,1
сумеют,1
розовых,1
увесистых,1
купидонов,1
водят,1
тамошние,1
толстенькие,1
беленькие,1
томительные,1
многотрудной,1
беседовавшим,1
марфы,1
схватить,1
похитителя,1
выдерживал,1
визгом,1
брызжут,1
когтях,1
заселилось,1
странными,1
засели,1
вред,1
волшебной,1
одевают,1
взрослыми,1
сохраняет,1
дюжего,1
кузнеца,1
тараса,1
трепещут,1
великана,1
вертеп,1
завыванье,1
трубе,1
крещенье,1
домового,1
копна,1
сена,1
разгуливала,1
задумаются,1
ведьма,1
прядет,1
шерстку,1
шкуре,1
полночь,1
подвига,1
храбреца,1
рассказом,1
пылом,1
живописно,1
рассказам,1
возвышался,1
непривычных,1
объятый,1
жался,1
заходила,1
мертвецах,1
поднимающихся,1
жертвах,1
липовая,1
томящихся,1
неволе,1
медведе,1
отрубленную,1
натуральную,1
детское,1
застывало,1
кипело,1
мучительный,1
болезненный,1
напрягались,1
струны,1
медведя,1
барана,1
бараном,1
дана,1
ведьмой,1
простиралось,1
обломовкой,1
первобытною,1
тишиною,1
исполнились,1
зерна,1
мозгу,1
рождением,1
младенческой,1
впечатлений,1
ходило,1
пристальным,1
немым,1
видело,1
угадывало,1
признавалось,1
плисовых,1
коричневой,1
суконной,1
куртке,1
сморкается,1
матушка,1
родитель,1
копен,1
скошено,1
сжато,1
упущение,1
накричит,1
беспорядках,1
привычек,1
атмосферы,1
обломовской,1
страхами,1
накинутся,1
усомниться,1
чудесное,1
встают,1
великанов,1
заведутся,1
сажают,1
балаган,1
безотчетной,1
страшного,1
оставшись,1
зловещей,1
зароненной,1
бледнеет,1
обаяние,1
тамошнего,1
золотухой,1
завязанными,1
бабушки,1
чужом,1
злодеев,1
пирожка,1
испечет,1
посадили,1
баловника,1
воплей,1
отвезли,1
пятистах,1
тайное,1
поздоровее,1
порумянее,1
простоте,1
береглась,1
покупные,1
огарки,1
бережно,1
считались,1
необходима,1
выдавались,1
соболезнованием,1
издержка,1
незначительна,1
значительная,1
сопровождалась,1
стонами,1
соглашались,1
неудобства,1
привыкали,1
неудобствами,1
кожаное,1
мочальное,1
веревочное,1
спинке,1
остальная,1
кривы,1
самонужнейшее,1
самоубийством,1
перекрестился,1
глухи,1
быстрого,1
усиленной,1
покупалась,1
отведать,1
предлагаемого,1
приезду,1
высморкается,1
тускло,1
сальная,1
допускалось,1
зимние,1
свечей,1
дневном,1
производился,1
приобретался,1
покупкою,1
скупы,1
радушием,1
заколют,1
изюминки,1
отказаться,1
побледнеют,1
самовольно,1
разврата,1
сорванец,1
погибший,1
общем,1
мнении,1
пустят,1
троекратного,1
потчеванья,1
однократное,1
потчеванье,1
заключает,1
мене,1
приводили,1
обрядов,1
употребление,1
нечаянный,1
завяжется,1
наплакались,1
заутрене,1
моложе,1
выстоять,1
перепутаешь,1
семика,1
дождалась,1
срамишься,1
прохора,1
никанора,1
гостила,1
домашним,1
случаям,1
ссылаясь,1
названия,1
побежденный,1
завалившись,1
онисимовны,1
шестидесяти,1
умрем,1
хлоповых,1
поспевают,1
женят,1
меньшие,1
подрастают,1
дочерей,1
выдавай,1
встрепенутся,1
погасит,1
замолчат,1
постукивают,1
положениях,1
сопят,1
посетители,1
собеседниками,1
умственные,1
взаимно,1
исчерпаны,1
изведаны,1
новостей,1
получается,1
тяжелых,1
стенные,1
футляре,1
порванная,1
обрадуются,1
нитка,1
пелагеи,1
игнатьевны,1
настасьи,1
ивановны,1
перекрестит,1
примолвив,1
следующий,1
команде,1
заразительная,1
иного,1
прошибет,1
удивятся,1
звуку,1
посидев,1
присядет,1
празднику,1
уселась,1
галереей,1
донцем,1
мочками,1
ужаснулись,1
представив,1
прохаживаться,1
ахнули,1
упрекать,1
третьему,1
диву,1
пожалели,1
наседке,1
настрого,1
запретив,1
подводить,1
андрюшке,1
петрушке,1
ваське,1
обрушившиеся,1
перила,1
оттащить,1
сараям,1
озаботится,1
поправке,1
призовет,1
совещаться,1
сломать,1
отстали,1
антипа,1
аксинье,1
наседку,1
однообразною,1
пиров,1
сосредоточивался,1
пафос,1
рождение,1
пиры,1
изменят,1
декорации,1
становятся,1
юношами,1
женихами,1
производят,1
программе,1
беспрерывной,1
тканью,1
погребла,1
обрываясь,1
навязывались,1
стоическою,1
покрутившись,1
мчались,1
прилетят,1
гладкой,1
местечка,1
приютиться,1
потрепещут,1
твердого,1
камня,1
летят,1
рухнут,1
призван,1
окончательное,1
пойманным,1
отделан,1
козы,1
съели,1
смородинные,1
обдирать,1
десятую,1
липу,1
яблонь,1
врыть,1
окопать,1
канавкой,1
коровам,1
козе,1
вздули,1
лошадью,1
снится,1
ясеневыми,1
старинными,1
покрытыми,1
неуклюжим,1
диваном,1
обитым,1
полинялым,1
голубым,1
барканом,1
креслом,1
наступает,1
спицей,1
ушиба,1
свалился,1
обломками,1
хозяевам,1
уцелевшей,1
федот,1
расставил,1
бревна,1
колонны,1
предводителя,1
исправить,1
ступеньки,1
пролезают,1
подвал,1
колыбель,1
поправки,1
избаловались,1
беде,1
повалило,1
неудобстве,1
обеспокоятся,1
погорячатся,1
рассердятся,1
запускать,1
огородить,1
портила,1
гуляя,1
охая,1
садовнику,1
жерди,1
распорядительности,1
простоял,1
нарезался,1
штофа,1
ежедневная,1
оптический,1
гвоздь,1
сорванным,1
цветком,1
допивая,1
чаши,1
капельки,1
постоянною,1
задачею,1
решения,1
трудность,1
кривизну,1
торопливыми,1
нить,1
шнурка,1
завертываться,1
александрович,1
двуличного,1
спутника,1
дружеским,1
вражеским,1
уснешь,1
сладкий,1
область,1
грот,1
solitude,1
hermitage,1
repos,1
мечте,1
загадочному,1
вешал,1
переносил,1
скорбь,1
равновесия,1
мускулов,1
нервов,1
кровная,1
мускул,1
признака,1
округлости,1
смугловатый,1
румянца,1
зеленоватые,1
выразительные,1
действовал,1
мимики,1
отправлениях,1
тонкими,1
длилась,1
параллельно,1
перекрещиваясь,1
перевиваясь,1
запутываясь,1
неразрешаемые,1
узлы,1
бюджету,1
ежеминутным,1
дремлющим,1
контролем,1
издержанного,1
печалями,1
погодой,1
подвергалось,1
красок,1
выбирают,1
сетке,1
недоверия,1
оскопления,1
рвануться,1
ослеплялся,1
унижал,1
идолов,1
сохранил,1
крепость,1
незастенчивые,1
цену,1
редким,1
свойствам,1
скупо,1
удержанность,1
клеймили,1
укором,1
оправдывали,1
размаха,1
разбивал,1
оправдывают,1
эгоизме,1
бережете,1
восхищался,1
бурными,1
проявлениями,1
понимании,1
отправлении,1
оспаривали,1
коснел,1
умничанья,1
жесткости,1
сухую,1
terra,1
органа,1
зрения,1
факт,1
дилетантизма,1
порыскать,1
чудесного,1
подонкихотствовать,1
обнаруживая,1
фата,1
появления,1
закона,1
оступаясь,1
отравлений,1
incognita,1
песчаную,1
заблаговременно,1
различить,1
нарумяненную,1
бледной,1
сетовал,1
прикрытого,1
оступался,1
обливалось,1
коньке,1
проскакать,1
отделяющей,1
сентиментальности,1
заскакать,1
составлен,1
приспособить,1
впадал,1
трепать,1
благословляет,1
проложил,1
продолжил,1
линейке,1
внука,1
будуар,1
княжеском,1
замке,1
обратят,1
узенькую,1
деду,1
педант,1
настаивать,1
начертать,1
университета,1
отсылал,1
противоречить,1
губернского,1
получи,1
калинникова,1
продай,1
четыреста,1
доехать,1
рассчитывай,1
лампада,1
образован,1
карьеры,1
сочинять,1
изберешь,1
австрии,1
пространствовал,1
котомку,1
элементом,1
завивала,1
точил,1
станке,1
табакерки,1
напивался,1
горничных,1
собачонок,1
наполняло,1
гамом,1
стуком,1
кликами,1
широким,1
раздольем,1
бурша,1
талеров,1
филистера,1
агроном,1
технолог,1
фермера,1
практические,1
агрономии,1
саксонских,1
фабриках,1
изучил,1
технологию,1
преподаванию,1
мудрецов,1
возвратился,1
охоты,1
зайди,1
агента,1
рейнгольду,1
ретивое,1
одобрением,1
подпруга,1
подтянуть,1
доеду,1
шамшевки,1
поправлю,1
засветло,1
нагнувшись,1
пришпорить,1
коня,1
плач,1
светик,1
концом,1
головного,1
сиротка,1
родимой,1
матушки,1
перекрещу,1
соскочил,1
крестила,1
бокам,1
вдогонку,1
дворняжки,1
ровесник,1
нажил,1
отправляющей,1
товары,1
бельгию,1
заговорило,1
взвыл,1
выбросил,1
настоянию,1
научит,1
похвалить,1
обойдусь,1
трепанье,1
вспрыгнул,1
привязаны,1
сумки,1
толстые,1
подбитые,1
гвоздями,1
верхлевского,1
полотна,1
купленные,1
изящный,1
купала,1
мохнатое,1
дюжина,1
заказанные,1
москве,1
наставлений,1
пронзали,1
пожали,1
крупным,1
щенок,1
слезинки,1
надседаются,1
каркают,1
накаркают,1
упрямстве,1
спорах,1
подгулял,1
дюжины,1
лежащего,1
задеть,1
нитяный,1
смутясь,1
наказанье,1
поверишь,1
спорит,1
грубиянит,1
сообщу,1
встряхну,1
почищу,1
охотливо,1
потускнели,1
внеси,1
пообедаем,1
брит,1
чесать,1
обреешься,1
завезу,1
незнакомым,1
экзекутор,1
убивать,1
болваном,1
отзываешься,1
голландских,1
рубашках,1
уютно,1
глубокие,1
плющами,1
утомит,1
гимнастика,1
душевная,1
карточку,1
прежним,1
докладывал,1
апельсинов,1
отдавали,1
пускаешь,1
животное,1
трактир,1
фраком,1
уняли,1
почтовой,1
иванычу,1
клочка,1
визитную,1
карточек,1
телесная,1
собираешься,1
лежавшую,1
заплесневела,1
мелка,1
портит,1
теста,1
свернулся,1
оправдываюсь,1
вызывает,1
рвется,1
спохватившись,1
сбрось,1
отлетит,1
кактусами,1
сходит,1
конторы,1
семейные,1
щелчки,1
оглядывание,1
послушаешь,1
закружится,1
одуреешь,1
проигрался,1
разменялся,1
занимать,1
посылаешь,1
отбить,1
интересов,1
вращается,1
задевающего,1
члены,1
водит,1
снуют,1
налюбуешься,1
симметрически,1
рассажены,1
картами,1
пример,1
ищущего,1
виноватее,1
заражая,1
тройками,1
валетами,1
поновее,1
разъезжая,1
танцуя,1
пересуды,1
перебиванья,1
понравилось,1
нечищенным,1
сидишь,1
немудрый,1
поменяться,1
идеей,1
хитрый,1
уязвит,1
курю,1
съешь,1
обритый,1
причесанный,1
меланхолически,1
застегивая,1
колене,1
сапогом,1
зудят,1
блюдом,1
застегивание,1
золотопромышленника,1
последнему,1
уединения,1
поздней,1
промелькнула,1
протестовал,1
увлекаем,1
сопутствовал,1
восстал,1
суеты,1
снимаешь,1
ящикам,1
протер,1
пуританский,1
немецкого,1
вооружиться,1
скакнет,1
измерит,1
сложиться,1
характеру,1
смешанные,1
сложился,1
деятели,1
издавна,1
отливались,1
стереотипных,1
форм,1
прикладывали,1
машине,1
двигали,1
обычной,1
ставя,1
предшественником,1
очнулись,1
штольцев,1
русскими,1
именами,1
вопиющим,1
протестом,1
решенный,1
противоположные,1
поводом,1
препятствуют,1
связывало,1
непроходимая,1
отверзалась,1
возникала,1
утомленного,1
фанатизм,1
возраста,1
скачков,1
сосуд,1
пролив,1
медленное,1
горение,1
бурных,1
пылала,1
достичь,1
избранной,1
пожирали,1
угрызения,1
болел,1
задачи,1
сложных,1
трудных,1
обстоятельствах,1
бывшим,1
вторично,1
ключница,1
висящих,1
поясе,1
ключей,1
достижении,1
настойчивостью,1
неважны,1
отказывался,1
расточаемые,1
физическом,1
съезжай,1
нравственном,1
гладила,1
смирному,1
ученику,1
забияки,1
ущипнет,1
исподтишка,1
обсыплет,1
смирен,1
разорился,1
слога,1
паспорты,1
смирные,1
домоседы,1
шататься,1
предположено,1
шоссе,1
учреждают,1
повадятся,1
купцы,1
тянутся,1
развратятся,1
кофеи,1
бархатные,1
штаны,1
гармоники,1
смазные,1
грамотность,1
вредна,1
мужику,1
рукою,1
обычаи,1
дыши,1
успокоительное,1
отверзалось,1
откликалось,1
нехитрого,1
доверчивого,1
зол,1
прочной,1
отрываясь,1
светской,1
бала,1
широком,1
беседе,1
встревоженную,1
усталую,1
зал,1
устроены,1
скромный,1
красот,1
поживаешь,1
одолели,1
правого,1
наспал,1
мучит,1
ступайте,1
наговорил,1
египте,1
америке,1
толковый,1
спятил,1
ernestine,1
боявшиеся,1
кланявшиеся,1
промычал,1
жиды,1
толкучего,1
забрались,1
толкучем,1
торговала,1
крадеными,1
изношенными,1
платьями,1
генералы,1
графы,1
графа,1
посадит,1
настоится,1
раздор,1
выдумывают,1
объяснил,1
хересу,1
улыбаются,1
окинув,1
односторонним,1
войдем,1
дворню,1
полпивной,1
окинул,1
отпер,1
пробрался,1
замочной,1
скважине,1
раздавалось,1
прежних,1
почерпнутые,1
клеветы,1
подмышки,1
некормленая,1
кляча,1
выезжаете,1
бурой,1
кобыле,1
редьку,1
армячишка,1
сосчитаешь,1
армяк,1
кучере,1
дыр,1
выдернул,1
торчавший,1
вытаскивая,1
удивительною,1
оттрепал,1
оттреплет,1
небесном,1
добре,1
можедом,1
придумать,1
витое,1
скопившейся,1
задевши,1
расшевелили,1
честолюбие,1
облить,1
родню,1
каменщик,1
возвышая,1
исправлять,1
выглядывал,1
природная,1
университетской,1
аудитории,1
играх,1
деревенскими,1
отцами,1
московских,1
базарах,1
наследовал,1
управляющим,1
воспитывался,1
географической,1
картой,1
гердера,1
виланда,1
библейские,1
стихи,1
подводил,1
счетам,1
фабричных,1
священную,1
басни,1
крылова,1
оторвавшись,1
указки,1
разорять,1
птичьи,1
гнезда,1
молитвой,1
православную,1
исповедовал,1
происходившую,1
поглядите,1
паралич,1
проворчал,1
храпенья,1
свист,1
храпеть,1
гневаться,1
минутку,1
дрыхнуть,1
вставай,1
заревел,1
приподнимая,1
померещилось,1
головушка,1
испуганным,1
покатываться,1
отменяю,1
проснусь,1
вздумается,1
дрыхни,1
настоит,1
выучу,1
почивать,1
зевоты,1
спины,1
звонким,1
оглянулись,1
бросаясь,1
осклабясь,1
увидать,1
дворнику,1
говорившие,1
характерный,1
нюханье,1
чиханье,1
плеванье,1
прибьет,1
презрительно,1
обратившись,1
опозорить,1
зажмурив,1
чистишь,1
съедаешь,1
напустился,1
кусочек,1
собаке,1
думай,1
повесить,1
сварить,1
смоле,1
щипцами,1
калеными,1
вколотить,1
обварил,1
кипятком,1
заорал,1
отскочи,1
повадки,1
смекнул,1
перебившего,1
доселева,1
зажила,1
всеобщее,1
табаком,1
круглую,1
монастырь,1
односторонний,1
годен,1
недалечко,1
унесет,1
ненаглядным,1
выйдут,1
заперто,1
караулить,1
надарит,1
разрядится,1
пава,1
согрешишь,1
убогая,1
богомолье,1
скрипом,1
засмеялись,1
портнихе,1
дуняшей,1
стягивать,1
обломаешь,1
вечерком,1
откликнулась,1
чугунный,1
столбик,1
проходящих,1
проезжающих,1
жиру,1
переносить,1
мазью,1
всяку,1
ругательства,1
безделицу,1
прибившему,1
казачка,1
радовавшемуся,1
сочувствовал,1
перебивал,1
повеселиться,1
угадает,1
андрюшку,1
выругает,1
ухватил,1
трофимыча,1
тыква,1
поражен,1
выходкой,1
беседу,1
хрипеть,1
ухватить,1
выгладит,1
сосульках,1
кучерам,1
гладьте,1
тороват,1
мазурика,1
запрячь,1
язвительно,1
выкопал,1
цирюльник,1
защитник,1
системы,1
лакею,1
сочувствуя,1
хохотала,1
нараспашку,1
выругать,1
договаривать,1
поворачивается,1
вцепится,1
злостью,1
непрошеные,1
генеральский,1
вихор,1
попадешься,1
направлю,1
скалить,1
подъезда,1
ливрейном,1
аксельбантами,1
зубоскалить,1
штиблетах,1
оплеуху,1
моисеич,1
бегаю,1
нагнул,1
методически,1
звонил,1
нравоучения,1
ругают,1
щенка,1
встряхнул,1
встрепанный,1
торжество,1
галчат,1
послеобеденный,1
какуюнибудь,1
имен,1
репетитором,1
мастеровому,1
расписываться,1
утешься,1
будничной,1
бюргерскими,1
коровьими,1
рогами,1
ворочающими,1
фабрикам,1
намазанных,1
салом,1
пружин,1
запертой,1
забирается,1
шаловливый,1
жесткими,1
томные,1
изнеженные,1
жилками,1
трепещущих,1
манжетах,1
эфес,1
шпаги,1
протекших,1
поколений,1
парче,1
бархате,1
славных,1
атрибуты,1
грубые,1
возненавидела,1
изящные,1
дворянки,1
беленького,1
сложенного,1
нагляделась,1
границею,1
мельнице,1
фабрик,1
сале,1
навозе,1
загрубевшими,1
волчьим,1
стричь,1
завивать,1
манишки,1
фабричными,1
заказывала,1
курточки,1
блестящем,1
призвании,1
воина,1
писателя,1
выпадает,1
перспектива,1
сокрушаться,1
щелканья,1
разбиранья,1
замасленных,1
расписок,1
битв,1
повесть,1
врывается,1
старине,1
типы,1
разнородной,1
маскарада,1
пьер,1
преподал,1
зорю,1
кавалерии,1
пехоте,1
шпоры,1
гусарские,1
драгунские,1
мастей,1
опозориться,1
андрюшей,1
позицию,1
выделывать,1
удивительные,1
штуки,1
драка,1
деревенской,1
мускулистых,1
английскому,1
способу,1
князей,1
княжны,1
одиннадцати,1
высокенькие,1
нарядно,1
одетые,1
глазками,1
зелененькими,1
детскими,1
пергаментным,1
рассказывал,1
поплевывая,1
брюквой,1
рынком,1
огородом,1
народом,1
кипел,1
праздниками,1
балами,1
длинных,1
галереях,1
приезжали,1
выцветшим,1
плешивым,1
княгини,1
табакеркой,1
тростью,1
яхонтовым,1
набалдашником,1
сапогах,1
величественная,1
объемом,1
нисходила,1
выезжала,1
угольной,1
зеленой,1
старушками,1
крытой,1
выскочки,1
мерещился,1
сыне,1
оркестре,1
переводом,1
глав,1
французской,1
показывайся,1
подрос,1
сажал,1
рессорную,1
вожжи,1
фабрику,1
купцам,1
лизнет,1
объяснит,1
отправятся,1
добывают,1
поташ,1
деготь,1
топят,1
тележке,1
сумкой,1
поручениями,1
переиначил,1
недоглядел,1
промах,1
recht,1
gut,1
mein,1
lieber,1
junge,1
выслушав,1
сшиб,1
воротник,1
засыпала,1
выпачканного,1
размахиваются,1
вторгается,1
разорванным,1
платьем,1
разбитым,1
положительное,1
запрещение,1
возле,1
обмоет,1
переменит,1
чистеньким,1
благовоспитанным,1
притащит,1
растрепанного,1
дроби,1
неузнаваемого,1
привезут,1
рыбаками,1
заснувши,1
неводу,1
богданыч,1
синего,1
герцом,1
приведут,1
рассмешит,1
земскую,1
преспокойно,1
кроватью,1
трепля,1
ладонью,1
отмывает,1
мещанской,1
будничными,1
способных,1
черную,1
труженическое,1
добывание,1
скучную,1
правильность,1
педантическое,1
отправление,1
бюргеров,1
угловатыми,1
манерами,1
грубыми,1
наряди,1
офицеров,1
тонкую,1
обуется,1
желтые,1
скроен,1
сапожной,1
манжет,1
торчат,1
красноватые,1
изящного,1
булочник,1
буфетчик,1
шило,1
смычок,1
солдатскими,1
прямых,1
копоть,1
нации,1
трудовое,1
практическое,1
бюргером,1
нацию,1
патентованных,1
самостоятельности,1
кичливости,1
масса,1
тысячелетием,1
выработанные,1
бюргерские,1
рога,1
умея,1
джентльмена,1
поплевывающих,1
немецком,1
снисхождения,1
подчиниться,1
уставу,1
невежи,1
напирают,1
заберут,1
пробить,1
гувернанткой,1
проехала,1
германию,1
курящих,1
трубки,1
отечественные,1
